COLLISION_DATE,COLLISION_TIME,DAY_OF_WEEK,PRIMARY_RD,SECONDARY_RD,INTERSECTION,WEATHER_1,COLLISION_SEVERITY,NUMBER_KILLED,NUMBER_INJURED,PARTY_COUNT,PRIMARY_COLL_FACTOR,PCF_CODE_OF_VIOL,PCF_VIOL_CATEGORY,HIT_AND_RUN,TYPE_OF_COLLISION,MVIW,ROAD_SURFACE,ROAD_COND_1,LIGHTING,CONTROL_DEVICE,ALCOHOL_INVOLVED,LATITUDE,LONGITUDE
20010207,2350,3,RT 22,STUDEBAKER RD,N,A,0,0,0,2,A,C,3,M,C,C,A,H,D,D,N,33.860074,-118.184923
20010208,130,4,ORANGE,7,Y,A,0,0,0,2,D,-,0,N,C,C,A,H,C,A,N,33.775366,-118.176353
20010208,725,4,LONG BCH,RT 91 EBOFF/R,Y,A,4,0,1,2,A,C,10,N,G,B,A,H,A,A,N,33.775366,-118.176353
20010208,730,4,RT 710,RT 110 EBTRN,N,A,0,0,0,2,A,C,8,N,B,C,A,H,A,D,N,33.765823,-118.160617
20010208,811,4,SPRING,NIPOMO AV,Y,A,4,0,5,2,A,C,9,N,D,C,A,H,A,D,N,33.77005,-118.193739
20010208,814,4,7,CHERRY AV,N,A,0,0,0,3,A,C,3,N,C,C,A,H,A,A,N,33.764567,-118.168429
20010208,1000,4,MARINER WY,WHEEL HOUSE CT,N,A,0,0,0,1,D,-,0,N,E,I,A,H,A,D,N,33.758097,-118.094355
20010208,1230,4,LONG BCH BL,CARSON,Y,A,0,0,0,2,A,C,3,N,C,C,A,H,A,A,N,33.758097,-118.094355
20010208,1318,4,XIEMNO AV,11,Y,A,0,0,0,2,A,C,9,N,D,C,A,H,A,A,N,33.77005,-118.193739
20010208,1340,4,RT 710,WILLOW,N,A,0,0,0,3,A,C,3,N,C,C,A,H,A,D,N,33.77005,-118.193739
20010208,1425,4,WARDLOW RD,WOODRUFF AV,N,A,0,0,0,2,-,-,0,N,C,C,A,H,A,D,N,33.818859,-118.116517
20010208,1430,4,RT 710 SBOFF/R,WILLOW,N,A,0,0,0,2,A,C,3,N,C,C,A,H,A,D,N,33.77005,-118.193739
20010208,1450,4,CHERRY AV,MARSHALL PL,N,A,0,0,0,2,-,-,0,N,C,C,A,H,A,A,N,33.831485,-118.167514
20010208,1500,4,SANTA FE AV,29,N,A,4,0,2,3,A,C,4,F,C,C,A,H,A,A,N,,
20010208,1525,4,BELLFLOWER BL,LOS ALTOS GTWY,N,A,0,0,0,2,A,C,3,N,C,C,A,H,A,D,N,33.810397,-118.215509
20010208,1530,4,CARSON,PARAMOUNT BL,N,A,0,0,0,2,A,C,3,N,C,C,A,H,A,D,N,33.83234,-118.160014
20010208,1540,4,RT 710,LBB,N,A,0,0,0,2,A,C,3,N,C,C,A,H,A,D,N,33.77005,-118.193739
20010208,1644,4,CHERRY AV,WARDLOW RD,Y,A,0,0,0,1,A,C,8,N,E,I,A,H,A,A,N,33.77005,-118.193739
20010208,1645,4,7,MLK,Y,A,4,0,1,2,A,C,12,F,G,B,A,H,A,A,N,33.77535,-118.180686
20010208,1656,4,COWLES,SEABRIGHT AV,N,A,0,0,0,2,-,-,0,N,H,E,A,G,A,D,N,33.784654,-118.217656
20010208,1706,4,SAN ANTONIO DR,CALIFORNIA AV,Y,A,4,0,1,2,A,C,12,N,D,C,A,H,A,A,N,33.784654,-118.217656
20010208,1711,4,REDONDO AV,ANAHEIM,Y,A,0,0,0,2,A,C,12,N,A,C,A,H,B,A,N,33.782602,-118.152411
20010208,1713,4,GAVIOTA AV,10,Y,A,0,0,0,2,A,C,9,M,D,C,A,H,A,D,N,33.782602,-118.152411
20010208,1738,4,RT 405,CALIFORNIA AV,N,A,0,0,0,3,A,C,3,N,C,C,A,H,C,D,N,34.168501,-118.605754
20010208,1750,4,PACIFC CST HWY,WALNUT AV,Y,A,0,0,0,2,A,C,9,N,D,C,A,H,B,A,N,33.765463,-118.171987
20010208,2140,4,ALAMITOS AV,10,Y,A,0,0,0,2,A,C,12,M,D,C,A,H,C,A,N,33.767057,-118.182717
20010208,2300,4,BROADWAY,MOLINO,Y,A,4,0,2,2,A,C,9,N,D,C,A,H,C,D,N,33.765823,-118.160617
20010209,10,5,LOS COYOTES DIAG,PALO VERDE,Y,A,4,0,1,2,A,C,9,N,A,C,A,H,C,A,N,33.820462,-118.107814
20010209,842,5,WOODRUFF,WILLOW,Y,A,4,0,1,3,A,C,3,N,C,C,A,H,A,A,N,33.803312,-118.114536
20010209,850,5,RT 710,PACIFIC RR TRACKS,N,B,0,0,0,2,A,C,3,N,C,C,A,H,A,D,N,33.787129,-118.193739
20010209,950,5,CHERRY AV,MARSHALL PL,N,A,0,0,0,2,A,C,9,N,D,C,A,H,A,A,N,33.831485,-118.167514
20010209,1130,5,RT 710,RT 91,N,B,3,0,1,1,A,C,8,N,E,I,A,H,A,D,N,33.77005,-118.193739
20010209,1355,5,OLIVE AV,ANAHEIM,N,A,0,0,0,2,A,C,8,M,B,C,-,A,A,A,N,33.782607,-118.182865
20010209,1454,5,CHERRY AV,15,N,A,4,0,1,3,A,C,3,N,C,C,A,H,A,D,N,33.782607,-118.182865
20010209,1500,5,WILLOW,LAKEWOOD BL,Y,B,0,0,0,3,A,C,12,N,D,C,A,H,A,A,N,33.803251,-118.142788
20010209,1642,5,SPRING,ATLANTIC AV,Y,A,0,0,0,1,-,-,0,N,E,I,A,H,A,A,N,33.803251,-118.142788
20010209,1650,5,RT 405,REDONDO AV,N,A,0,0,0,2,A,C,3,N,C,C,A,H,A,D,N,33.78576,-118.152415
20010209,1815,5,SOUTH,LOCU,Y,A,0,0,0,2,A,C,9,N,D,C,A,H,C,D,N,33.860048,-118.18986
20010209,2125,5,LOCUST AV,16,N,B,3,0,4,3,-,-,0,F,H,E,A,H,C,A,N,33.860048,-118.18986
20010210,212,6,OHIO AV,6,N,B,0,0,0,2,A,C,7,M,B,C,A,H,C,D,N,33.810596,-118.12536
20010210,220,6,RT 405 SBOFF/R,LAKEWOOD BL,N,A,0,0,0,1,A,C,3,N,E,I,A,H,C,D,N,33.758149,-118.142426
20010210,400,6,RT 405 NBTRN,RT 710,N,B,0,0,0,1,A,C,3,M,E,I,B,H,D,D,N,33.77005,-118.193739
20010210,413,6,CHERRY AV,4,N,C,0,0,0,1,A,C,3,M,E,I,B,H,C,A,N,40.584116,-73.700362
20010210,443,6,RT 405 NBTRN,RT 710,N,B,0,0,0,1,A,C,3,N,E,I,B,H,D,D,N,33.77005,-118.193739
20010210,446,6,RT 710 NBTRN,RT 405 NBTRN,N,C,0,0,0,3,A,C,3,N,C,C,B,H,D,D,N,33.77005,-118.193739
20010210,450,6,RT 710 NBON/R,RT 405,N,C,0,0,0,2,A,C,3,N,C,C,B,H,C,D,N,33.77005,-118.193739
20010210,620,6,WILLOW,FASHION AV,Y,C,2,0,4,2,A,C,9,N,D,C,B,H,C,D,N,33.804427,-118.20892
20010210,710,6,RT 405,BELLFLOWER BL,N,B,3,0,1,1,E,-,24,N,E,I,B,H,A,D,N,33.769086,-118.120973
20010210,717,6,RT 405,RT 710,N,C,0,0,0,3,A,C,3,N,D,C,B,H,A,D,N,46.462508,-95.646979
20010210,725,6,RT 405,RT 710,N,B,3,0,1,1,A,C,3,N,E,I,B,H,A,D,N,46.462508,-95.646979
20010210,735,6,RT 60 WBTRN,BOYLE AV,N,B,0,0,0,1,A,C,3,N,E,I,B,F,A,D,N,33.876245,-118.162684
20010210,755,6,RT 91,PARAMOUNT BL,N,C,0,0,0,2,A,C,3,N,B,C,B,H,A,D,N,33.876245,-118.162684
20010210,820,6,RT 710,DEL AMO BL,N,C,0,0,0,2,A,C,3,N,E,J,B,H,A,D,N,33.847073,-118.13081
20010210,830,6,RT 710,DEL AMO BL,N,B,0,0,0,1,A,C,8,N,E,I,B,H,A,D,N,33.847073,-118.13081
20010210,915,6,RT 710,DEL AMO BL,N,B,0,0,0,4,A,C,3,N,B,C,B,H,A,D,N,33.847073,-118.13081
20010210,932,6,LAKEWOOD BL,RT 405  BOFF/R,N,B,0,0,0,1,A,C,3,N,F,A,B,H,A,D,N,33.804427,-118.20892
20010210,937,6,7,ATLANTIC BL,Y,C,0,0,0,2,A,C,8,N,D,C,B,H,A,D,N,33.775355,-118.185042
20010210,940,6,LAKEWOOD BL,OUTER TRAFFIC CIR,N,B,0,0,0,1,-,-,0,N,E,I,B,H,A,A,N,33.791542,-118.142661
20010210,1208,6,BENNETT AV,7,N,B,0,0,0,1,A,C,8,M,E,I,A,H,A,D,N,33.758803,-118.144087
20010210,1300,6,OCEAN BL,MOLINO,N,A,3,0,1,2,A,C,7,N,H,G,A,H,A,D,N,33.762827,-118.161445
20010210,1355,6,RT 710 SBOFF/R,WILLOW,N,B,0,0,0,2,A,C,3,N,C,C,A,H,A,A,N,33.77005,-118.193739
20010210,1407,6,WARDLOW RD,EL DORADO DR,Y,B,4,0,1,2,D,-,0,N,D,C,A,H,A,A,N,,
20010210,1514,6,2,LAVERNE,Y,A,0,0,0,2,A,C,3,N,C,C,A,H,A,D,N,33.759545,-118.133314
20010210,1730,6,PINE AV,HILL,N,B,0,0,0,3,A,C,8,M,C,E,A,H,A,D,N,33.759545,-118.133314
20010210,2050,6,PACIFC CST HWY,MLK BL,Y,B,0,0,0,2,A,C,7,M,B,D,A,D,C,A,Y,33.789856,-118.180653
20010210,2233,6,BELLFLOWER BL,SPRING,Y,B,3,0,1,2,A,C,12,N,D,C,B,H,C,A,Y,33.789856,-118.180653
20010210,2320,6,E 2,PACIFC CST HWY,Y,A,4,0,1,2,-,-,0,N,H,C,A,H,D,A,N,33.797114,-118.192566
20010211,5,7,RT 405,SANTA FE AV,N,B,4,0,1,2,A,C,21,N,C,C,A,H,C,D,N,33.807295,-118.215507
20010211,36,7,CHERRY AV,CARSON BL,Y,A,0,0,0,1,A,C,3,N,E,I,B,H,C,D,N,33.83243,-118.167628
20010211,142,7,PACIFC CST HWY,NEWPORT AV,Y,A,3,0,1,2,A,C,7,F,B,C,A,H,C,A,N,33.83243,-118.167628
20010211,300,7,MAGNOLIA AV,COWLES,N,A,0,0,0,2,A,C,7,N,C,E,A,H,C,D,N,33.784867,-118.198096
20010211,840,7,RT 91,CHERRY AV,N,B,4,0,1,2,A,C,7,N,B,C,A,H,A,D,N,33.876334,-118.167205
20010211,936,7,10,ST LOUIS AV,Y,B,3,0,2,2,-,-,0,F,D,C,A,H,A,A,N,33.784867,-118.198096
20010211,1200,7,SPRING,CLARK AV,Y,A,0,0,0,2,A,C,12,N,D,C,A,H,A,A,N,33.778972,-118.166572
20010211,1310,7,SPAULDING WY,ST LOUIS,N,A,0,0,0,1,A,C,21,M,E,I,A,H,A,D,N,33.785668,-118.166568
20010211,1330,7,E 71,71900,N,A,0,0,0,2,A,C,1,M,A,E,A,H,A,D,Y,33.77005,-74.201658
20010211,1338,7,7,SANTIAGO AV,Y,B,0,0,0,2,A,C,12,N,D,C,A,H,A,A,N,33.775336,-118.128515
20010211,1356,7,MARKET,WALNUT AV,N,B,3,0,1,2,A,C,9,N,D,C,B,H,A,D,N,33.854365,-118.17346
20010211,1430,7,LONG BCH BL,ARTESIA BL,N,A,4,0,3,2,A,C,9,N,D,C,A,H,A,A,N,33.874332,-118.202702
20010211,1523,7,DAYMAN,PASADENA AV,N,B,4,0,1,2,A,C,5,N,H,G,A,H,A,D,N,,
20010211,1554,7,PACIFC CST HWY,PINE AV,N,B,4,0,2,2,A,C,1,N,D,C,A,H,A,A,Y,39.614948,-74.201658
20010211,1600,7,ANAHEIM,LONG BCH BL,N,A,0,0,0,2,A,C,8,N,B,C,A,H,A,A,N,33.790763,-118.187204
20010211,1653,7,PROSPECT,N DIVISION,N,A,0,0,0,2,A,C,9,N,B,C,A,H,A,D,N,33.76061,-118.141242
20010211,2110,7,RT 710,WILLOW AV,N,C,3,0,1,2,A,C,1,N,C,C,B,H,C,D,Y,,
20010211,2500,7,ORANGE,63,Y,B,4,0,3,2,A,C,9,N,D,C,B,H,A,D,N,33.86916,-118.177326
20010212,305,1,ST LOUIS,6,N,C,0,0,0,2,A,C,1,M,B,E,B,H,C,D,Y,33.876334,-118.167205
20010212,505,1,RT 405 SBOFF/R,LAKEWOOD BL,N,B,0,0,0,1,A,C,3,N,E,I,B,H,C,D,N,33.843075,-118.142426
20010212,526,1,SOUTH,OLIVE AV,N,C,0,0,0,3,A,C,8,N,C,E,B,H,B,D,N,33.77005,-118.193739
20010212,704,1,7,MARGO AV,Y,C,4,0,2,2,A,C,12,N,D,C,B,H,A,A,N,33.77506,-118.111726
20010212,725,1,RT 710,UNION PACIFIC RR,N,B,4,0,2,2,A,C,7,F,B,C,B,H,A,D,N,33.77005,-118.193739
20010212,800,1,RT 405,CHERRY AV,N,B,0,0,0,2,A,C,3,N,C,C,B,H,A,D,N,33.82317,-118.167726
20010212,845,1,RT 405 NBON/R,LAKEWOOD BL,N,C,4,0,2,1,A,C,3,N,E,I,B,H,A,D,N,33.82317,-118.167726
20010212,845,1,RT 91 EBOFF/R,LONG BCH BL,N,B,4,0,1,1,A,C,3,N,E,I,B,H,A,D,N,33.843075,-118.193739
20010212,900,1,PIER B,CARRACK AV,N,C,0,0,0,2,A,-,0,N,B,C,B,H,A,D,N,33.77506,-118.227418
20010212,1015,1,PARAMOUNT BL,SOUTH,Y,B,0,0,0,2,A,C,12,N,D,C,B,H,A,A,N,33.7797,-118.227418
20010212,1028,1,7,NEWPORT,N,B,4,0,2,2,-,-,0,N,D,C,B,H,A,D,N,33.775341,-118.151324
20010212,1105,1,WARDLOW RD,PACIFIC PL,N,B,0,0,0,3,A,C,21,N,C,C,B,H,A,A,N,33.775341,-118.195946
20010212,1215,1,E 3,ALAMITOS AV,Y,B,0,0,0,2,A,C,8,M,A,C,B,H,A,A,N,33.819044,-118.195946
20010212,1225,1,4,OBISPO,Y,C,0,0,0,2,A,C,8,N,D,C,B,H,A,D,N,33.771717,-118.154602
20010212,1334,1,ANAHEIM,ROSE AV,N,B,3,0,3,2,A,C,3,N,C,C,A,H,A,A,N,33.782602,-118.16983
20010212,1433,1,CLARK AV,ARBOR RD,N,B,0,0,0,2,A,C,4,N,C,C,B,H,A,D,N,33.782602,-118.16983
20010212,1511,1,RT 710,RT 91,N,C,0,0,0,2,A,C,3,N,B,C,B,H,A,D,N,33.77005,-118.193739
20010212,1520,1,RT 710,ATLANTIC AV,N,C,0,0,0,2,A,C,7,N,B,C,B,H,A,D,N,39.576654,-74.226897
20010212,1530,1,E 4,REDONDO AV,N,B,0,0,0,2,-,-,0,N,B,E,A,H,A,D,N,33.843048,-118.1338
20010212,1540,1,RT 91,SUSANNA RD UC,N,C,0,0,0,3,A,C,7,M,B,C,B,H,A,D,N,33.77005,-118.193739
20010212,1545,1,ALAMITOS AV,HELLMAN,N,A,0,0,0,2,-,-,0,N,B,C,A,H,A,D,N,33.777162,-118.179622
20010212,1710,1,RT 91 NBTRN,RT 710,N,C,0,0,0,2,D,-,0,N,B,C,B,H,A,D,N,33.77005,-118.193739
20010212,1719,1,PACIFC CST HWY,JUNIPERO,Y,B,0,0,0,2,A,C,8,M,D,C,B,H,A,A,N,33.789856,-118.163304
20010212,1755,1,SPRING,LAKEWOOD,N,C,4,0,1,2,A,C,3,N,D,C,B,H,B,D,N,33.812739,-118.139096
20010212,2030,1,RT 710,9,N,C,0,0,0,1,A,C,3,N,E,I,B,H,D,D,Y,33.774444,-118.205115
20010212,2315,1,RT 710,DEL AMO,N,C,4,0,1,1,A,C,3,N,E,I,B,H,D,D,Y,33.77005,-118.193739
20010213,755,2,RT 405,SANTA FE AV,N,B,0,0,0,2,A,C,3,N,C,C,B,H,A,D,N,33.807295,-118.215507
20010213,806,2,CHERRY AV,17,Y,B,3,0,2,2,-,-,0,N,D,C,B,H,A,D,N,33.77005,-118.193739
20010213,840,2,RT 405,TEMPLE AV,N,B,3,0,2,4,A,C,3,N,C,C,B,H,A,D,N,34.145957,-118.417898
20010213,856,2,DEL AMO,DAISY,Y,B,4,0,1,2,A,C,7,N,C,C,B,H,A,A,N,33.846577,-118.198653
20010213,900,2,RT 405,RT 710,N,B,0,0,0,2,A,C,16,N,H,C,B,H,A,D,N,46.462508,-95.646979
20010213,1034,2,ATHERTON,CLARK AV,Y,B,0,0,0,2,A,C,3,N,C,C,B,H,A,A,N,33.846577,-118.198653
20010213,1040,2,RT 405,WOODRUFF AV,N,B,0,0,0,3,A,C,3,N,C,C,B,H,A,D,N,33.813146,-118.115196
20010213,1100,2,CLARK AV,CARSON,N,B,0,0,0,2,A,C,3,N,E,I,B,H,A,D,N,33.832368,-118.133854
20010213,1300,2,6,MAGNOLIA,Y,B,4,0,1,2,A,C,4,F,C,C,B,H,A,A,N,33.832368,-118.198039
20010213,1458,2,REDONDO,7,N,A,0,0,0,2,A,C,21,N,C,C,A,H,A,D,N,33.775338,-118.152417
20010213,1500,2,RT 405 NBOFF/R,33,N,A,0,0,0,2,A,C,21,N,C,C,A,H,A,D,N,33.813146,-118.115196
20010213,1510,2,17,CERRITOS AV,N,A,0,0,0,2,A,C,9,N,D,C,A,H,A,A,N,33.766295,-118.179097
20010213,1535,2,SOUTH,CERRITOS AV,N,B,4,0,1,2,A,C,3,N,C,C,A,H,A,D,N,33.860119,-118.178207
20010213,1640,2,RT 710 NBOFF/R,PACIFC CST HWY,N,B,0,0,0,2,A,C,6,N,B,E,A,H,A,D,N,46.462508,-95.646979
20010213,1700,2,ATLANTIC AV,56,N,A,0,0,0,3,A,C,3,M,C,C,A,H,A,A,N,,
20010213,1809,2,LOCUST AV,ALY W LONG BCH BL,N,B,0,0,0,1,A,C,21,N,E,I,B,G,-,D,N,33.767421,-118.18503
20010213,1815,2,WILLOW,RT 710,N,B,0,0,0,2,A,C,3,N,C,C,A,H,B,D,N,38.459226,-76.472482
20010213,1844,2,STUDEBAKER RD,MEZZANINE WY,Y,B,4,0,1,2,A,C,9,N,H,G,A,H,C,A,N,33.804175,-118.200527
20010213,1920,2,JUNIPERO AV,BERMUDA,N,B,0,0,0,2,D,-,0,M,B,E,B,H,C,D,N,33.769899,-118.164938
20010213,1950,2,DAIRY AV,57,Y,C,0,0,0,3,A,C,12,M,D,C,B,H,C,D,N,33.769899,-118.164938
20010213,2013,2,RT 710,DEL AMO BL,N,B,0,0,0,1,A,C,3,N,E,I,B,H,C,D,N,33.77005,-118.193739
20010213,2016,2,RT 710,DEL AMO BL,N,B,4,0,1,2,A,C,3,N,A,C,B,H,D,D,N,33.847073,-118.13081
20010213,2020,2,RT 405,CALIFORNIA AV,N,B,4,0,1,4,A,C,8,N,C,C,B,H,C,D,N,34.168501,-118.605754
20010213,2036,2,LONG BCH BL,DELAMO,N,C,0,0,0,2,A,C,7,M,B,C,B,H,C,A,N,33.859189,-118.191964
20010213,2112,2,LAKEWOOD BL,HARVEY WY,Y,C,3,0,1,2,A,C,11,N,G,B,B,H,C,A,N,33.836152,-118.142452
20010213,2252,2,CHERRY AV,63,Y,C,4,0,4,2,A,C,9,N,A,C,B,H,C,A,N,33.836152,-118.16825
20010214,500,3,RT 405,ATHERTON,N,B,0,0,0,2,A,C,8,N,D,C,A,H,B,D,N,33.77005,-118.193739
20010214,730,3,LOS COYOTES,TERRAINE,Y,A,0,0,0,3,A,C,9,N,D,C,B,H,A,D,N,33.801396,-118.127635
20010214,736,3,CHERRY AV,SPRING,N,A,4,0,4,2,A,C,4,F,C,C,A,H,A,A,N,33.811671,-118.167533
20010214,800,3,RT 91,RT 710,N,A,0,0,0,2,A,C,6,N,B,C,A,H,A,D,Y,33.782594,-80.411644
20010214,809,3,PACIFC CST HWY,CHERRY AV,Y,A,4,0,1,2,A,C,21,N,C,C,A,H,A,A,N,33.789861,-118.167643
20010214,825,3,RT 405,WOODRUFF AV,N,A,4,0,1,2,A,C,8,N,C,C,A,H,A,D,N,33.813146,-118.115196
20010214,830,3,RT 710,WARDLOW RD,N,A,0,0,0,2,A,C,7,N,B,C,A,H,A,D,N,33.818749,-118.130842
20010214,831,3,FASHION AV,21,N,A,4,0,1,2,A,C,11,N,G,B,B,H,A,D,N,33.795293,-118.208938
20010214,847,3,HILL,MLK AV,Y,A,0,0,0,2,A,C,9,N,D,C,A,H,A,A,N,33.795293,-118.208938
20010214,940,3,FLORIDA,JUNIPERO,N,A,0,0,0,1,-,-,0,N,E,I,A,E,A,D,N,33.770806,-118.164651
20010214,1202,3,XIMENO AV,10,Y,A,4,0,1,2,-,-,0,N,G,B,A,H,A,A,N,33.770806,-118.164651
20010214,1215,3,ANAHEIM,PINE,Y,A,0,0,0,2,A,C,1,M,B,E,A,H,A,D,Y,33.782594,-118.192389
20010214,1345,3,RT 91,ARTESIA BL UC,N,A,0,0,0,2,A,C,7,M,B,C,A,H,A,D,N,33.818749,-118.130842
20010214,1400,3,WALNUT,4,N,A,0,0,0,2,A,C,8,M,D,C,A,H,A,D,N,33.771719,-118.172009
20010214,1614,3,ATLANTIC AV,BURLINGHALL,N,A,4,0,1,3,A,C,3,N,C,C,A,H,A,D,N,33.834309,-118.184945
20010214,1620,3,WOODRUFF,CARSON,Y,A,4,0,1,2,D,-,0,N,D,C,A,H,A,A,N,33.832203,-118.116545
20010214,1700,3,BELLFLOWER BL,WILLOW,N,A,0,0,0,2,A,C,7,N,B,C,A,H,A,A,N,33.803355,-118.125361
20010214,1723,3,WILLOW,DELTA,N,A,4,0,3,6,A,C,3,N,C,C,A,H,A,A,N,33.804424,-118.211099
20010214,1740,3,WILLOW,ADRIATIC AV,Y,A,0,0,0,3,A,C,9,N,D,C,A,H,A,D,N,33.804423,-118.214355
20010214,1830,3,RT 405,CHERRY AV,N,A,0,0,0,2,A,C,16,N,H,C,A,H,C,D,N,33.82317,-118.167726
20010214,1950,3,STUDEBAKER RD,7  BTRN,Y,A,0,0,0,2,A,C,4,M,C,C,A,H,C,A,N,33.77005,-118.193739
20010214,2005,3,PALO VERDE AV,WOODRUFF,Y,A,0,0,0,2,A,C,17,N,D,C,A,H,C,A,N,33.797642,-118.108025
20010214,2200,3,CHERRY AV,WARDLOW RD,N,A,0,0,0,1,A,C,8,N,E,I,A,H,C,D,N,33.81892,-118.167686
20010215,710,4,RT 710,CARSON,N,A,0,0,0,3,A,C,3,N,C,C,A,H,A,D,N,33.77005,-118.193739
20010215,720,4,15,DAISY AV,Y,A,0,0,0,1,A,C,21,M,E,I,A,H,A,D,N,33.782601,-118.199372
20010215,732,4,11,TEMPLE AV,Y,A,4,0,1,2,A,C,6,N,G,B,A,H,A,D,N,33.785843,-118.199372
20010215,735,4,OCEAN BL,CORONADO AV,N,A,0,0,0,2,A,C,4,N,C,C,A,H,A,D,N,33.763112,-118.159783
20010215,753,4,LONG BCH BL,37,N,A,0,0,0,2,-,-,0,N,E,I,A,H,A,D,N,33.761356,-118.154417
20010215,810,4,7,WALNUT,Y,A,4,0,1,2,-,-,0,N,D,C,A,H,A,A,N,33.775358,-118.172008
20010215,901,4,7,CHERRY AV,Y,A,4,0,3,2,A,C,12,N,D,C,A,H,A,A,N,33.764567,-118.168429
20010215,904,4,CLARK AV,CENTRALIA,N,A,3,0,2,4,A,C,3,N,C,C,A,H,A,A,N,33.839589,-118.133813
20010215,928,4,2,ARGONNE AV,N,A,0,0,0,3,A,C,7,N,C,E,A,H,A,D,N,33.761065,-118.136598
20010215,945,4,RT 710,DELAMO BL,N,A,0,0,0,3,A,C,3,N,C,C,A,H,A,D,N,33.77005,-118.193739
20010215,1109,4,PACIFC CST HWY,LOYNES DR,Y,A,0,0,0,2,A,C,9,N,D,C,-,H,A,A,N,,
20010215,1155,4,RT 91,RT 710,N,A,0,0,0,3,A,C,3,N,B,C,A,H,A,D,N,32.932282,-80.411644
20010215,1205,4,QUEENS HWY,HARBOR PLZ,Y,A,0,0,0,2,A,C,21,N,D,C,A,H,A,A,N,33.767271,-118.116958
20010215,1236,4,XIMENO AV,10,Y,A,0,0,0,2,A,C,12,N,D,C,A,H,A,A,N,33.758482,-118.143394
20010215,1413,4,BROADWAY,CORONADO AV,N,A,0,0,0,2,A,C,3,N,C,C,A,H,A,D,N,33.764441,-118.153543
20010215,1552,4,ORANGE AV,WESLEY,N,A,4,0,1,4,A,C,3,N,C,C,A,H,A,A,N,33.764441,-118.153543
20010215,1615,4,RT 710,PACIFC CST HWY,N,A,0,0,0,2,A,C,8,N,B,C,A,H,A,D,N,33.77005,-118.193739
20010215,1645,4,PACIFC CST HWY,MAGNOLIA AV,Y,A,3,0,1,2,A,C,9,F,A,C,A,H,A,A,N,33.789866,-118.198093
20010215,1719,4,STUDEBAKER RD,7 BON/R,N,A,0,0,0,3,A,C,3,N,C,C,A,H,A,D,N,33.789866,-118.198093
20010215,1959,4,ANAHEIM,MAGNOLIA,Y,A,0,0,0,2,A,C,12,M,D,C,A,H,C,A,Y,33.782601,-118.198034
20010215,2313,4,OCEAN,68 PL,N,A,0,0,0,3,A,C,7,N,C,C,A,H,C,D,N,33.746655,-118.119372
20010216,200,5,ESTHER,ATLANTIC,N,A,0,0,0,1,A,C,1,M,E,I,A,G,C,D,Y,33.788947,-118.185023
20010216,718,5,LAKEWOOD BL,TRAFFIC CIR,Y,A,4,0,1,2,A,C,9,N,D,C,A,H,A,D,N,33.791542,-118.142661
20010216,735,5,BELLFLOWER BL,7,N,A,3,0,1,2,D,-,0,N,H,G,A,H,A,D,N,33.775248,-118.121193
20010216,738,5,ATLANTIC AV,53,Y,A,0,0,0,2,A,C,9,M,D,C,A,H,A,-,N,33.775248,-118.121193
20010216,759,5,PINE AV,6,N,A,0,0,0,1,A,C,21,N,E,I,A,H,A,A,N,33.76744,-118.185067
20010216,820,5,RT 710,GREENLEAF BL,N,A,0,0,0,3,A,C,3,N,C,C,A,H,A,D,N,33.881375,-118.200583
20010216,830,5,ATLANTIC AV,HARDING,Y,A,0,0,0,2,A,C,9,M,D,C,A,H,A,A,Y,33.867323,-118.185201
20010216,1018,5,ANAHEIM,PACIFIC,N,A,3,0,1,3,A,C,12,N,G,B,A,H,A,A,N,,-118.193733
20010216,1030,5,RT 405 NBOFF/R,WILLOW,N,A,3,0,1,2,D,-,0,N,G,B,A,H,A,D,N,33.881375,-118.200583
20010216,1120,5,PACIFIC AV,7,Y,A,0,0,0,2,A,C,12,N,D,C,A,H,A,A,N,33.782594,-118.193733
20010216,1200,5,CARSON,NECTAR AV,Y,A,4,0,3,2,A,C,12,N,D,C,A,H,A,A,N,33.831302,-118.087846
20010216,1210,5,RT 605,LA/ORANGE CO LINE,N,A,3,0,1,2,A,C,3,N,C,C,A,H,A,D,N,33.77005,-118.193739
20010216,1300,5,LINDEN AV,17,N,A,0,0,0,2,A,C,17,N,H,E,A,H,A,D,N,33.831302,-118.087846
20010216,1425,5,CERRITOS,67,N,A,0,0,0,2,A,C,1,M,D,C,A,H,A,A,Y,33.876413,-118.178316
20010216,1443,5,SPRING,CLAREMORE AV,Y,A,3,0,2,3,A,C,9,N,D,C,A,H,A,A,N,33.766937,-118.078274
20010216,1450,5,RT 405,WALNUT AV,N,A,0,0,0,2,A,C,3,N,C,C,A,H,A,D,N,33.811666,-118.171975