COLLISION_DATE,COLLISION_TIME,DAY_OF_WEEK,PRIMARY_RD,SECONDARY_RD,INTERSECTION,WEATHER_1,COLLISION_SEVERITY,NUMBER_KILLED,NUMBER_INJURED,PARTY_COUNT,PRIMARY_COLL_FACTOR,PCF_CODE_OF_VIOL,PCF_VIOL_CATEGORY,HIT_AND_RUN,TYPE_OF_COLLISION,MVIW,ROAD_SURFACE,ROAD_COND_1,LIGHTING,CONTROL_DEVICE,ALCOHOL_INVOLVED,LATITUDE,LONGITUDE
20010404,726,3,7,BELLFLOWER,N,B,4,0,1,3,A,C,3,N,C,C,A,H,A,D,N,33.775248,-118.121193
20010404,729,3,DELTA AV,23,N,B,0,0,0,2,D,-,0,M,B,E,A,H,A,D,N,33.798936,-118.211093
20010404,740,3,RT 405 NBTRN,RT 710,N,A,0,0,0,2,A,C,3,N,C,C,A,H,A,D,N,33.77005,-118.193739
20010404,745,3,RT 405,REDONDO AV,N,B,0,0,0,2,A,C,3,N,C,C,A,H,A,D,N,33.78576,-118.152415
20010404,846,3,REDONDO AV,PACIFC CST HWY,N,A,0,0,0,2,A,C,7,M,B,C,A,H,A,D,N,33.789853,-118.152439
20010404,910,3,CARSON,ORANGE AV,Y,A,4,0,1,2,A,C,9,N,D,C,A,H,A,B,N,33.832432,-118.176299
20010404,915,3,RT 91,LONG BCH BL,N,B,0,0,0,1,A,C,3,N,F,A,A,H,A,D,N,33.873156,-118.200648
20010404,920,3,RT 710,UNION PACIFIC RR,N,A,3,0,2,3,A,C,3,N,C,C,A,H,A,D,N,33.77005,-118.193739
20010404,1030,3,RT 710,RT 91,N,A,4,0,1,3,A,C,3,N,C,C,A,H,A,D,N,33.77005,-118.193739
20010404,1055,3,RT 710,LONG BCH BL,N,A,3,0,2,3,A,C,3,N,C,C,A,H,A,D,N,33.77005,-118.193739
20010404,1315,3,BROADWAY,ORANGE,N,A,0,0,0,2,A,C,8,M,B,C,A,H,A,D,N,33.768463,-118.176852
20010404,1438,3,LOS COYOTES DIAG,SPRING,Y,A,4,0,2,2,A,C,9,N,A,C,A,H,A,A,N,33.810454,-118.11754
20010404,1446,3,PACIFC CST HWY,SEABRIGHT,Y,A,4,0,1,2,A,C,4,N,C,C,A,H,A,D,N,33.789799,-118.217643
20010404,1453,3,OCEAN BL,TERMINAL ISL FWY,Y,B,0,0,0,3,D,-,0,N,D,C,A,H,A,A,N,33.789799,-118.217643
20010404,1545,3,ATLANTIC AV,67,Y,A,4,0,2,2,A,C,9,N,D,C,A,H,A,D,N,33.762353,-118.239435
20010404,1552,3,XIMENO AV,15,Y,A,0,0,0,3,A,C,9,N,D,C,A,H,A,A,N,33.758572,-118.143378
20010404,1635,3,ALY R/O PINE AV,PINE AV,N,B,0,0,0,1,-,-,0,N,E,I,A,E,A,D,N,33.758572,-118.143378
20010404,1652,3,ANAHEIM,OREGON,N,B,4,0,1,3,A,C,3,N,C,C,A,H,A,A,N,33.782695,-118.200995
20010404,1740,3,CARSON,TOWN CNTR,N,A,0,0,0,3,A,C,21,N,H,C,A,H,A,A,N,33.827562,-118.087295
20010404,1821,3,SPRING,AIRPORT PLZ,Y,A,0,0,0,2,A,C,12,N,D,C,A,H,A,A,N,33.827562,-118.087295
20010404,1837,3,DELTA AV,TAPER,Y,B,2,0,1,2,A,C,11,N,G,B,A,H,A,D,N,33.819636,-118.211103
20010404,1905,3,RT 91,DOWNEY AV,N,B,3,0,2,1,A,C,8,N,E,I,A,H,D,D,N,33.87677,-118.153649
20010405,230,4,RT 710 SBON/R,ATLANTIC AV,N,A,4,0,1,1,A,C,1,N,E,I,A,H,C,D,Y,33.87677,-118.153649
20010405,940,4,RT 405,ATLANTIC AV,N,A,0,0,0,2,A,C,7,N,B,C,A,H,A,D,N,39.576654,-74.226897
20010405,954,4,SPRING,OSTRUM AV,Y,A,4,0,1,2,A,C,9,N,D,C,A,H,A,D,N,39.576654,-118.101078
20010405,1024,4,PACIFC CST HWY,7,Y,A,0,0,0,2,A,C,12,N,B,C,A,H,A,A,N,33.775387,-118.122914
20010405,1230,4,61,LIME AV,N,B,3,0,1,2,A,C,17,N,H,G,A,H,A,D,N,33.775387,-118.122914
20010405,1248,4,CASPIAN AV,16,Y,B,0,0,0,2,A,C,9,N,D,C,A,H,A,A,N,33.78731,-118.212176
20010405,1352,4,OCEAN BL,MAGNOLIA AV,N,A,0,0,0,2,A,C,7,N,D,C,A,H,A,D,N,33.78731,-118.212176
20010405,1500,4,CHERRY AV,10,N,A,0,0,0,2,A,C,3,M,C,C,A,H,A,D,N,33.767374,-118.197984
20010405,1600,4,RT 405,ORANGE AV,N,A,0,0,0,3,A,C,3,N,C,C,A,H,A,D,N,33.825422,-118.176316
20010405,1605,4,CHERRY AV,DEL AMO BL,N,A,3,0,1,2,A,C,5,N,H,G,A,H,A,A,N,33.846859,-118.167613
20010405,1617,4,GLENDORA,BROADWAY,N,B,0,0,0,2,A,C,1,N,B,C,A,H,A,D,N,33.846859,-118.129736
20010405,1620,4,LBB,BURNETT,N,A,0,0,0,2,C,-,18,N,H,C,A,H,A,A,N,33.77005,-118.193739
20010405,1620,4,RAVENNA DR,CAMPO WK,N,A,0,0,0,2,A,C,7,M,B,E,A,H,A,D,N,33.77005,-118.193739
20010405,1855,4,RT 710,PACIFC CST HWY,N,A,0,0,0,2,A,C,3,N,C,C,A,H,A,D,N,33.77005,-118.193739
20010406,104,5,MOLINO,N 6,N,A,0,0,0,2,A,C,1,N,H,E,A,H,C,D,Y,33.77005,-118.193739
20010406,655,5,MURIEL AV,68 WY,Y,A,4,0,5,2,-,-,0,N,D,C,A,H,A,D,N,33.878507,-118.200558
20010406,710,5,LONG BCH BL,ARTESIA BL,N,A,0,0,0,2,A,C,9,N,D,C,A,H,A,A,N,33.874332,-118.202702
20010406,750,5,56,PARAMOUNT,N,A,0,0,0,3,A,C,8,N,C,C,A,H,A,D,N,33.858569,-118.159842
20010406,751,5,ORANGE AV,ALY S 1,N,A,4,0,1,2,A,C,5,N,H,G,A,H,A,D,N,33.858569,-118.159842
20010406,754,5,ATLANTIC AV,DAYMAN,N,A,0,0,0,2,A,C,6,N,B,C,A,H,A,D,N,33.789854,-118.185033
20010406,800,5,E 4,WALNUT AV,N,A,0,0,0,3,A,C,3,N,C,C,A,H,A,A,N,33.771719,-118.172009
20010406,900,5,RT 91,DOWNEY AV,N,A,0,0,0,2,A,C,7,N,B,C,A,H,A,D,N,33.87677,-118.153649
20010406,915,5,AQUARIUM RD,AQUARIUM WY,N,A,0,0,0,1,-,-,0,N,E,I,A,H,A,A,N,33.763093,-118.195385
20010406,943,5,ORANGE AV,70,N,A,0,0,0,3,A,C,8,M,B,E,-,-,A,D,N,33.881841,-118.17742
20010406,1057,5,SANTA FE AV,BURNETT,Y,A,0,0,0,2,A,C,12,N,D,C,A,H,A,A,N,,-118.215375
20010406,1350,5,LOMA,17,N,A,0,0,0,2,D,-,0,N,B,C,A,H,A,D,N,33.788361,-118.150229
20010406,1500,5,RT 710,CARSON,N,A,4,0,1,2,A,C,3,N,C,C,A,H,A,A,N,33.77005,-118.193739
20010406,1502,5,XIMENO AV,5,Y,A,4,0,1,2,A,C,9,N,D,C,A,H,A,A,N,33.788361,-118.150229
20010406,1635,5,PACIFC CST HWY,7,N,A,0,0,0,2,A,C,7,N,D,C,A,H,A,D,N,33.775387,-118.122914
20010406,1645,5,RT 710,WARDLOW RD,N,A,0,0,0,3,A,C,3,N,C,C,A,D,A,D,N,33.818749,-118.130842
20010406,1730,5,BAYSHORE,2,N,A,0,0,0,3,-,-,0,M,C,E,A,H,B,D,N,33.758221,-118.130221
20010406,1730,5,ORANGE,SAN ANTONIO,Y,B,0,0,0,2,A,C,3,N,D,C,A,H,A,A,N,33.775387,-118.122914
20010406,1730,5,PACIFC CST HWY,ALAMITOS,N,A,3,0,1,3,A,C,3,N,C,C,A,H,A,A,N,33.789852,-118.189507
20010406,1740,5,RT 405 NBTRN,RT 710,N,B,0,0,0,2,A,C,3,N,C,C,A,H,A,D,N,33.77005,-118.193739
20010406,1755,5,BENNETT,ANAHEIM,Y,A,4,0,1,2,A,C,9,N,H,G,A,H,A,A,N,33.78259,-118.142638
20010406,1800,5,MARKET,LOCUST AV,N,A,0,0,0,2,A,C,8,N,D,C,A,H,A,D,N,33.78259,-118.189826
20010406,1800,5,RT 91,ARTESIA BL UC,N,A,0,0,0,3,A,C,3,M,C,C,A,H,A,D,N,33.77005,-118.193739
20010406,1840,5,TEMPLE AV,BROADWAY,Y,A,0,0,0,2,A,C,3,M,B,C,A,H,B,A,N,33.765505,-118.158946
20010406,1857,5,10,EUCLID AV,N,A,0,0,0,2,A,C,1,N,B,C,A,H,A,D,Y,33.773526,-118.161143
20010406,1942,5,4,4 2420,N,A,3,0,1,4,A,C,1,N,B,E,A,H,C,D,Y,33.778962,-118.149149
20010406,2018,5,LBB,NEECE,Y,B,4,0,6,2,A,C,9,N,D,C,A,H,C,A,N,33.77005,-118.193739
20010406,2022,5,RT 405,RT 710 UC,N,B,0,0,0,1,A,C,8,N,E,J,A,H,C,D,N,33.77005,-118.193739
20010406,2215,5,LAKEWOOD BL,STEARNS,N,A,4,0,1,3,A,-,0,N,C,C,A,H,C,D,N,33.796078,-118.142774
20010406,2240,5,CLARK AV,LOS COYOTES DGNL,Y,A,0,0,0,2,A,C,1,N,B,C,A,H,C,A,Y,33.796144,-118.134002
20010406,2240,5,WILLOW,E OAKBROOK,N,B,2,0,1,1,A,C,5,N,E,I,A,H,D,D,Y,33.803297,-118.110996
20010407,127,6,ANAHEIM,LBB,N,C,4,0,1,2,A,C,8,N,C,C,B,G,C,A,N,33.811904,-118.152876
20010407,140,6,BROADWAY AV,PINE AV,N,C,0,0,0,2,A,C,21,N,E,I,B,H,C,D,Y,33.87677,-118.153649
20010407,145,6,ATLANTIC AV,RT 91 WBON/R,Y,C,0,0,0,1,A,C,1,M,E,I,B,G,C,A,Y,33.77005,-118.193739
20010407,202,6,CHERRY AV,ARTESIA BL,N,C,0,0,0,1,A,C,3,M,E,I,B,H,C,D,N,33.8746,-118.16871
20010407,215,6,RT 405 NBTRN,CARSON UC,N,C,0,0,0,1,A,C,8,M,E,I,B,H,C,D,N,33.770517,-118.199385
20010407,219,6,PACIFC CST HWY,OUTER TRAFFIC CIR,N,B,0,0,0,1,A,C,7,N,E,I,B,H,C,D,Y,33.788902,-118.140964
20010407,225,6,RT 710,PACIFC CST HWY,N,B,0,0,0,1,A,C,8,N,E,I,B,H,C,D,N,33.77005,-118.193739
20010407,233,6,XIMENO AV,E 4,N,C,0,0,0,2,A,C,7,M,C,E,B,H,C,D,N,33.8746,-118.16871
20010407,243,6,WALNUT AV,ALAMITOS,Y,C,2,0,2,2,D,-,0,F,D,C,B,H,C,D,N,33.771699,-118.141557
20010407,300,6,RT 405,RT 710 UC,N,-,0,0,0,1,A,C,3,N,E,I,B,H,D,D,N,33.77005,-118.193739
20010407,335,6,LBB,67,N,C,0,0,0,3,A,C,7,M,B,E,B,H,C,D,N,33.793736,-118.171982
20010407,400,6,RT 405,ATLANTIC AV,N,C,4,0,2,1,A,C,3,N,E,I,B,H,C,D,N,39.576654,-74.226897
20010407,445,6,RT 710,DEL AMO BL,N,B,0,0,0,1,A,C,3,N,E,I,B,H,C,D,N,33.847073,-118.13081
20010407,450,6,4,VIRGINIA CT,N,C,0,0,0,5,A,C,5,N,C,E,B,H,C,D,N,,
20010407,730,6,52,ATLANTIC AV,N,B,0,0,0,2,A,C,3,M,C,C,B,H,A,A,N,33.771696,-118.197209
20010407,800,6,CASPIAN,S 16,N,F,0,0,0,2,A,C,3,M,B,C,-,H,A,A,N,33.78731,-118.212176
20010407,914,6,ALAMITOS AV,ANAHEIM,N,C,2,0,1,2,A,C,10,F,G,B,B,H,A,A,N,33.78731,-118.212176
20010407,920,6,PACIFC CST HWY,MAINE AV,N,C,0,0,0,2,D,-,0,N,C,C,B,H,A,D,Y,33.789868,-118.200622
20010407,1020,6,LONG BCH BL,WILLOW,N,B,0,0,0,2,A,C,3,M,C,C,B,H,A,A,N,33.804424,-118.189443
20010407,1104,6,ALAMITOS AV,15,N,C,0,0,0,2,A,C,7,N,B,C,B,H,A,D,N,33.767117,-118.182736
20010407,1130,6,PACIFC CST HWY,HARBOR AV,N,B,3,0,1,2,A,C,5,N,D,C,A,H,A,A,N,33.789825,-118.210498
20010407,1210,6,BROADWAY,PACIFIC AV,Y,C,0,0,0,2,A,C,12,N,D,C,B,H,A,A,N,33.789825,-118.210498
20010407,1239,6,DOWNEY AV,POPPY,Y,C,4,0,2,3,A,C,9,N,D,C,B,H,A,D,N,33.769264,-118.151246
20010407,1258,6,ATLANTIC,N BROADWAY,N,B,0,0,0,3,A,C,3,N,C,C,B,H,A,A,N,40.608785,-73.645718
20010407,1309,6,7,W CAMPUS DR,N,B,0,0,0,2,A,C,3,N,C,C,A,H,A,A,N,33.775231,-118.11529
20010407,1420,6,ATLANTIC AV,7,N,C,0,0,0,2,A,C,3,M,C,C,B,H,A,A,N,33.775231,-118.11529
20010407,1425,6,RT 91 EBTRN,ATLANTIC AV,N,C,0,0,0,2,A,C,8,N,B,C,B,H,A,D,N,33.847073,-118.13081
20010407,1431,6,3,DAISY,Y,B,0,0,0,2,A,C,12,M,E,I,A,H,A,-,N,33.770517,-118.199385
20010407,1440,6,LBB,S 16,N,B,3,0,1,2,A,C,3,N,C,C,A,H,A,D,N,33.770517,-118.199385
20010407,1508,6,PARAMOUNT BL,55 WY,N,A,3,0,2,2,A,C,9,N,D,C,A,H,A,D,N,33.77005,-118.159837
20010407,1558,6,XIMENO AV,ANAHEIM,N,B,4,0,1,2,A,C,3,N,C,C,B,H,A,A,N,33.782595,-118.14153
20010407,1649,6,OCEAN BL,REDONDO,Y,A,0,0,0,2,A,C,12,M,D,C,A,H,A,A,N,33.760988,-118.152656
20010407,1700,6,7,ROSE AV,N,B,0,0,0,2,A,C,4,N,C,C,A,H,A,D,N,33.760988,-118.152656
20010407,1700,6,SPRING,CLARK,Y,B,4,0,1,2,A,C,3,F,C,C,A,H,A,A,N,33.810505,-118.133992
20010407,1730,6,3,E PINE AV,N,A,0,0,0,2,A,C,7,M,C,C,A,H,A,A,N,33.810505,-118.133992
20010407,1830,6,CARSON BL,CARSON BL 7411,N,A,0,0,0,2,-,-,0,M,B,E,A,H,A,D,N,33.828656,-118.086121
20010407,1900,6,4,DAISY AV,Y,A,0,0,0,2,A,C,3,M,C,C,A,H,C,D,N,33.828656,-118.199389
20010407,2018,6,LEWIS,17,N,A,0,0,0,2,A,C,1,M,B,E,B,H,C,D,Y,33.789868,-118.200622
20010407,2240,6,1,ORANGE,N,B,0,0,0,2,A,C,1,M,B,C,A,H,C,D,Y,33.78805,-118.179596
20010407,2320,6,RT 405,LAKEWOOD BL,N,A,3,0,2,2,A,C,1,N,E,I,A,H,C,D,Y,33.843075,-118.142426
20010407,2500,6,3,DAISY,Y,B,0,0,0,2,A,C,12,M,E,I,A,H,A,-,N,33.770517,-118.199385
20010408,5,7,RT 405,LAKEWOOD BL,N,A,0,0,0,2,A,C,3,N,C,C,A,H,C,D,N,33.843075,-118.142426
20010408,12,7,11,CORONADO,N,B,0,0,0,2,-,-,0,M,B,E,A,H,C,D,N,33.82215,-118.181589
20010408,205,7,RT 710,DEL AMO BL,N,A,0,0,0,2,A,C,7,M,C,C,A,H,C,D,N,33.847073,-118.13081
20010408,315,7,RT 405,BELLFLOWER BL,N,A,0,0,0,1,A,C,8,N,E,I,A,H,C,D,N,33.769086,-118.120973
20010408,353,7,XIMENO AV,S PED C POLE,N,A,0,0,0,1,A,-,0,N,E,I,A,H,C,D,N,33.78078,-118.153498
20010408,549,7,MOLINO,3,N,A,0,0,0,2,A,C,3,M,B,C,A,H,C,D,N,33.768083,-118.160606
20010408,1053,7,5,CHESTNUT,N,A,0,0,0,6,A,C,1,M,A,E,A,H,A,D,Y,39.576654,-74.226897
20010408,1256,7,ADRIATIC AV,27,Y,A,0,0,0,2,D,-,0,N,D,C,A,H,A,D,N,33.806219,-118.214358
20010408,1335,7,RT 405,LAKEWOOD BL,N,A,0,0,0,2,C,-,18,N,H,C,A,H,A,D,N,33.843075,-118.142426
20010408,1337,7,PACIFC CST HWY,7,Y,A,0,0,0,2,A,C,7,N,B,C,A,H,A,D,N,33.775387,-118.122914
20010408,1457,7,OCEAN BL,LONG BCH BL,Y,A,0,0,0,2,A,C,1,M,C,C,A,H,A,D,Y,33.766923,-118.18931
20010408,1515,7,DAISY,5,N,A,3,0,1,3,A,C,11,N,G,B,A,H,A,A,N,33.772904,-118.199383
20010408,1606,7,WALNUT AV,10,N,A,3,0,1,2,A,C,11,N,G,B,A,H,A,D,N,,
20010408,1623,7,CHERRY AV,15,N,B,0,0,0,2,A,C,9,N,D,C,A,H,A,D,N,33.764656,-118.168411
20010408,1647,7,LONG BCH BL,ELLIS,Y,A,4,0,2,2,A,C,3,N,C,C,A,H,A,A,N,33.764656,-118.168411
20010408,1720,7,ATLANTIC AV,CARTAGENA,Y,A,0,0,0,2,A,C,9,N,D,C,A,H,A,D,N,33.832703,-118.185072
20010408,1735,7,7,OBISPO AV,Y,B,0,0,0,2,A,C,3,M,C,C,A,H,A,A,N,33.77534,-118.154575
20010408,1740,7,6,CEDAR AV,Y,A,4,0,1,2,A,C,7,N,B,C,A,H,A,A,N,33.77534,-118.154575
20010408,1800,7,PROSPECT,2,N,A,0,0,0,2,A,C,21,M,C,C,A,H,A,D,N,33.767017,-118.140488
20010408,1835,7,ALY N GAVIOTA,4/ROSE,N,A,3,0,1,3,A,C,9,N,D,C,A,E,A,D,N,33.771713,-118.170951
20010408,1840,7,RT 405,RT 710,N,A,0,0,0,1,A,C,8,N,E,I,A,H,A,D,N,46.462508,-95.646979
20010408,1915,7,GUNDRY,HARDING,N,A,3,0,1,1,A,C,1,M,E,I,A,H,B,D,Y,33.766923,-118.17527
20010408,2035,7,LAKEWOOD BL,CONANT,N,A,0,0,0,1,A,C,1,N,E,I,A,D,C,D,Y,33.825091,-118.142648
20010408,2309,7,36,MYRTLE AV,N,A,0,0,0,3,A,C,1,M,C,C,A,H,D,D,Y,33.82215,-118.181589
20010409,730,1,SOUTH,ATLANTIC AV,N,A,4,0,1,2,A,C,4,N,C,C,A,H,A,A,N,33.837516,-118.184919
20010409,802,1,XEMINO AV,BROADWAY,Y,A,0,0,0,2,A,C,8,N,B,C,A,H,A,A,N,33.76444,-118.141574
20010409,815,1,RT 91,ATLANTIC BL UC,N,B,0,0,0,3,A,C,3,N,C,C,A,H,A,D,N,33.77005,-118.193739
20010409,817,1,MAGNOLIA AV,PACIFC CST HWY,Y,B,0,0,0,1,A,C,8,N,E,I,A,H,A,A,N,33.789866,-118.198093
20010409,948,1,STEARNS,REDONDO AV,N,B,4,0,1,2,A,C,10,F,G,B,A,H,A,A,N,33.789866,-118.198093
20010409,1130,1,PACIFC CST HWY,LONG BCH BL,N,C,0,0,0,2,A,C,9,N,D,C,B,H,A,D,N,33.796109,-118.151429
20010409,1215,1,ATLANTIC AV,SAN ANTONIO,N,C,0,0,0,2,A,C,1,M,B,C,B,G,A,D,Y,46.462508,-95.646979
20010409,1239,1,LONG BCH BL,29,N,B,0,0,0,3,A,C,3,M,C,C,B,H,A,D,N,33.789852,-118.189507
20010409,1245,1,E 3,ATLANTIC AV,Y,C,0,0,0,2,A,C,12,N,D,C,B,H,A,A,N,,
20010409,1315,1,W 4,W 4 445,N,B,0,0,0,2,A,C,7,N,B,C,B,H,A,D,N,33.770501,-118.185045
20010409,1320,1,RT 405 SBON/R,LAKEWOOD BL,N,B,0,0,0,1,A,C,3,N,E,I,B,H,A,D,N,33.8746,-118.16871
20010409,1435,1,CARSON,ORANGE AV,Y,B,0,0,0,2,D,-,0,N,D,C,A,H,A,A,N,33.832432,-118.176299
20010409,1452,1,LONG BCH BL,RT 710,Y,B,0,0,0,2,A,C,12,M,D,C,A,H,A,A,N,33.832432,-118.176299
20010409,1509,1,PACIFC CST HWY,ANAHEIM RD,Y,A,0,0,0,2,A,C,9,N,A,C,A,H,A,A,N,33.775673,-118.189288
20010409,1722,1,BROADWAY,CHERRY AV,Y,A,3,0,1,2,A,C,9,N,D,C,A,H,A,A,N,33.767286,-118.167896
20010409,1815,1,RT 710,WARDLOW RD,N,A,0,0,0,3,A,C,3,N,C,C,A,H,A,D,N,33.818749,-118.130842
20010409,1847,1,XIMENO AV,10,N,B,0,0,0,2,A,C,8,N,D,C,A,H,A,D,N,33.758482,-118.143394
20010409,1848,1,RT 405,LAKEWOOD BL,N,A,4,0,5,2,A,C,3,N,C,C,A,H,B,D,N,33.843075,-118.142426
20010409,2211,1,CHERRY,N ARTESIA,N,A,4,0,1,2,A,C,3,N,D,C,A,H,C,A,N,33.758482,-118.143394
20010410,315,2,GAVIOTA AV,15,N,A,0,0,0,2,-,-,0,N,A,C,A,H,C,D,N,33.765309,-118.171952
20010410,552,2,WILLOW,CASPIAN,Y,A,4,0,2,2,A,C,9,N,D,C,A,H,A,A,N,33.804425,-118.212179
20010410,655,2,RT 710,DELAMO BL,N,A,0,0,0,2,A,C,8,N,D,C,A,H,A,D,N,33.77005,-118.193739
20010410,747,2,CHERRY AV,4,N,A,4,0,1,2,D,-,0,N,H,G,A,H,A,A,N,33.764511,-118.168402
20010410,835,2,CARSON,LOS COYOTES DIA,Y,A,3,0,2,3,A,C,12,N,D,C,A,H,A,A,N,33.832134,-118.098846
20010410,845,2,CARSON,LOS COYOTES DGNL,N,A,0,0,0,2,-,-,0,N,B,C,A,G,A,D,N,33.832134,-118.098846
20010410,1215,2,RT 405,STUDEBAKER RD,N,A,4,0,1,2,C,-,18,N,E,I,A,H,A,D,N,33.791446,-118.099621
20010410,1305,2,MLK,20,N,A,0,0,0,2,A,C,8,N,D,C,A,H,A,D,N,33.832134,-118.098846
20010410,1343,2,7,PARK AV,Y,A,3,0,1,2,A,C,9,N,D,C,A,H,A,A,N,33.775354,-118.137369
20010410,1432,2,7,MAGNOLIA,Y,A,4,0,2,2,A,C,3,N,C,C,A,H,A,A,N,33.775332,-118.19804
20010410,1645,2,LINDEN,BIXBY RD,Y,A,0,0,0,2,A,C,9,N,D,C,A,H,A,D,N,33.826705,-118.186461
20010410,1717,2,WALNUT AV,ANAHEIM,N,A,3,0,1,2,A,C,4,N,H,G,A,H,A,D,N,33.782597,-118.17199
20010410,1745,2,RT 710,WARDLOW RD,N,A,0,0,0,4,A,C,3,N,C,C,A,H,A,A,N,33.818749,-118.130842
20010410,1845,2,ANAHEIM,SANTA FE,N,A,0,0,0,2,A,C,3,N,C,C,A,H,B,A,N,33.782806,-118.21549
20010410,1950,2,RT 710,DEL AMO,N,A,0,0,0,2,A,C,3,N,D,C,A,H,D,A,N,33.77005,-118.193739
20010410,1954,2,ORANGE AV,DEL AMO BL,N,A,4,0,2,4,A,C,3,N,C,C,A,H,C,A,Y,33.846917,-118.176842
20010410,1957,2,PACIFC CST HWY,LEMON AV,N,-,4,0,1,2,-,-,0,N,C,C,-,-,-,-,N,33.789858,-118.178418
20010410,2035,2,CHERRY AV,ARTESIA,N,A,0,0,0,2,A,C,6,N,B,C,A,H,C,D,N,33.789858,-118.16871
20010411,102,3,VAL VERDE,ARMORDALE,N,A,0,0,0,2,A,C,3,M,A,C,A,H,C,D,N,33.822161,-118.079875
20010411,450,3,CT 405,LONG BCH BL,N,A,3,0,1,1,A,C,8,N,E,I,A,H,C,D,N,33.77005,-118.193739
20010411,725,3,OCEAN BL,KENNEBEC AV,Y,A,4,0,1,2,A,C,6,N,D,C,A,H,A,A,N,33.763823,-118.164873
20010411,734,3,ANAHEIM,DAISY AV,N,A,3,0,1,2,A,C,5,N,H,G,A,H,A,D,N,33.763823,-118.164873
20010411,757,3,LONG BCH BL,ROOSEVELT,N,B,0,0,0,2,A,C,3,N,C,C,A,H,A,D,N,33.782608,-118.19938
20010411,939,3,BROADWAY,PACIFIC,Y,A,0,0,0,2,A,C,17,N,D,C,A,H,A,A,N,33.769264,-118.193812
20010411,945,3,PACIFC CST HWY,CHERRY,N,A,4,0,1,2,A,C,8,N,D,C,A,H,A,D,N,33.769264,-118.193812
20010411,1045,3,RT 405 NBOFF/R,CHERRY AV,N,A,0,0,0,1,A,C,3,N,E,I,A,H,A,B,N,33.82317,-118.167726
20010411,1112,3,LAKEWOOD BL,WILLOW,Y,B,3,0,2,2,A,C,12,N,D,C,A,A,A,A,N,33.803251,-118.142788
20010411,1135,3,RT 91 EBTRN,RT 710,N,B,0,0,0,1,A,C,3,N,F,A,A,H,A,D,N,33.82317,-118.167726
20010411,1145,3,RT 405,STUDEBAKER RD,N,A,0,0,0,2,A,C,7,M,C,C,A,H,A,D,N,33.791446,-118.099621
20010411,1205,3,7,TEMPLE AV,Y,A,3,0,2,2,A,C,12,N,D,C,A,H,A,A,N,33.768238,-118.159159
20010411,1210,3,RT 103 SBOFF/R,PACIFC CST HWY,N,A,0,0,0,2,A,C,3,N,D,C,A,H,A,D,N,33.77005,-118.193739
20010411,1350,3,25,PASADENA,N,A,0,0,0,2,A,C,21,M,H,E,A,H,A,D,N,33.802557,-118.1872
20010411,1440,3,2,PARK AV,Y,A,0,0,0,2,A,C,12,N,D,C,A,H,A,A,N,,
20010411,1519,3,ORANGE,SPRING,N,A,0,0,0,2,A,C,1,M,C,C,A,H,A,A,Y,,
20010411,1537,3,2,RAVENNA,N,A,4,0,1,2,A,C,5,N,H,G,A,H,A,D,N,40.588108,-118.123023
20010411,1645,3,ATLANTIC AV,6,Y,A,0,0,0,3,A,C,8,N,B,C,A,H,A,A,N,33.756818,-118.123023
20010411,2056,3,LOUISE,LINDEN AV,N,A,3,0,1,2,A,C,8,N,C,E,A,H,C,D,N,33.774145,-118.185047
20010411,2105,3,RT 405,WOODRUFF,N,A,0,0,0,2,A,C,7,M,B,C,A,H,C,D,N,33.77005,-118.193739
20010411,2130,3,PACIFC CST HWY,PINE AV,N,A,0,0,0,2,A,C,9,N,A,C,A,H,C,A,N,33.78985,-118.19239
20010411,2157,3,HOFFMAN AV,LIGHT POLE RA1185,N,A,0,0,0,2,A,C,21,M,C,C,A,H,C,D,N,33.78985,-118.19239
20010412,301,4,7,PACIFC CST HWY,Y,B,0,0,0,2,A,C,3,N,C,C,A,H,C,A,N,33.775387,-118.122914
20010412,720,4,RT 405,LAKEWOOD BL,N,A,0,0,0,2,A,C,7,N,C,C,A,H,A,D,N,33.843075,-118.142426
20010412,818,4,6,ELM AV,N,A,0,0,0,2,A,C,7,M,C,E,A,H,A,-,N,33.774145,-118.187666
20010412,1000,4,GRANADA AV,WATSON,N,A,0,0,0,1,A,-,0,N,E,J,A,H,A,D,N,33.774145,-118.187666
20010412,1050,4,BELLFLOWER BL,MONLACO RD,Y,A,3,0,2,2,A,C,3,N,C,C,A,H,A,A,N,33.82226,-118.125151
20010412,1120,4,55,PINE AV,N,A,0,0,0,2,A,C,21,M,D,C,A,H,A,D,Y,33.762403,-118.19328
20010412,1130,4,LAKEWOOD BL,WILLOW,N,A,0,0,0,2,A,C,1,N,C,C,A,H,A,D,Y,33.803251,-118.142788
20010412,1155,4,STEARNS,BELLFLOWER,Y,A,4,0,2,2,A,C,9,N,D,C,A,H,A,A,N,33.796022,-118.125239