COLLISION_DATE,COLLISION_TIME,DAY_OF_WEEK,PRIMARY_RD,SECONDARY_RD,INTERSECTION,WEATHER_1,COLLISION_SEVERITY,NUMBER_KILLED,NUMBER_INJURED,PARTY_COUNT,PRIMARY_COLL_FACTOR,PCF_CODE_OF_VIOL,PCF_VIOL_CATEGORY,HIT_AND_RUN,TYPE_OF_COLLISION,MVIW,ROAD_SURFACE,ROAD_COND_1,LIGHTING,CONTROL_DEVICE,ALCOHOL_INVOLVED,LATITUDE,LONGITUDE
20010421,1300,6,FLINT AV,FLINT AV 625,N,B,0,0,0,2,A,C,21,M,D,E,-,H,A,D,N,33.777783,-118.249183
20010421,1320,6,RT 710,ATLANTIC AV,N,A,0,0,0,2,A,C,3,M,C,C,A,H,A,D,N,39.576654,-74.226897
20010421,1530,6,BROADWAY,BONITO,N,A,0,0,0,2,D,-,0,M,B,E,A,H,A,D,N,33.777783,-118.249183
20010421,1612,6,REDONDO,ANAHEIM,Y,A,3,0,1,2,A,C,5,F,H,G,A,H,A,A,N,33.782602,-118.152411
20010421,1705,6,ALY S ANAHEIM,DAWSON,N,A,0,0,0,2,A,C,21,M,H,E,A,H,A,D,N,33.782599,-118.16548
20010421,1743,6,65,CHERRY,N,A,4,0,1,2,A,C,9,N,H,G,A,H,A,D,N,33.872465,-118.168701
20010421,1910,6,XIMENO AV,10,N,A,0,0,0,2,A,C,8,N,B,E,A,H,B,D,N,33.758482,-118.143394
20010421,1930,6,RT 710,WARDLOW RD,N,A,0,0,0,1,A,C,3,N,E,J,A,H,B,D,N,33.818749,-118.130842
20010421,2040,6,ROSE AV,ANAHEIM,N,A,0,0,0,2,A,C,8,M,D,C,A,H,C,D,N,,-118.16983
20010421,2050,6,RT 710,DEL AMO AV,N,A,3,0,8,2,A,C,8,N,C,C,A,H,D,D,N,33.818749,-118.130842
20010421,2329,6,6,OHIO,N,A,0,0,0,2,A,C,21,N,B,E,A,H,C,D,N,33.782602,-118.160061
20010421,2357,6,4,LBB,N,A,0,0,0,1,A,C,3,N,E,I,A,H,C,D,N,33.811904,-118.152876
20010422,1122,7,TEMPLE AV,RT 405,N,A,0,0,0,2,A,C,9,N,D,C,A,H,A,D,N,33.77005,-118.193739
20010422,1236,7,7,PACIFIC,N,A,4,0,1,3,A,C,3,N,C,C,A,H,A,A,N,33.771802,-118.158963
20010422,1330,7,20,LIME,N,A,3,0,1,2,A,C,11,N,G,B,A,H,A,D,N,46.355647,-124.054231
20010422,1515,7,CARSON,WOODRUFF,Y,A,0,0,0,2,A,C,8,N,D,C,A,D,A,A,N,33.832203,-118.116545
20010422,1605,7,BROADWAY,ALAMITOS AV,Y,A,2,0,2,2,A,C,12,F,D,C,A,H,A,A,N,33.769144,-118.182082
20010422,1900,7,63,WALNUT AV,N,A,0,0,0,3,A,C,1,N,D,E,A,H,A,D,Y,,
20010422,2029,7,RT 710,LONG BCH BL,N,A,3,0,1,2,A,C,3,N,C,C,A,H,D,D,Y,33.77005,-118.193739
20010422,2030,7,RT 710,LONG BCH BL,N,A,0,0,0,2,A,C,3,N,C,C,A,H,D,D,N,33.77005,-118.193739
20010423,43,1,PARK AV,COLORADO,N,A,0,0,0,2,A,C,1,M,D,E,A,H,C,D,Y,33.77005,-118.193739
20010423,224,1,56,LINDEN,N,A,0,0,0,4,A,C,1,N,C,E,A,H,C,D,Y,33.858099,-118.185971
20010423,410,1,PINE AV,ANAHEIM,N,A,0,0,0,2,A,C,7,M,B,E,A,H,C,A,N,33.775354,-118.192389
20010423,653,1,RT 710,WARDLOW RD,N,A,0,0,0,3,A,C,3,M,C,D,A,D,A,D,N,33.818749,-118.130842
20010423,700,1,RT 91,RT 710,N,A,0,0,0,2,A,C,7,N,B,C,A,H,A,D,N,32.932282,-80.411644
20010423,707,1,ELLIS,LBB,N,A,0,0,0,3,A,C,8,N,B,C,A,H,C,D,N,33.782594,-118.192389
20010423,710,1,7,BELLFLOWER,Y,A,4,0,2,3,A,C,12,N,D,C,A,H,A,A,N,33.775248,-118.121193
20010423,727,1,OCEAN BL,POMONA AV,Y,A,4,0,2,3,A,C,9,N,D,C,A,H,A,D,N,33.775248,-118.121193
20010423,936,1,CARSON,LB TOWNE CNTR,Y,A,0,0,0,2,D,-,0,N,D,C,A,C,A,A,N,33.754675,-118.090034
20010423,1000,1,RT 710,DELAMO BL,N,A,4,0,1,2,A,C,3,N,C,C,A,H,A,D,N,33.77005,-118.193739
20010423,1100,1,CARSON,SHOPPING CNTR,Y,A,3,0,1,2,A,C,12,N,G,B,A,H,A,A,N,33.831299,-118.090034
20010423,1103,1,SPRING,LAKEWOOD BL,N,A,4,0,1,3,A,C,3,N,C,C,A,H,A,A,N,33.812739,-118.139096
20010423,1136,1,7,CAMPUS DR,N,A,4,0,1,2,-,-,0,N,C,C,A,H,A,D,N,33.775231,-118.11529
20010423,1214,1,RT 710,PACIFC CST HWY,N,A,0,0,0,2,C,-,18,N,H,C,A,D,A,D,N,33.77005,-118.193739
20010423,1235,1,ATLANTIC,S VERNON,N,A,4,0,5,2,A,C,1,F,C,C,A,H,A,A,Y,33.803515,-118.185024
20010423,1246,1,CHERRY AV,ARTESIA BL,N,A,4,0,1,2,A,C,12,N,D,C,A,H,A,A,N,33.8746,-118.16871
20010423,1304,1,STEARNS,BELLFLOWER,N,A,0,0,0,2,A,C,9,N,D,C,-,H,A,D,N,33.796022,-118.125239
20010423,1313,1,REDONDO,COLORADO,N,A,0,0,0,2,A,C,21,N,B,C,A,H,A,D,N,33.769892,-118.152401
20010423,1330,1,LAKEWOOD,CARSON,N,A,0,0,0,2,A,C,3,N,C,C,A,H,A,D,N,33.832274,-118.142464
20010423,1508,1,ATLANTIC,PACIFC CST HWY,N,A,0,0,0,2,A,C,21,N,H,C,A,H,A,-,N,33.789867,-118.185018
20010423,1530,1,LOS ALAMTS TRF CIR,LAKEWOOD BL,N,A,0,0,0,2,A,C,8,N,B,C,A,H,A,D,N,33.789867,-118.185018
20010423,1542,1,21,CERRITOS AV,Y,A,0,0,0,2,-,-,0,N,D,C,A,H,A,D,N,33.843075,-118.142426
20010423,1545,1,ANAHEIM,MAGNOLIA AV,Y,A,0,0,0,3,A,C,9,M,D,C,A,H,A,A,N,33.766404,-118.179076
20010423,1600,1,15,SHERMAN PL,Y,A,0,0,0,2,A,C,9,M,D,C,A,H,A,A,N,33.786226,-118.166214
20010423,1715,1,RT 405,ORANGE AV,N,A,0,0,0,2,A,C,3,N,C,C,A,H,A,D,N,33.825422,-118.176316
20010423,1823,1,PACIFC CST HWY,2,N,A,4,0,1,2,A,C,9,N,D,C,A,H,A,D,N,33.758149,-118.111272
20010423,1830,1,RT 710 SBTRN,RT 405 OC,N,A,4,0,2,2,A,C,3,N,C,C,A,H,A,D,N,33.77005,-118.193739
20010423,1842,1,7,PARK AV,N,A,3,0,1,2,A,C,1,N,C,C,A,H,B,A,Y,33.775354,-118.137369
20010423,1852,1,ANAHEIM,OBISPO AV,N,A,0,0,0,2,A,C,9,N,D,C,A,H,B,D,N,33.782605,-118.15458
20010423,2018,1,BRYANT RD,ANAHEIM RD,N,A,0,0,0,1,A,C,8,N,E,I,A,H,C,D,N,33.779993,-118.124453
20010424,28,2,RT 710,LONG BCH BL,N,A,3,0,1,2,A,C,7,N,C,C,A,H,C,D,N,33.77005,-118.193739
20010424,714,2,LONG BCH BL,SPRING,Y,A,0,0,0,2,A,C,9,N,D,C,A,H,A,A,N,33.811573,-118.18935
20010424,739,2,ANAHEIM,MAGNOLIA,N,A,0,0,0,2,A,C,3,N,C,D,A,H,A,A,N,33.782601,-118.198034
20010424,754,2,ANAHEIM,MLK,Y,A,3,0,2,3,A,C,12,N,D,C,-,H,A,A,N,33.782609,-118.1807
20010424,830,2,WARDLOW RD,PACIFIC PL,N,A,0,0,0,2,A,C,7,N,B,C,A,D,A,A,N,33.819044,-118.195946
20010424,900,2,RT 710,ARTESIA BL,N,A,2,0,1,3,A,C,8,N,B,C,A,H,A,D,N,33.873075,-118.068043
20010424,1010,2,RT 405,WOODRUFF AV,N,A,4,0,1,3,A,C,3,N,C,C,A,H,A,D,N,33.813146,-118.115196
20010424,1101,2,OCEAN BL,GOLDEN SHORE,Y,A,0,0,0,2,A,C,12,N,D,C,A,H,A,A,N,33.782609,-118.20182
20010424,1130,2,ANAHEIM,PETERSON,N,A,0,0,0,2,A,C,3,N,C,C,A,H,A,A,N,33.782592,-118.173074
20010424,1147,2,2,NIETO,N,A,4,0,2,2,A,C,3,N,C,C,A,H,A,D,N,33.760463,-118.135188
20010424,1210,2,BELLFLOWER BL,WILLOW,Y,A,4,0,1,2,D,-,0,N,A,C,A,H,A,D,N,33.803355,-118.125361
20010424,1305,2,RT 91,LONG BCH BL,N,A,4,0,1,2,C,-,18,N,B,C,A,H,A,D,N,33.873156,-118.200648
20010424,1317,2,PACIFC CST HWY,MARINA PACIFICA,N,A,4,0,2,3,A,C,3,N,C,C,A,D,A,A,N,33.803355,-118.125361
20010424,1337,2,RT 710,ATLANTIC AV,N,A,3,0,1,1,C,-,18,N,E,I,A,C,A,D,N,39.576654,-74.226897
20010424,1440,2,JUNIPERO AV,5,N,A,3,0,1,2,A,C,11,N,G,B,A,H,A,D,N,33.761045,-118.113983
20010424,1524,2,PARAMOUNT BL,ARTESIA BL,N,A,3,0,1,2,A,C,7,N,D,C,A,H,A,D,N,33.874619,-118.159983
20010424,1653,2,JUNIPERO AV,14,Y,A,0,0,0,2,A,C,9,N,D,C,A,H,A,A,N,33.874619,-118.159983
20010424,1659,2,SHORELINE VLG,SHORELINE DR,N,A,0,0,0,1,C,-,18,N,E,I,A,H,A,D,N,33.761949,-118.189346
20010424,1800,2,REDONDO,STEARNS,Y,A,0,0,0,2,A,C,3,N,C,C,A,H,A,A,N,33.796109,-118.151429
20010424,1844,2,4,ORIZABA AV,Y,A,4,0,1,2,A,C,10,N,G,B,A,H,A,A,N,33.796109,-118.151429
20010424,1914,2,PALO VERDE,ATHERTON,N,A,0,0,0,3,A,C,8,N,C,E,A,H,C,D,N,33.788755,-118.107954
20010425,605,3,WILLOW,STUDEBAKER,Y,A,4,0,1,1,A,C,3,N,H,A,A,H,A,A,N,33.803249,-118.099274
20010425,616,3,WILLOW,LGT POLE 0011,N,A,0,0,0,1,A,C,3,M,E,I,A,A,C,D,N,33.803249,-118.099274
20010425,633,3,ORANGE AV,SPRING,N,A,0,0,0,2,A,C,2,M,C,C,A,H,A,D,N,33.811647,-118.176302
20010425,901,3,SAN FRANCISCO AV,BURNETT,N,A,0,0,0,2,A,C,3,N,C,E,A,H,A,D,N,33.811647,-118.176302
20010425,1100,3,ANAHEIM,CHESTNUT AV,N,A,0,0,0,2,A,C,21,M,C,E,A,H,A,D,N,33.800756,-118.203491
20010425,1100,3,RT 710,ATLANTIC AV,N,A,3,0,1,2,A,C,7,N,B,C,A,H,A,D,N,39.576654,-74.226897
20010425,1105,3,RT 710,ARTESIA BL,N,A,3,0,1,1,A,C,8,N,E,I,A,H,A,D,N,33.873075,-118.068043
20010425,1230,3,ATHERTON,XIMENO AV,Y,A,0,0,0,2,A,C,1,M,C,C,A,H,A,A,Y,33.789847,-118.138903
20010425,1250,3,RT 405,WOODRUFF AV,N,A,0,0,0,2,A,C,7,N,B,C,A,H,A,D,N,33.813146,-118.115196
20010425,1320,3,LONG BCH BL,NEESE,Y,A,0,0,0,2,A,C,12,N,A,C,A,H,A,A,N,33.782606,-118.196366
20010425,1410,3,OCEAN BL,MAGNOLIA AV,Y,A,0,0,0,2,A,C,7,N,C,C,A,H,A,A,N,33.767374,-118.197984
20010425,1440,3,RT 91,LONG BCH BL,N,A,3,0,2,3,A,C,7,N,B,C,A,H,A,D,N,33.873156,-118.200648
20010425,1750,3,STUDEBAKER,LOS SANTOS,Y,A,0,0,0,2,A,C,9,N,D,C,A,H,A,D,N,33.767374,-118.099496
20010425,1754,3,ANAHEIM,MLK,N,A,4,0,1,2,A,C,11,N,G,B,A,H,A,A,N,33.782609,-118.1807
20010425,1830,3,4,CEDAR,Y,A,3,0,1,2,A,C,10,F,G,B,A,H,A,D,N,33.771701,-118.19508
20010425,1944,3,1,ROYCROFT,N,A,0,0,0,2,A,C,8,N,C,E,A,H,A,D,N,33.758892,-118.140578
20010425,1950,3,WILLOW AV,LAKEWOOD BL,Y,A,0,0,0,1,A,C,8,N,E,I,A,C,C,A,N,33.758892,-118.142788
20010425,1955,3,LOS COYOTES DIAGNL,PALO VERDE,Y,A,0,0,0,2,A,C,6,M,B,C,A,H,B,A,Y,33.820462,-118.107814
20010425,2000,3,GAVIOTA,8,N,A,3,0,1,2,A,C,11,F,G,B,A,H,C,D,N,33.803251,-118.142788
20010425,2010,3,RT 405,LAKEWOOD BL,N,A,0,0,0,1,A,C,8,M,E,I,A,H,D,D,N,33.843075,-118.142426
20010426,655,4,CARSON,LOS COYOTES DIAO,N,A,4,0,1,2,A,C,12,F,H,A,A,H,A,A,N,33.77005,-118.193739
20010426,820,4,RT 405,STEARNS AV,N,B,4,0,2,1,A,C,3,N,E,I,A,H,A,D,N,33.769275,-118.121453
20010426,840,4,RT 91 WBTRN,ATLANTIC AV,N,B,0,0,0,2,A,C,7,N,B,C,A,H,A,D,N,39.576654,-74.226897
20010426,1210,4,RT 91,BUTLER AV,N,A,4,0,1,3,A,C,7,F,A,C,A,H,A,D,N,33.874761,-118.196935
20010426,1440,4,PACIFC CST HWY,WALNUT AV,Y,A,4,0,1,2,-,-,0,N,D,C,A,H,A,A,N,33.789858,-118.171987
20010426,1505,4,CONANT,BELLFLOWER,N,A,3,0,1,1,A,C,8,N,E,I,A,H,A,D,N,33.825086,-118.125131
20010426,1620,4,RT 91,MYRTLE AV,N,A,0,0,0,2,A,C,3,N,C,C,A,H,A,D,N,33.818749,-118.130842
20010426,1650,4,RT 710 SBTRN,L A RV OC,N,A,0,0,0,2,A,C,3,N,C,C,A,H,A,D,N,33.874761,-118.196935
20010426,1715,4,RT 405,WARDLOW RD,N,A,4,0,2,6,A,C,3,F,C,C,A,H,A,A,N,33.818749,-118.130842
20010426,1753,4,7,PARK AV,N,A,0,0,0,2,A,C,3,N,C,C,A,H,A,D,N,33.775354,-118.137369
20010426,1828,4,BROADWAY,ATLANTIC AV,N,A,0,0,0,2,D,-,0,N,H,E,A,H,A,D,N,33.775354,-118.185044
20010427,205,5,APPIAN WY,COLORADO,Y,A,3,0,1,2,A,C,12,N,D,C,A,H,C,D,Y,33.769883,-118.134412
20010427,640,5,RT 405,CHERRY AV,N,A,4,0,1,2,A,C,8,N,B,C,A,H,A,D,N,33.82317,-118.167726
20010427,853,5,PACIFC CST HWY,JUNIPERO AV,Y,A,0,0,0,2,A,C,9,N,D,C,A,H,A,A,N,33.789856,-118.163304
20010427,901,5,ATHERTON,FANWOOD,N,B,4,0,2,4,A,C,3,N,C,C,A,H,A,A,N,33.788775,-118.116135
20010427,1118,5,17,PACIFIC AV,N,B,0,0,0,1,A,C,8,N,E,I,A,H,A,A,N,33.767285,-118.193747
20010427,1200,5,TERMINO AV,2,N,A,0,0,0,2,A,C,8,M,B,C,A,H,A,D,N,33.762365,-118.14591
20010427,1238,5,ARGONNE AV,2,N,A,0,0,0,2,D,-,0,M,B,E,A,H,A,D,N,33.756666,-118.139367
20010427,1338,5,PACIFC CST HWY,ROSE AV,N,A,4,0,3,3,A,C,3,N,C,C,A,H,A,D,N,33.789858,-118.169818
20010427,1430,5,RT 710 SBOFF/R,ARTESIA BL,N,A,0,0,0,2,A,C,3,M,C,C,A,H,A,A,N,33.873075,-118.068043
20010427,1500,5,RT 91,PARAMOUNT BL,N,A,0,0,0,2,A,C,7,N,B,C,A,H,A,D,N,33.876245,-118.162684
20010427,1530,5,RT 405,WALNUT AV,N,A,0,0,0,2,A,C,3,N,C,C,A,H,A,D,N,33.811666,-118.171975
20010427,1535,5,RT 405,PALO VERDE,N,A,0,0,0,2,A,C,7,M,B,C,A,H,A,D,N,33.77005,-118.193739
20010427,1545,5,KONA LN,POLYNESIAN DR,N,A,4,0,1,2,A,C,5,N,G,B,A,H,A,D,N,33.874114,-118.188718
20010427,1630,5,DELANO AV,LBB,N,A,4,0,1,2,A,C,3,N,C,C,A,H,A,A,N,33.77005,-118.193739
20010427,1710,5,LOS ALAMTS TRF CIR,PACIFC CST HWY,Y,A,0,0,0,2,A,C,7,N,B,C,A,H,A,D,N,33.77005,-118.193739
20010427,1910,5,CHESTNUT,21,N,A,3,0,1,2,A,C,11,N,G,B,A,H,A,D,N,33.795295,-118.195892
20010427,2050,5,7,DAISY,Y,A,0,0,0,2,A,C,8,N,D,C,A,H,C,A,N,33.795295,-118.199381
20010427,2300,5,RT 605,STUDEBAKER RD,N,A,4,0,2,2,A,C,3,N,E,J,A,D,D,D,N,33.876245,-118.162684
20010427,2315,5,RT 405,STUDEBAKER RD,N,A,0,0,0,2,A,C,7,N,B,C,A,H,C,D,N,33.791446,-118.099621
20010427,2353,5,EUCALYPTUS AV,WILLOW,N,B,0,0,0,2,A,C,21,M,H,C,A,H,C,D,N,33.804318,-118.196963
20010428,4,6,SPRING,STUDEBAKER,Y,A,4,0,2,2,A,C,9,N,D,C,A,H,C,A,N,33.810501,-118.099235
20010428,150,6,UMATILLA,ANAHEIM,N,B,0,0,0,3,A,C,8,M,A,C,A,H,C,D,N,33.782589,-118.146627
20010428,201,6,7,GARDENIA,N,B,2,0,1,3,A,C,11,F,G,B,B,H,C,D,Y,,-118.16875
20010428,307,6,PACIFC CST HWY,7,Y,B,0,0,0,2,A,C,7,M,B,C,A,H,C,A,N,33.775387,-118.122914
20010428,515,6,PACIFC CST HWY,RT 710 NBON/R,N,A,3,0,1,1,A,C,1,N,E,I,A,H,C,D,Y,33.775343,-118.16875
20010428,935,6,CARSON,WALNUT,N,A,0,0,0,2,A,C,1,N,C,E,A,H,A,D,Y,33.832426,-118.172014
20010428,941,6,CHERRY AV,WARDLOW RD,Y,B,4,0,1,2,A,C,12,N,D,C,A,H,A,A,N,33.81892,-118.167686
20010428,1208,6,14,DAWSON AV,Y,A,3,0,1,2,A,C,12,N,H,G,A,H,A,D,N,33.81892,-118.167686
20010428,1305,6,BROADWAY,MAINE AV,Y,B,4,0,1,2,A,C,8,N,F,A,A,H,A,D,N,33.784413,-118.165467
20010428,1402,6,ATLANTIC,BROADWAY,Y,A,0,0,0,2,A,C,12,N,D,C,A,H,A,A,N,,-118.185044
20010428,1510,6,RT 710,RT 405,N,A,0,0,0,2,A,C,3,N,C,C,A,H,A,D,N,33.77005,-118.193739
20010428,1640,6,LOS COYOTES DIAG,FERRO,N,B,3,0,1,1,A,C,3,N,H,A,A,H,A,D,N,33.794824,-118.135756
20010428,1945,6,ROYCROFT AV,BARKER WY,Y,A,0,0,0,2,A,C,13,N,C,E,A,H,C,A,N,33.771256,-118.138295
20010428,2047,6,NORWALK BL,226,N,A,1,1,0,2,A,C,1,N,G,B,A,H,C,A,Y,33.832426,-118.172014
20010428,2125,6,RT 710,RT 405 OC,N,A,4,0,1,2,A,C,8,N,B,C,A,H,C,D,N,33.77005,-118.193739
20010428,2214,6,7,BELLFLOWER BL,N,A,0,0,0,3,A,C,3,N,C,C,A,H,C,A,N,33.775248,-118.121193
20010429,16,7,PACIFC CST HWY,LONG BCH BL,N,A,0,0,0,2,D,-,0,M,C,C,A,H,C,A,N,33.789852,-118.189507
20010429,23,7,PACIFC CST HWY,LONG BCH BL,Y,A,0,0,0,2,A,C,1,N,C,C,A,H,C,A,Y,33.789852,-118.189507
20010429,150,7,WILLOW,PACIFIC AV,Y,B,1,1,3,2,A,C,1,N,A,C,A,H,C,A,Y,33.80444,-118.193717
20010429,1115,7,RT 710,WARDLOW RD,N,A,0,0,0,2,A,C,3,N,C,C,A,H,A,D,N,33.818749,-118.130842
20010429,1403,7,XIMENO,11,N,A,0,0,0,3,A,C,21,N,B,C,A,H,A,D,N,33.780777,-118.141546
20010429,1600,7,RT 710,WARDLOW RD,N,A,0,0,0,2,A,C,7,M,E,I,A,D,A,D,N,33.818749,-118.130842
20010429,1601,7,RT 710,WARDLOW RD,N,A,0,0,0,2,A,C,3,N,C,C,A,D,A,D,N,33.818749,-118.130842
20010429,1605,7,WALKERTON,STUDEBAKER,N,A,0,0,0,1,A,C,3,N,E,I,A,H,A,D,N,33.82637,-118.099046
20010429,1654,7,PACIFC CST HWY,HARBOR,N,A,0,0,0,2,-,-,0,N,C,C,A,G,A,D,Y,33.789825,-118.210498
20010429,1834,7,7,PARK AV,Y,A,0,0,0,2,A,C,9,N,D,C,A,H,A,A,N,33.775354,-118.137369
20010429,1902,7,7,OLIVE AV,Y,A,0,0,0,2,A,C,17,N,D,C,A,H,B,A,N,33.775358,-118.182398
20010429,2104,7,WILLOW,HAYES AV,N,A,0,0,0,2,D,-,0,M,C,C,A,H,C,A,N,33.804316,-118.218706
20010430,13,1,3,MOLINO AV,N,A,0,0,0,5,A,C,8,M,C,E,A,H,C,A,N,33.818749,-118.130842
20010430,50,1,RT 405,LAKEWOOD BL,N,A,0,0,0,1,A,C,8,N,E,I,A,H,D,D,N,33.843075,-118.142426
20010430,529,1,PLYMOUTH,ROSE AV,N,B,0,0,0,2,A,C,7,M,A,C,A,H,B,D,N,33.853489,-118.170489
20010430,757,1,ANAHEIM,ORIZABA AV,Y,A,3,0,1,4,A,C,9,F,D,C,A,H,A,A,N,33.782602,-118.156761
20010430,850,1,PACIFC CST HWY,PACIFIC,Y,A,0,0,0,2,A,C,12,N,H,C,A,H,A,A,N,33.77005,-118.193739
20010430,1015,1,BELLFLOWER,LOS COYOTES DGNL,Y,A,0,0,0,2,D,-,0,N,D,C,A,H,A,A,N,33.802141,-118.125195
20010430,1035,1,LOS COYOTES DIA,OUTER TRAFFIC CIR,Y,A,0,0,0,2,A,C,12,M,B,C,A,H,A,A,N,33.790991,-118.141022
20010430,1330,1,MLK,NEW YORK,Y,A,4,0,1,2,A,C,5,N,H,G,A,H,A,A,N,33.790991,-118.180687
20010430,1342,1,3,LONG BCH BL,Y,A,0,0,0,1,A,C,17,M,H,F,A,H,A,A,N,33.766985,-118.189485
20010430,1350,1,RT 710 SBOFF/R,PACIFC CST HWYOC,N,A,0,0,0,1,A,C,3,N,E,I,A,H,A,D,N,33.843075,-118.142426
20010430,1405,1,PASADENA AV,21,N,A,4,0,2,2,A,C,6,N,B,C,A,H,A,D,N,33.766985,-118.189485
20010430,1421,1,SAN ANTONIO DR,ELM AV,Y,A,4,0,1,2,A,C,9,N,D,C,A,H,A,A,N,33.795304,-118.187198
20010430,1525,1,RT 405,CHERRY AV,N,A,4,0,1,4,A,C,7,N,B,C,A,H,A,D,N,33.82317,-118.167726
20010430,1602,1,7,MARGO AV,Y,A,0,0,0,2,A,C,8,M,D,C,A,H,A,A,N,33.77506,-118.111726
20010430,1700,1,HENRY FORD,OCEAN BL,N,A,0,0,0,2,A,C,7,N,B,C,A,H,A,D,N,39.622653,-74.194003
20010430,1700,1,RT 405,LAKEWOOD BL,N,A,0,0,0,2,A,C,3,N,C,C,A,H,A,D,N,33.843075,-118.142426
20010430,1725,1,LONG BCH BL,COLUMBIA,Y,A,0,0,0,2,A,C,4,N,C,C,A,H,A,A,N,33.809081,-118.189357
20010430,1741,1,JUNIPERO,6,Y,A,0,0,0,2,A,C,9,N,D,C,A,H,A,D,N,33.773995,-118.163702
20010501,231,2,EDISON AV,9,N,A,0,0,0,1,A,C,9,N,H,F,A,H,C,D,N,33.775231,-118.11529
20010501,645,2,ORANGE,DELAMO,N,A,3,0,1,1,D,-,0,N,E,I,A,H,A,A,N,33.846917,-118.176842
20010501,753,2,OCEAN BL,CHESTNUT PL,Y,B,0,0,0,2,A,C,9,N,B,C,A,H,A,A,N,33.767148,-118.196381
20010501,757,2,ATLANTIC,DAYMAN,N,A,4,0,2,2,A,C,7,N,B,C,A,H,A,D,N,,
20010501,1023,2,STUDEBAKER RD,SPRING,Y,B,3,0,1,2,A,C,9,N,D,C,A,H,A,A,N,33.810501,-118.099235
20010501,1140,2,4,ROSWELL,Y,A,0,0,0,2,D,-,0,N,B,C,A,H,A,A,N,33.771711,-118.143733
20010501,1221,2,XIMENO AV,4,Y,A,0,0,0,2,A,-,0,N,D,C,A,H,A,A,N,33.771711,-118.143733
20010501,1300,2,LONG BCH BL,67,N,A,0,0,0,2,A,C,4,N,C,C,A,H,A,D,N,33.758385,-118.143457
20010501,1315,2,LONG BCH BL,WARDLOW,N,A,0,0,0,2,A,C,7,N,C,E,A,H,A,D,N,39.722401,-74.125632
20010501,1348,2,BROADWAY,ROYCROFT,Y,A,4,0,1,2,A,C,3,N,D,C,A,H,A,D,N,33.764445,-118.138315
20010501,1500,2,14,JUNIPERO AV,N,A,0,0,0,2,A,C,21,M,H,C,A,H,A,D,N,33.764516,-118.166511
20010501,1505,2,ATLANTIC AV,17,Y,A,4,0,1,2,D,-,0,N,H,G,A,H,A,A,N,33.764516,-118.166511
20010501,1515,2,RT 710 WBTRN,RT 105,N,A,4,0,1,1,A,C,3,N,E,I,A,H,A,A,N,33.769086,-118.120973
20010501,1600,2,RT 405,BELLFLOWER BL,N,A,0,0,0,2,A,C,3,N,C,C,A,H,A,D,N,33.769086,-118.120973
20010501,1614,2,OLIVE AV,11,Y,A,4,0,1,2,A,C,12,N,D,C,A,H,A,A,N,33.766777,-118.185063
20010501,1619,2,STUDEBAKER,WESTMINSTER,Y,A,0,0,0,2,A,C,3,N,C,C,A,H,A,A,N,33.759567,-118.103926
20010501,1622,2,MARKET,LINDEN AV,Y,A,0,0,0,2,A,C,12,M,D,C,A,H,A,D,N,33.759567,-118.18594
20010501,1640,2,RT 405,BELLFLOWER BL,N,A,0,0,0,2,A,C,3,N,C,C,A,H,A,D,N,33.769086,-118.120973
20010501,1645,2,E 6,ORIZABA,N,A,4,0,1,2,A,C,9,N,H,G,A,H,A,D,N,33.773524,-118.156766
20010501,1657,2,BELLFLOWER BL,S CARSON,N,A,4,0,1,2,A,C,3,N,C,C,A,H,A,A,N,33.832358,-118.125209
20010501,1742,2,ARTESIA BL,E CHERRY AV,N,A,2,0,1,2,A,C,3,N,C,C,A,H,A,A,N,33.832358,-118.16871
20010501,1750,2,JUNIPERO AV,7,Y,A,4,0,1,2,A,C,9,N,D,C,A,H,A,A,N,33.8746,-118.166624
20010501,1750,2,WILLOW,LAKEWOOD,Y,A,0,0,0,2,A,C,4,N,C,C,A,H,A,A,N,33.803251,-118.142788
20010501,1813,2,STUDEBAKER RD,LOUNES,N,B,0,0,0,2,-,-,0,N,C,C,A,H,A,D,N,33.803251,-118.142788
20010501,1932,2,TERMINO AV,ANAHEIM,Y,A,2,0,1,2,A,C,12,N,D,C,A,H,B,A,N,33.782595,-118.145883
20010501,2050,2,7,CAMPUS DR,N,A,0,0,0,2,A,C,1,M,C,C,A,H,C,A,Y,33.775231,-118.11529
20010501,2132,2,6,ATLANTIC AV,Y,A,0,0,0,2,A,C,8,M,B,C,A,H,C,A,N,33.774145,-118.185047
20010501,2150,2,XIMENO AV,15,N,A,1,1,0,2,A,C,11,N,G,B,A,H,C,D,N,33.758572,-118.143378