COLLISION_DATE,COLLISION_TIME,DAY_OF_WEEK,PRIMARY_RD,SECONDARY_RD,INTERSECTION,WEATHER_1,COLLISION_SEVERITY,NUMBER_KILLED,NUMBER_INJURED,PARTY_COUNT,PRIMARY_COLL_FACTOR,PCF_CODE_OF_VIOL,PCF_VIOL_CATEGORY,HIT_AND_RUN,TYPE_OF_COLLISION,MVIW,ROAD_SURFACE,ROAD_COND_1,LIGHTING,CONTROL_DEVICE,ALCOHOL_INVOLVED,LATITUDE,LONGITUDE
20010529,2115,2,ATLANTIC,6,Y,A,3,0,2,2,A,C,12,N,D,C,A,H,C,A,N,33.774145,-118.185047
20010529,2144,2,WALNUT AV,36,N,A,0,0,0,3,A,C,1,N,B,E,A,H,C,D,Y,33.850492,-117.875066
20010529,2158,2,CARROLL PK E,3,N,A,0,0,0,3,A,C,21,M,B,E,A,H,C,D,N,33.774145,-118.185047
20010530,720,3,XIMINO,10,N,A,3,0,2,2,D,-,0,N,H,G,A,H,A,A,N,33.778959,-118.141544
20010530,732,3,CHERRY AV,WARDLOW RD,Y,A,0,0,0,2,A,C,3,N,C,C,A,H,A,A,N,33.81892,-118.167686
20010530,733,3,LOS COYOTES DIAG,BELLFLOWER,Y,-,0,0,0,2,A,C,8,M,D,C,A,H,A,A,N,33.81892,-118.125195
20010530,800,3,536 LIME AV,LIME AV 536,N,F,0,0,0,2,D,-,0,M,C,E,A,H,C,D,N,33.802966,-118.183861
20010530,800,3,CHESTNUT AV,STEWART WY,N,A,0,0,0,2,-,-,0,N,H,C,A,H,A,D,N,33.802966,-118.197614
20010530,800,3,RT 710,UNION PACIFIC RR,N,A,0,0,0,3,A,C,3,M,C,C,A,H,A,D,N,33.77005,-118.193739
20010530,810,3,RT 710,RT 405,N,A,0,0,0,3,A,C,7,N,B,C,A,H,A,D,N,33.77005,-118.193739
20010530,849,3,CLARK AV,WILLOW,N,A,3,0,2,3,A,C,8,N,D,C,A,H,A,A,N,33.832155,-118.197614
20010530,945,3,RT 405,CHERRY AV,N,A,4,0,2,3,A,C,3,N,C,C,A,H,A,D,N,33.82317,-118.167726
20010530,1010,3,LONG BCH BL,16,Y,A,0,0,0,2,A,C,3,N,C,C,A,H,A,A,N,33.76715,-118.189288
20010530,1050,3,COLUMBIA,ATLANTIC AV,N,A,0,0,0,2,A,C,21,N,H,C,A,H,A,D,N,33.76715,-118.189288
20010530,1057,3,SANTA FE,S WILLARD,N,A,0,0,0,2,A,C,3,N,B,E,A,H,A,A,N,33.794386,-118.215391
20010530,1200,3,ANAHEIM,ST LOUIS AV,Y,A,0,0,0,2,A,C,9,N,D,C,A,A,A,D,N,33.794386,-118.215391
20010530,1425,3,RT 710,RT 91,N,A,0,0,0,2,A,C,3,M,C,C,A,H,A,D,N,33.77005,-118.193739
20010530,1525,3,7,JUNIPERO AV,N,A,0,0,0,2,A,C,4,N,C,C,A,H,A,D,N,33.775345,-118.163313
20010530,1758,3,6,LONG BCH BL,N,A,0,0,0,2,A,C,3,N,C,C,A,H,A,D,N,33.775345,-118.163313
20010530,1804,3,LONG BCH BL,WILLOW,N,A,0,0,0,2,A,C,7,N,B,C,A,H,A,D,N,33.804424,-118.189443
20010530,1920,3,HOME,CEDAR AV,N,A,0,0,0,2,A,C,3,M,B,E,A,H,A,D,N,33.804424,-118.189443
20010530,1925,3,RT 710,WILLOW,N,A,0,0,0,2,A,C,7,M,B,C,A,H,A,D,N,33.77005,-118.193739
20010530,2030,3,LB BL,HILL,N,A,0,0,0,1,A,C,11,N,H,H,A,H,C,A,N,33.797722,-118.18927
20010530,2230,3,MARKET,ORANGE AV,N,A,0,0,0,2,A,C,8,M,B,C,A,H,C,D,N,33.854348,-118.17725
20010531,32,4,BELLFLOWER BL,27,N,A,2,0,1,1,A,C,1,N,E,I,A,H,C,D,Y,33.805059,-118.125192
20010531,640,4,7,ATLANTIC AV,Y,A,0,0,0,2,A,C,12,N,D,C,A,H,A,A,N,33.766564,-118.185066
20010531,726,4,LONG BCH BL,GORDON,N,A,0,0,0,2,A,C,3,N,C,C,A,H,A,A,N,33.766564,-118.199892
20010531,730,4,RT 710,WARDLOW RD,N,B,0,0,0,2,A,C,3,N,C,C,A,D,A,D,N,33.818749,-118.130842
20010531,745,4,RT 405,CLARK AV,N,B,0,0,0,2,A,C,3,N,C,C,A,H,A,D,N,33.817379,-118.133749
20010531,750,4,MARKET,LINDEN AV,N,A,3,0,1,2,A,C,0,F,H,G,A,H,A,D,N,33.854316,-118.18594
20010531,814,4,MLK BL,11,N,A,4,0,1,2,A,C,3,N,C,C,A,H,A,A,N,33.854316,-118.180671
20010531,903,4,MAGNOLIA AV,7,Y,A,4,0,1,2,A,C,12,N,D,C,A,H,A,A,N,33.767721,-118.198069
20010531,956,4,OCEAN BL,RT 47,N,A,0,0,0,2,D,-,0,N,B,C,A,H,A,D,N,39.627783,-74.190228
20010531,1210,4,RT 710 NBTRN,RT 450,N,A,4,0,1,1,A,C,3,N,E,I,A,H,A,D,N,33.817379,-118.133749
20010531,1228,4,LAKEWOOD BL,CONANT,N,A,1,1,0,2,A,C,6,F,B,C,A,D,A,D,N,33.825091,-118.142648
20010531,1440,4,RT 405 NBON/R,ATLANTIC AV,N,A,0,0,0,2,A,C,3,N,C,C,A,H,A,A,N,33.77005,-118.193739
20010531,1441,4,69 WY,LBB,N,A,0,0,0,2,A,C,8,N,B,E,A,H,A,A,N,33.77005,-118.193739
20010531,1505,4,DAWSON AV,11,N,A,0,0,0,2,A,C,21,M,H,E,A,H,A,D,N,,
20010531,1520,4,2,SORRENTO,Y,A,0,0,0,2,A,C,12,N,D,C,A,H,A,A,N,33.780778,-118.165487
20010531,1520,4,RT 405,WOODRUFF AV,N,A,0,0,0,3,A,C,3,N,C,C,A,H,A,D,N,33.813146,-118.115196
20010531,1525,4,70,LIME AV,N,A,2,0,1,2,A,C,11,N,G,B,A,H,A,D,N,33.881824,-118.183953
20010531,1525,4,ATLANTIC,46,Y,A,0,0,0,2,A,C,8,N,D,C,A,H,A,A,N,33.842656,-118.185027
20010531,1537,4,SOUTH,LEMON,N,A,4,0,1,3,A,C,3,N,C,C,A,H,A,D,N,33.860114,-118.179144
20010531,1539,4,PACIFIC,PACIFC CST HWY,Y,A,0,0,0,1,A,C,8,N,E,I,A,H,A,A,N,33.789847,-118.193724
20010531,1555,4,RT 91,ORANGE AV UC,N,A,0,0,0,2,A,C,3,N,C,C,A,H,A,D,N,33.813146,-118.115196
20010531,1623,4,7,REDONDO AV,N,A,0,0,0,2,A,C,3,N,C,C,A,H,A,D,N,33.761088,-118.152648
20010531,1630,4,ANAHEIM,ATLANTIC AV,N,A,0,0,0,2,D,-,0,M,D,C,A,H,A,A,N,33.782609,-118.185034
20010531,1634,4,4,PANAMA AV,N,A,3,0,1,2,A,C,17,N,G,B,A,H,A,D,N,33.782609,-118.185034
20010531,1710,4,CHERRY AV,69,N,A,4,0,1,3,A,C,3,N,C,C,A,H,A,D,N,33.7717,-118.129608
20010531,1833,4,LOS COYOTES DIAGNL,CLARK AV,Y,A,0,0,0,2,A,C,12,N,D,C,A,H,A,A,N,33.796144,-118.134002
20010531,1901,4,PACIFIC,8,N,A,0,0,0,2,A,C,8,N,B,C,A,H,A,D,N,33.796144,-118.134002
20010531,1915,4,CHESTNUT,21,N,A,3,0,1,2,A,C,1,F,G,B,A,H,A,D,Y,33.795295,-118.195892
20010531,1930,4,PINE AV,16,Y,A,0,0,0,2,A,C,8,N,D,C,A,H,B,D,N,46.347236,-124.054712
20010531,2030,4,49,GRISHAM,Y,A,0,0,0,1,A,C,3,M,E,I,A,H,C,D,N,33.844838,-118.194238
20010531,2200,4,ALY N ACKERFILD AV,ACKEFIELD AV 5560,N,A,0,0,0,1,A,C,21,M,E,I,A,H,C,D,N,33.844838,-118.194238
20010531,2317,4,LAKEWOOD BL,STEARNS,N,A,0,0,0,2,-,-,0,N,B,C,A,H,C,D,N,33.796078,-118.142774
20010601,640,5,RT 91,PARAMOUNT BL,N,B,0,0,0,2,A,C,7,M,B,C,A,H,A,D,N,33.876245,-118.162684
20010601,653,5,ATLANTIC AV,4,Y,A,0,0,0,2,A,C,12,M,D,C,A,H,A,A,N,33.77005,-118.193739
20010601,751,5,STERNS,ZANDIA AV,Y,A,4,0,1,2,A,C,8,N,D,C,A,H,A,D,N,33.766508,-118.185029
20010601,817,5,4,TREMONT,N,B,0,0,0,2,A,C,7,N,C,E,A,H,A,D,N,33.771704,-118.139979
20010601,825,5,ATLANTIC,ANAHEIM,Y,B,3,0,2,2,A,C,3,N,C,C,A,D,A,A,N,33.782609,-118.185034
20010601,1310,5,RT 710,DEL AMO BL,N,A,4,0,3,2,A,C,3,N,C,C,A,H,A,D,N,33.847073,-118.13081
20010601,1319,5,2,POMONA AV,Y,A,4,0,1,2,A,C,3,N,C,C,A,H,A,D,N,33.754974,-118.134478
20010601,1408,5,LONG BCH BL,14,N,A,4,0,1,2,A,-,0,N,H,G,A,H,A,D,N,33.754974,-118.134478
20010601,1415,5,LOYNES DR,PACIFC CST HWY,Y,A,3,0,1,2,D,-,0,F,H,G,A,H,A,A,N,33.767271,-118.116958
20010601,1430,5,BELLFLOWER BL,ARBOR,N,A,0,0,0,2,A,C,8,M,B,E,A,H,A,D,N,33.843024,-118.12518
20010601,1430,5,RT 710,CARSON UC,N,A,0,0,0,2,A,C,8,N,E,I,A,H,A,A,N,33.77005,-118.193739
20010601,1515,5,LONG BCH BL,ANAHEIM,N,A,0,0,0,2,-,-,0,N,B,C,A,H,A,A,N,33.782605,-118.189258
20010601,1527,5,ANAHEIM,MOLINO,N,A,0,0,0,2,A,C,3,N,C,C,A,H,A,D,N,33.782605,-118.161105
20010601,1720,5,MAGNOLIA AV,6,Y,A,0,0,0,2,A,C,9,N,B,C,A,H,A,A,N,33.78261,-118.161105
20010601,1724,5,PACIFC CST HWY,LEMON,N,A,4,0,1,2,A,C,3,N,C,C,A,H,A,D,N,33.789858,-118.178418
20010601,1840,5,RT 91,DOWNEY AV UC,N,B,0,0,0,2,A,C,7,M,C,C,A,H,B,D,Y,33.8746,-118.16871
20010601,2115,5,ARTESIA BL,PARAMOUNT AV,N,A,0,0,0,2,A,C,1,N,B,C,A,H,C,A,Y,33.77005,-118.193739
20010601,2215,5,CHERRY AV,ARTESIA,N,A,0,0,0,2,A,C,8,N,B,C,A,H,C,D,Y,33.8746,-118.16871
20010601,2225,5,ARTESIA BL,GARDENIA AV,Y,A,0,0,0,1,B,-,22,N,E,I,A,H,C,D,N,33.874721,-118.169765
20010601,2226,5,ATLANTIC,PINE AV,N,A,4,0,2,2,A,C,4,N,C,C,A,H,C,D,N,33.874721,-118.169765
20010601,2333,5,PLYMOUTH,W CHERRY,N,A,0,0,0,2,A,C,5,M,B,E,A,H,C,D,N,33.853485,-118.167731
20010602,14,6,WARDLOW RD,E CLARK AV,N,A,0,0,0,2,A,C,8,M,C,E,A,H,C,D,N,33.818865,-118.133951
20010602,31,6,ATLANTIC AV,10,Y,A,4,0,1,2,A,C,9,F,D,C,A,H,C,A,N,33.766724,-118.184775
20010602,300,6,16,LINDEN AV,N,A,0,0,0,2,A,C,1,N,B,E,A,H,C,D,Y,33.766875,-118.186348
20010602,320,6,ANAHEIM,COTA,Y,A,0,0,0,1,A,C,1,M,E,I,A,H,C,D,Y,33.766875,-118.186348
20010602,514,6,ATLANTIC AV,59,N,A,0,0,0,1,A,C,7,N,E,I,A,H,B,D,Y,33.782688,-118.216558
20010602,815,6,31,ATLANTIC AV,N,A,0,0,0,1,D,-,0,M,E,I,A,H,B,D,N,,
20010602,930,6,RT 91,ATLANTIC AV,N,A,0,0,0,2,A,C,3,N,C,C,A,C,A,D,N,33.874843,-118.193412
20010602,1052,6,MAGNOLIA AV,27,N,A,3,0,1,2,D,-,0,N,G,B,A,H,A,D,N,33.767258,-118.185068
20010602,1130,6,OCEAN,39,Y,A,3,0,1,2,A,C,9,N,D,C,A,H,A,D,N,33.760309,-118.147737
20010602,1200,6,GATE 5  BOFF/R,OCEAN,N,B,3,0,1,1,A,C,3,N,E,I,A,H,A,D,N,33.77005,-118.193739
20010602,1217,6,7,NEBRASKA,N,A,0,0,0,2,A,C,3,M,C,C,A,H,A,D,N,33.775354,-118.17364
20010602,1237,6,2,THE TOLEDO/SORRENT,Y,B,4,0,1,2,A,C,12,N,D,C,A,H,A,A,N,33.75787,-118.128424
20010602,1300,6,ATLANTIC AV,SOUTH,N,B,0,0,0,2,A,C,4,M,C,C,A,H,A,D,N,33.860074,-118.184923
20010602,1437,6,REDONDO AV,15,N,A,0,0,0,2,A,C,9,N,H,G,A,H,A,A,N,33.860074,-118.152618
20010602,1456,6,ST LOUIS AV,ST LOUIS AV 1205,N,A,4,0,1,2,-,-,0,N,G,B,A,H,A,D,N,33.761198,-118.152618
20010602,1527,6,2,MARINA DR,N,A,0,0,0,3,A,C,3,N,C,C,A,H,A,A,N,33.757647,-118.113255
20010602,1530,6,CHERRY AV,E 15,N,A,0,0,0,2,A,C,3,M,C,C,A,H,A,D,Y,33.767522,-118.185067
20010602,1607,6,SPRING,MAGNOLIA,Y,B,0,0,0,3,A,C,8,N,D,C,A,H,A,A,N,33.811631,-118.198084
20010602,1642,6,OBISPO,ANAHEIM,N,A,0,0,0,2,A,C,8,N,B,C,A,H,A,D,N,33.782605,-118.15458
20010602,1735,6,RT 710,9,N,A,0,0,0,3,A,C,7,N,B,C,A,H,A,D,N,33.762173,-118.205115
20010602,1911,6,14,GARDENIA AV,N,A,2,0,1,2,A,C,11,N,G,B,A,H,A,D,N,33.762173,-118.205115
20010602,2058,6,WILLOW,LOS COYOTES DIAG,Y,A,3,0,1,2,A,C,12,N,A,C,A,H,C,A,N,33.78442,-118.168736
20010603,10,7,RT 405,PALOS VERDES AV,N,A,4,0,3,2,A,C,3,N,C,C,A,H,D,D,N,33.77005,-118.193739
20010603,10,7,RT 91,LBB,N,A,3,0,2,1,A,C,3,N,E,I,A,H,C,D,N,33.77005,-118.193739
20010603,39,7,BURNETT,OLIVE,N,A,0,0,0,2,A,C,5,M,B,E,A,H,C,A,Y,33.800742,-118.182854
20010603,309,7,NORTON,LOCUST,N,A,0,0,0,3,A,C,7,M,B,E,A,H,C,D,N,33.858388,-118.189853
20010603,406,7,ELM,61,N,A,0,0,0,2,A,C,7,M,C,E,A,H,C,D,N,33.865057,-118.189011
20010603,1155,7,4,NEWPORT AV,Y,A,0,0,0,2,A,C,9,N,D,C,A,H,A,A,N,33.865057,-118.189011
20010603,1240,7,10,ORANGE AV,Y,A,0,0,0,2,A,C,12,M,D,C,A,H,A,A,N,33.765882,-118.177301
20010603,1305,7,WILLOW,RT 710 SBOFF/R,N,A,4,0,1,2,A,C,21,N,C,C,A,H,A,A,N,33.77005,-118.193739
20010603,1319,7,RT 605,WARDLOW RD,N,A,3,0,1,1,A,C,8,N,E,I,A,H,A,D,N,33.818749,-118.130842
20010603,1545,7,36,ROSE AV,N,A,0,0,0,2,A,C,7,N,B,E,A,H,A,D,N,33.765882,-118.177301
20010603,1630,7,SPRING,LOS COYOTES,Y,A,0,0,0,2,D,-,0,M,H,E,A,H,A,D,N,33.810454,-118.11754
20010603,1648,7,2,SIENA DR,N,A,2,0,2,3,A,C,5,N,H,G,A,H,A,D,N,33.810454,-118.127618
20010603,1710,7,CHERRY AV,69,N,A,0,0,0,2,A,C,8,N,C,E,A,H,A,D,N,33.765521,-118.168248
20010603,1710,7,OCEAN BL,E LOMA AV,N,A,0,0,0,2,A,C,0,M,B,E,A,H,A,D,N,33.757831,-118.127618
20010603,1718,7,HARBOR SCENIC DR,S HARBOR PLZ,N,A,0,0,0,2,A,C,3,M,C,C,A,H,A,A,N,33.765521,-118.168248
20010603,1817,7,BROADWAY AV,PINE,Y,A,0,0,0,2,A,C,8,M,B,C,A,H,A,D,N,33.752991,-118.195479
20010603,1959,7,ANAHEIM,MLK,N,A,0,0,0,2,A,C,3,M,C,C,A,H,C,A,N,33.782609,-118.1807
20010603,2045,7,FREEMAN AV,7,N,A,0,0,0,2,A,C,21,M,C,E,A,H,C,D,N,33.775336,-118.155666
20010603,2110,7,RT 405,CHERRY AV,N,A,3,0,2,2,A,C,1,N,D,C,A,H,C,D,Y,33.82317,-118.167726
20010603,2141,7,ANAHEIM,OHIO,N,A,4,0,1,2,A,C,11,N,G,B,A,H,C,A,Y,33.800742,-118.160056
20010604,0,1,13 PL,OCEAN BL,N,F,0,0,0,2,-,-,0,M,C,E,A,H,C,D,N,33.764784,-118.170651
20010604,35,1,PARAMOUNT BL,ARTESIA BL,Y,A,0,0,0,2,A,C,12,N,D,C,A,H,C,A,N,33.874619,-118.159983
20010604,234,1,1.203E+19,ORANGE AV,N,C,0,0,0,2,A,C,5,M,D,E,A,H,C,D,N,33.789854,-118.176289
20010604,234,1,PACIFC CST HWY,ORANGE AV,Y,A,0,0,0,2,A,C,9,M,D,C,A,H,C,A,N,33.789854,-118.176289
20010604,504,1,RT 605,WARDLOW RD,N,B,4,0,1,1,A,C,8,N,E,I,A,H,B,D,N,33.818749,-118.130842
20010604,720,1,RT 605,SPRING,N,A,4,0,1,3,A,C,8,N,B,C,A,H,A,D,N,33.77005,-118.193739
20010604,818,1,WILLOW,PINE AV,Y,A,0,0,0,2,A,C,9,N,D,C,A,H,A,D,N,,
20010604,850,1,TERMINO,FOUNTAIN,Y,A,0,0,0,2,D,-,0,N,D,C,A,H,A,D,N,33.783499,-118.145886
20010604,1115,1,CHERRY AV,SAN ANTONIO DR,Y,B,4,0,2,2,A,C,12,N,D,C,A,H,A,A,N,33.846281,-118.167427
20010604,1120,1,SANTA FE AV,17,Y,A,0,0,0,2,A,C,7,M,B,C,A,H,A,-,N,33.846281,-118.167427
20010604,1203,1,16,SANTA FE,N,B,0,0,0,1,A,C,8,N,E,I,A,H,A,D,N,33.788145,-118.215471
20010604,1205,1,SANTA FE AV,N WILLOW,N,A,0,0,0,2,A,C,6,N,B,C,A,H,A,D,N,33.787298,-118.215469
20010604,1227,1,BROADWAY,HERMOSA AV,N,A,0,0,0,2,-,-,0,N,D,C,A,H,A,D,N,33.76751,-118.169669
20010604,1300,1,RT 710,ARTESIA BL OC,N,A,0,0,0,1,A,-,0,N,E,I,A,H,A,A,N,33.775345,-118.193739
20010604,1325,1,7,STUDEBAKER RD,N,A,3,0,1,2,A,C,8,N,B,C,A,H,A,D,N,33.761751,-118.103505
20010604,1330,1,ALY E LOCUST,59,N,A,0,0,0,1,A,C,3,M,E,I,A,H,A,D,N,33.761751,-118.103505
20010604,1500,1,ATLANTIC,45,N,B,0,0,0,2,A,C,7,M,B,C,A,H,A,D,N,33.841729,-118.184896
20010604,1530,1,RT 91,ATLANTIC AV,N,A,3,0,1,2,A,C,7,N,C,C,A,H,A,D,N,33.874843,-118.193412
20010604,1630,1,ANAHIEM,TEMPLE AV,N,A,0,0,0,2,A,C,3,M,C,C,A,H,A,A,N,33.782597,-118.158947
20010604,1730,1,PACIFIC,15,Y,A,4,0,1,2,A,C,4,F,C,C,A,H,A,A,N,33.782597,-118.158947
20010604,1800,1,BELLFLOWER BL,CONANT,Y,A,0,0,0,2,A,C,12,N,D,C,A,H,A,A,N,33.825086,-118.125131
20010604,1805,1,RT 405,WOODRUFF AV,N,A,0,0,0,2,A,C,3,N,C,C,A,H,A,D,N,33.813146,-118.115196
20010604,1829,1,WALNUT AV,61,N,A,4,0,1,2,A,C,11,N,G,B,A,H,A,D,N,33.825086,-118.125131
20010604,1836,1,7,JUNIPERO,Y,A,3,0,2,2,D,-,0,N,D,C,A,H,A,A,N,33.775345,-118.163313
20010604,1839,1,RT 405,BELLFLOWER BL,N,A,0,0,0,2,A,C,3,N,C,C,A,H,A,D,N,33.769086,-118.120973
20010604,1840,1,RT 405,LAKEWOOD BL,N,A,0,0,0,2,A,C,3,M,C,C,A,H,A,D,N,33.843075,-118.142426
20010605,210,2,LONG BCH BL,BROADWAY,Y,A,0,0,0,2,A,C,12,N,D,C,A,H,C,A,N,33.769277,-118.189493
20010605,215,2,RT 605,CARSON,N,A,0,0,0,1,A,C,8,N,E,I,A,H,D,D,N,33.77005,-118.193739
20010605,740,2,RT 710,UNION PACIFIC OC,N,A,0,0,0,3,A,C,3,N,C,C,A,H,A,D,N,33.767377,-118.193739
20010605,752,2,ANAHEIM,OBISPO,Y,A,4,0,1,2,A,C,9,N,A,C,A,H,A,A,Y,33.782605,-118.15458
20010605,825,2,RT 710,UNION PAC OC,N,A,0,0,0,2,A,C,3,M,C,C,A,H,A,D,N,33.77005,-118.193739
20010605,1110,2,7,PACIFC CST HWY,N,A,0,0,0,2,A,C,4,M,C,C,A,H,A,D,N,33.775387,-118.122914
20010605,1124,2,PACIFC CST HWY,LOS COYOTES,Y,A,0,0,0,2,A,C,7,N,B,C,A,H,A,D,N,33.775387,-118.122914
20010605,1218,2,RT 91,CHERRY AV,N,A,0,0,0,3,A,C,8,N,D,C,A,H,A,D,N,33.876334,-118.167205
20010605,1240,2,RT 91,PARAMOUNT BL,N,A,0,0,0,3,A,C,3,N,C,C,A,H,A,D,N,33.876245,-118.162684
20010605,1420,2,LAKEWOOD BL,DOUGLAS CNTR,Y,A,0,0,0,2,A,C,3,N,H,G,A,D,A,A,N,33.830381,-118.142664
20010605,1445,2,14,PETERSON AV,Y,A,0,0,0,2,A,C,9,N,D,C,A,H,A,A,N,33.830381,-118.142664
20010605,1545,2,49,ELM,N,A,3,0,1,2,C,-,18,N,G,B,A,H,A,D,N,33.844905,-118.188298
20010605,1630,2,RT 405,LA RV OC,N,A,0,0,0,3,A,C,8,N,C,C,A,H,A,D,N,33.77005,-118.193739
20010605,1635,2,WILLOW,BELLFLOWER,N,A,0,0,0,2,A,C,4,N,C,C,A,H,A,A,N,,-118.125361
20010605,1646,2,SPRING,PALO VERDE,N,A,0,0,0,2,A,C,9,N,D,C,A,H,A,D,N,33.810426,-118.107869
20010605,1708,2,ATLANTIC AV,7,Y,A,0,0,0,2,A,C,9,N,D,C,A,H,A,A,N,33.766564,-118.185066
20010605,1710,2,E 7,FREEMAN AV,N,A,0,0,0,2,A,C,3,N,C,C,A,H,A,D,N,33.766564,-118.185066
20010605,1720,2,RT 91,RT 710,N,A,0,0,0,2,A,C,3,N,C,C,A,H,A,D,N,32.932282,-80.411644
20010605,1733,2,ATLANTIC AV,N WILLOW,N,A,4,0,2,2,A,C,8,N,H,C,A,H,A,D,N,33.775336,-118.155666
20010605,1810,2,57,LESTER,N,A,0,0,0,2,A,C,9,N,H,G,A,H,A,D,N,33.859189,-118.19349
20010605,1903,2,WILLOW,DELTA,Y,-,0,0,0,2,-,-,0,N,D,C,-,-,B,-,N,33.804424,-118.211099
20010605,2050,2,RT 710,DELAMO BL,N,A,0,0,0,1,C,-,18,N,E,J,A,B,D,D,N,33.77005,-118.193739
20010605,2053,2,CLAIBORNE,MYRTLE,N,A,3,0,1,2,-,-,0,N,C,E,A,H,C,D,N,33.837326,-118.181997
20010605,2100,2,LIME AV,53,N,A,0,0,0,2,A,C,7,N,B,E,A,H,C,D,N,33.837326,-118.183738
20010605,2306,2,PACIFC CST HWY,LONG BCH BL,N,A,4,0,2,2,A,C,1,N,C,C,A,H,C,A,Y,33.789852,-118.189507
20010606,30,3,RT 710,6,N,A,0,0,0,2,A,C,7,M,E,I,A,H,E,D,N,33.775354,-118.137369
20010606,745,3,RT 710,WILLOW,N,A,0,0,0,2,A,C,3,N,C,C,A,H,A,D,N,33.77005,-118.193739
20010606,952,3,WILLOW,ATLANTIC AV,N,A,4,0,2,2,A,C,3,N,C,C,A,H,A,D,N,33.804328,-118.185023
20010606,1045,3,7,CEDAR,Y,A,0,0,0,2,A,C,7,N,B,C,A,H,A,A,N,33.775335,-118.195071
20010606,1107,3,TRAFFIC CIR,LAKEWOOD,Y,A,0,0,0,2,A,C,8,N,D,C,A,H,A,D,N,33.791542,-118.142661
20010606,1145,3,RT 710 SBOFF/R,LONG BCH BL,Y,A,4,0,1,2,A,C,8,N,B,C,A,H,A,A,N,33.77005,-118.193739
20010606,1202,3,10,ROSWELL AV,Y,A,0,0,0,2,A,C,9,N,D,C,A,H,A,A,N,33.77005,-118.144658
20010606,1230,3,OCEAN BL,ALAMITOS,N,A,0,0,0,2,A,C,9,N,D,C,A,H,A,A,N,33.766221,-118.183133
20010606,1459,3,ATLANTIC AV,PACIFC CST HWY,Y,A,0,0,0,2,A,C,17,N,A,C,A,H,A,A,N,33.789867,-118.185018
20010606,1628,3,RT 91,CHERRY AV,N,A,0,0,0,2,A,C,3,N,C,C,A,H,A,D,N,33.876334,-118.167205
20010606,1645,3,MLK AV,PACIFC CST HWY,N,A,0,0,0,3,A,C,3,N,C,C,A,H,A,A,N,33.789856,-118.180653
20010606,1655,3,SOUTH,OBISPO AV,N,A,4,0,1,2,A,C,3,F,C,C,A,H,A,D,N,33.860197,-118.155542
20010606,1726,3,WILLOW,CASPIAN,N,A,4,0,1,3,A,C,3,N,C,C,A,H,A,D,N,33.804425,-118.212179
20010606,1730,3,PARK AV,7,Y,A,0,0,0,2,A,C,1,N,B,C,A,H,A,A,Y,33.876245,-118.162684
20010606,1735,3,SANTA FE AV,25,N,A,0,0,0,2,A,C,9,M,B,C,A,H,A,D,N,33.804425,-118.212179
20010606,1801,3,CHERRY AV,HUNGERFORD,N,A,4,0,2,2,A,C,21,F,C,C,A,H,A,D,N,33.862865,-118.168633
20010606,2255,3,RT 710,PACIFC CST HWY,N,A,0,0,0,2,A,C,7,N,E,I,A,H,D,D,N,33.77005,-118.193739
20010607,105,4,RT 91,PARAMOUNT BL,N,A,4,0,1,1,A,C,3,N,E,I,A,H,D,D,N,33.876245,-118.162684
20010607,412,4,EUCLID AV,ALY N 7,Y,A,0,0,0,1,A,C,1,M,E,I,A,H,C,D,Y,33.876334,-118.167205
20010607,630,4,RT 405,LAKEWOOD BL,N,B,4,0,1,3,A,C,3,N,C,C,A,H,A,D,N,33.843075,-118.142426
20010607,650,4,RT 405,BELLFLOWER BL,N,B,0,0,0,2,A,C,3,N,C,C,A,H,A,D,N,33.769086,-118.120973
20010607,805,4,RT 710,RT 91,N,B,0,0,0,2,A,C,3,N,C,C,A,H,A,D,N,33.77005,-118.193739
20010607,820,4,RT 91,LBB,N,B,4,0,1,3,A,C,3,N,C,C,A,H,A,D,N,33.77005,-118.193739
20010607,825,4,RT 710,GREENLEAF BL,N,A,0,0,0,4,A,C,3,N,C,C,A,H,A,D,N,33.881375,-118.200583
20010607,848,4,NAPLES PLZ DR,2,Y,A,3,0,1,2,A,C,9,N,H,G,A,H,A,A,N,33.858101,-118.183978
20010607,1030,4,CHERRY AV,MARSHALL PL,N,A,0,0,0,2,A,C,8,N,D,C,A,H,A,D,N,33.831485,-118.167514
20010607,1035,4,ROOSEVELT RD,ATLANTIC AV,N,A,0,0,0,2,A,C,4,M,H,C,A,H,A,D,N,33.831485,-118.167514
20010607,1039,4,ATLANTIC AV,4,Y,A,4,0,1,2,A,C,5,N,H,G,A,H,A,A,Y,33.766508,-118.185029
20010607,1104,4,PACIFC CST HWY,XIMENO,N,A,4,0,1,2,A,C,9,N,D,C,A,H,A,A,N,33.789178,-118.141573