COLLISION_DATE,COLLISION_TIME,DAY_OF_WEEK,PRIMARY_RD,SECONDARY_RD,INTERSECTION,WEATHER_1,COLLISION_SEVERITY,NUMBER_KILLED,NUMBER_INJURED,PARTY_COUNT,PRIMARY_COLL_FACTOR,PCF_CODE_OF_VIOL,PCF_VIOL_CATEGORY,HIT_AND_RUN,TYPE_OF_COLLISION,MVIW,ROAD_SURFACE,ROAD_COND_1,LIGHTING,CONTROL_DEVICE,ALCOHOL_INVOLVED,LATITUDE,LONGITUDE
20010616,720,6,ANAHEIM,MAGNOLIA,Y,A,0,0,0,2,D,-,0,N,D,C,A,H,A,A,N,33.782601,-118.198034
20010616,917,6,BELLFLOWER BL,23,N,A,0,0,0,3,A,C,3,M,C,C,A,H,A,A,N,33.799024,-118.125198
20010616,1152,6,OCEAN,MAGNOLIA,Y,A,0,0,0,2,A,C,9,N,D,C,A,H,A,A,N,33.767374,-118.197984
20010616,1632,6,ATLANTIC,SPRING,Y,A,3,0,3,2,A,C,12,N,D,C,A,H,A,A,N,33.81159,-118.185067
20010616,1748,6,SANTE FE AV,ARLINGTON,N,A,0,0,0,1,A,C,7,M,E,I,A,H,A,D,N,33.821957,-118.215381
20010616,1815,6,OCEAN BL,CORONADO,N,A,2,0,3,2,A,C,8,N,D,C,A,H,A,A,N,33.761356,-118.154417
20010616,1900,6,CLARK,HARVEY WY,Y,A,0,0,0,2,A,C,12,M,D,C,A,-,A,A,N,,-118.133837
20010616,2044,6,20,PALMER CT,N,A,0,0,0,3,A,C,1,M,C,E,A,H,C,D,Y,33.77005,-118.193739
20010617,151,7,PACIFC CST HWY,CEDAR AV,N,A,0,0,0,2,D,-,0,M,C,C,A,H,C,A,N,33.789861,-118.195099
20010617,630,7,RT 605,SPRING,N,A,3,0,2,1,A,C,1,N,E,I,A,H,A,D,Y,33.77005,-118.193739
20010617,858,7,67 WY,HARBOR AV,Y,A,0,0,0,1,A,C,8,M,E,I,A,H,A,A,N,33.789861,-118.195099
20010617,926,7,7,CEDAR,Y,A,4,0,2,2,A,C,12,N,D,C,A,H,A,A,N,33.775335,-118.195071
20010617,1000,7,LAKEWOOD,CENTRALIA,N,A,0,0,0,2,D,-,0,N,B,E,A,H,A,D,N,33.775335,-118.142438
20010617,1317,7,ARTESIA BL,ATLANTIC AV,Y,A,0,0,0,2,A,C,21,N,C,C,A,H,A,A,N,33.874312,-118.186089
20010617,1405,7,PACIFC CST HWY,LOS ALTOS,N,A,0,0,0,2,A,C,0,M,H,E,A,H,A,D,N,33.777181,-118.125222
20010617,1440,7,LONG BCH BL,CARSON,Y,A,0,0,0,2,A,C,3,N,C,C,A,H,A,D,N,33.834026,-118.189361
20010617,1448,7,4,ELM AV,Y,A,4,0,1,2,A,C,9,F,D,C,A,H,A,A,N,33.771711,-118.187687
20010617,1525,7,BELLFLOWER,HARCO,N,A,0,0,0,1,C,-,18,N,E,J,A,A,A,D,N,33.827678,-118.12525
20010617,1605,7,INDIANA,65,N,A,3,0,1,2,A,C,11,N,G,B,A,H,A,D,N,33.872073,-118.153486
20010617,1609,7,9,ORANGE,N,A,0,0,0,2,A,C,8,M,B,E,A,H,A,D,N,33.872073,-118.153486
20010617,1730,7,RT 405,WOODRUFF AV,N,A,4,0,1,3,C,-,18,N,B,C,A,H,A,D,N,33.813146,-118.115196
20010617,1745,7,RT 405,LAKEWOOD BL,N,A,0,0,0,2,A,C,3,N,C,C,A,H,A,D,N,33.843075,-118.142426
20010617,1915,7,SHORELINE,PINE,N,A,0,0,0,2,A,C,7,M,B,C,A,H,A,D,N,33.778062,-118.192696
20010617,2050,7,REDONDO AV,15,Y,A,0,0,0,2,A,C,3,M,B,C,A,H,C,A,N,33.761198,-118.152618
20010617,2325,7,7,PARK AV,Y,A,4,0,1,2,A,C,3,F,C,C,A,H,C,A,N,33.775354,-118.137369
20010618,504,1,3,MAGNOLIA AV,Y,A,3,0,2,2,A,C,12,N,D,C,A,H,A,A,N,33.767557,-118.198074
20010618,620,1,PACIFC CST HWY,CHERRY AV,Y,A,0,0,0,2,A,C,9,N,D,C,A,H,A,A,N,33.789861,-118.167643
20010618,645,1,RT 91,CHERRY AV UC,N,A,2,0,1,2,A,C,3,N,C,C,A,H,A,D,N,33.77005,-118.193739
20010618,650,1,RT 710,WARDLOW RD,N,A,3,0,2,3,A,C,3,N,C,C,A,H,A,D,N,33.818749,-118.130842
20010618,650,1,TERMINO,7,Y,A,0,0,0,2,A,C,9,M,D,C,A,H,A,A,N,33.775331,-118.145888
20010618,730,1,RT 710,WARDLOW RD,N,A,0,0,0,2,C,-,18,N,B,C,A,H,A,D,N,33.818749,-118.130842
20010618,920,1,RT 710,RT 405,N,A,3,0,1,2,A,C,8,N,B,C,A,H,A,D,N,33.77005,-118.193739
20010618,1009,1,ATLANTIC AV,BIXBY RD,N,A,0,0,0,2,A,C,3,N,C,C,A,H,A,A,N,33.826706,-118.184958
20010618,1200,1,RT 405,BELLFLOWER BL,N,A,0,0,0,2,A,C,3,N,C,C,A,H,A,D,N,33.769086,-118.120973
20010618,1301,1,SPINNIKER BAY,ELLIOT,N,A,3,0,1,1,B,-,22,N,E,I,A,H,A,D,N,33.826706,-118.184958
20010618,1400,1,TEMPLE,PACIFC CST HWY,N,A,4,0,1,2,A,C,17,N,B,C,A,H,A,D,N,33.789847,-118.158931
20010618,1454,1,SPAULDING,MOLINO,N,A,0,0,0,2,A,C,9,N,D,C,A,H,A,A,N,33.785322,-118.161097
20010618,1535,1,2,THE TOLEDO,N,A,0,0,0,2,A,C,3,N,C,C,A,H,A,A,N,33.758368,-118.130265
20010618,1750,1,RT 91,CHERRY AV UC,N,A,0,0,0,2,A,C,3,N,C,C,A,H,A,D,N,33.77005,-118.193739
20010618,1815,1,7,NEWPORT,Y,A,0,0,0,2,A,C,9,M,D,C,A,H,A,D,N,33.775341,-118.151324
20010618,1830,1,RT 91 NBTRN,RT 710,N,A,3,0,1,1,A,C,3,N,E,I,A,H,A,D,N,33.77005,-118.193739
20010618,1843,1,CHERRY AV,SOUTH,N,A,0,0,0,2,B,-,22,N,B,C,A,H,A,D,N,33.775341,-118.151324
20010618,2009,1,PIER G BERTH 227,THE WAITING LINE,N,A,3,0,1,2,A,C,11,N,G,B,A,H,B,A,N,33.860106,-118.168614
20010618,2109,1,WARDLOW RD,LOS COYOTES DIA,Y,A,4,0,1,2,A,C,17,N,D,C,A,H,D,A,N,33.818767,-118.109842
20010619,743,2,LONG BCH BL,WILLOW,Y,A,4,0,1,3,A,C,12,N,D,C,A,H,A,A,N,33.804424,-118.189443
20010619,749,2,2,RAVENNA DR,Y,A,0,0,0,2,A,C,12,N,D,C,A,H,A,A,N,33.804424,-118.189443
20010619,815,2,PINE AV,10,Y,A,0,0,0,2,A,C,12,N,D,C,A,H,A,A,N,33.756818,-118.123023
20010619,1044,2,PACIFC CST HWY,COTA AV,N,A,0,0,0,2,A,C,3,N,C,C,A,H,A,A,N,,
20010619,1100,2,7,TERRAINE AV,Y,A,4,0,2,4,A,C,4,N,C,C,A,H,A,D,N,33.775326,-118.127428
20010619,1150,2,CORONA AV,2,N,A,0,0,0,2,A,C,17,M,H,G,A,H,A,A,N,33.755801,-118.137244
20010619,1247,2,CARSON,CHARLEMAGNE,Y,A,4,0,1,2,A,C,9,N,D,C,A,H,A,D,N,33.755801,-118.130558
20010619,1432,2,LONG BCH BL,19,Y,A,4,0,2,2,A,C,12,N,D,C,A,H,A,A,N,39.712874,-74.129674
20010619,1547,2,36,INDUSTRY AV,N,A,0,0,0,1,A,C,5,M,E,I,A,H,A,D,N,39.712874,-74.129674
20010619,1605,2,PACIFC CST HWY,PACIFIC AV,N,A,0,0,0,2,A,C,3,N,C,C,A,H,A,A,N,46.356782,-124.054189
20010619,1610,2,RT 405,LBB,N,A,0,0,0,2,A,C,3,N,C,C,A,H,A,D,N,33.77005,-118.193739
20010619,1613,2,BROADWAY,ATLANTIC,Y,A,3,0,1,2,A,C,8,N,G,B,A,H,A,A,N,33.769275,-118.185044
20010619,1625,2,RT 405,WOODRUF AV,N,A,0,0,0,4,A,C,3,N,C,C,A,H,A,D,N,33.77005,-118.193739
20010619,1634,2,7,REDONDO,Y,A,0,0,0,2,A,C,8,M,D,C,A,H,A,A,N,33.769275,-118.152417
20010619,1645,2,RT 405,SPRING,N,A,0,0,0,2,A,C,7,N,C,C,A,H,A,D,N,33.77005,-118.193739
20010619,1706,2,WILLOW,PALO VERDE AV,Y,A,4,0,2,2,A,C,9,N,D,C,A,H,A,A,N,33.803149,-118.107912
20010619,1730,2,RT 710,RT 405,N,A,0,0,0,4,A,C,3,M,C,C,A,H,A,A,N,33.77005,-118.193739
20010619,1740,2,PACIFC CST HWY,SEABRIGHT,Y,A,4,0,1,2,A,C,9,F,A,C,A,H,A,D,N,33.789799,-118.217643
20010619,1943,2,RT 710,BROADWAY  BOFF/R,Y,A,0,0,0,2,A,C,7,N,C,C,A,H,B,D,N,33.789799,-118.217643
20010619,2022,2,EASY AV,23,N,A,3,0,2,2,A,C,7,F,A,C,A,H,C,D,N,33.798929,-118.210009
20010619,2030,2,PACIFC CST HWY,2,Y,A,0,0,0,2,A,C,0,M,E,I,A,H,C,A,N,33.758149,-118.111272
20010619,2035,2,LOS COYOTES DIA,BELLFLOWER BL,Y,A,0,0,0,2,A,C,12,N,D,C,A,H,C,A,N,33.758149,-118.111272
20010619,2155,2,7,LONG BCH BL,Y,A,4,0,2,2,-,-,0,N,D,C,A,G,C,A,N,39.712575,-74.129946
20010620,30,3,RT 5 SBON/R,COLORADO BL,N,A,0,0,0,1,A,C,1,N,E,I,A,H,D,D,Y,33.867402,-118.168659
20010620,450,3,RT 710,DEL AMO BL,N,A,3,0,3,3,A,C,7,N,B,C,A,H,C,D,N,33.847073,-118.13081
20010620,451,3,RT 710,DEL AMO BL,N,A,3,0,2,2,A,C,7,N,B,C,A,H,C,D,N,33.847073,-118.13081
20010620,452,3,RT 710,DEL AMO BL,N,A,4,0,1,1,A,C,8,N,E,I,A,H,B,D,N,33.847073,-118.13081
20010620,945,3,RT 710,ATLANTIC AV,N,A,0,0,0,2,A,C,3,N,C,C,A,H,A,D,N,39.576654,-74.226897
20010620,1135,3,RT 405 NBTRN,RT 710,N,A,0,0,0,2,A,C,7,N,B,C,A,H,A,D,N,33.77005,-118.193739
20010620,1140,3,CHERRY AV,HARDING AV,N,A,0,0,0,2,A,C,7,M,C,C,A,H,A,D,Y,33.867402,-118.168659
20010620,1140,3,RT 710,EDISON CO UC,N,A,0,0,0,1,A,C,3,N,E,I,A,D,A,D,N,33.77005,-118.193739
20010620,1205,3,10,LIME,Y,A,3,0,3,2,A,C,8,N,D,C,A,H,A,D,N,33.778965,-118.183959
20010620,1353,3,7,XIMENO AV,Y,A,4,0,2,2,A,C,9,N,D,C,A,H,A,A,N,33.77533,-118.141552
20010620,1429,3,CLARK AV,HARVEY,N,A,0,0,0,1,D,-,0,N,E,I,A,H,A,D,N,33.77533,-118.141552
20010620,1500,3,MARKET,MYRTLE AV,Y,A,0,0,0,2,A,-,0,N,H,G,A,H,A,D,N,33.836122,-118.133837
20010620,1530,3,RT 91,ATLANTIC AV,N,A,0,0,0,3,A,C,3,N,C,C,A,H,A,D,N,33.874843,-118.193412
20010620,1540,3,RT 710,COMPTON CRK,N,A,0,0,0,3,A,C,4,N,C,C,A,H,A,D,N,33.77005,-118.193739
20010620,1551,3,PACIFC CST HWY,MLK,N,A,0,0,0,3,A,C,4,N,C,C,A,H,A,D,N,33.789856,-118.180653
20010620,1604,3,SANTA FE,N COWLES,N,A,3,0,1,2,A,C,9,N,D,C,A,H,A,A,N,33.784665,-118.215486
20010620,1611,3,ANAHEIM,ST LOUIS AV,Y,A,0,0,0,3,A,C,9,N,D,C,A,H,A,A,N,33.782603,-118.166577
20010620,1625,3,SOUTH,E CHERRY AV,N,A,4,0,1,2,A,C,4,N,C,C,A,H,A,A,N,33.782603,-118.168614
20010620,1640,3,17,PACIFIC AV,Y,A,0,0,0,2,A,C,8,N,A,C,A,H,A,A,N,33.767285,-118.193747
20010620,1652,3,OCEAN BL,GATE 2,N,A,4,0,1,2,A,C,7,N,B,C,A,H,A,D,N,33.767285,-118.193747
20010620,1700,3,PINE AV,5,N,A,4,0,1,2,A,C,17,N,H,G,A,H,A,D,N,33.76607,-118.180447
20010620,1735,3,ANAHEIM,GAVIOTA,N,A,0,0,0,2,A,C,3,N,C,C,A,H,A,A,N,33.782602,-118.170932
20010620,1740,3,PETERSON,15,N,A,3,0,1,2,A,C,3,N,H,G,A,H,A,D,N,33.786233,-118.173062
20010620,1747,3,REDONDO,8,Y,A,4,0,3,3,A,C,3,N,C,C,A,H,A,D,N,33.786233,-118.173062
20010620,1841,3,17,LEMON AV,Y,A,0,0,0,2,A,C,5,M,B,C,A,H,A,D,N,33.777169,-118.152415
20010620,2002,3,MYRTLE AV,63,N,A,0,0,0,2,A,C,8,M,B,E,A,H,A,D,N,33.788047,-118.178505
20010620,2040,3,PACIFC CST HWY,CHERRY AV,Y,A,0,0,0,1,A,C,8,N,E,I,A,H,C,A,N,33.789861,-118.167643
20010620,2045,3,GALE AV,33,N,A,3,0,1,2,A,C,3,F,C,C,A,H,C,D,N,33.817091,-118.20783
20010620,2045,3,RT 91,ATLANTIC AV,N,A,0,0,0,2,A,C,3,M,C,C,A,H,C,D,N,33.874843,-118.193412
20010621,12,4,BROADWAY,MOLINO AV,N,A,0,0,0,2,A,C,7,M,B,C,A,H,C,D,N,33.765823,-118.160617
20010621,24,4,7,XIMEJO AV,Y,A,4,0,1,3,A,C,12,N,D,C,A,H,C,A,N,33.77533,-118.141552
20010621,225,4,THE TOLEDO,CLAREMONT,N,A,0,0,0,2,D,-,0,M,C,E,A,H,C,D,N,33.759202,-118.130406
20010621,535,4,BROADWAY,ORANGE AV,N,A,4,0,1,2,A,C,9,N,A,C,A,H,A,A,N,33.759202,-118.130406
20010621,615,4,LOCUST,EAGLE,N,A,0,0,0,1,D,-,0,M,E,I,A,H,A,A,N,33.799837,-118.191069
20010621,620,4,RT 405 NBON/R,CHERRY,N,A,0,0,0,2,A,C,3,M,C,C,A,H,A,D,N,33.833984,-118.142461
20010621,715,4,ORANGE,SPRING,N,A,0,0,0,2,A,C,9,M,D,C,A,H,A,D,N,33.811647,-118.176302
20010621,853,4,ORANGE AV,CARSON,Y,A,3,0,2,2,A,C,3,N,C,C,A,H,A,A,N,33.832432,-118.176299
20010621,1100,4,PACIFC CST HWY,LONG BCH BL,N,A,3,0,1,2,A,C,9,N,H,G,A,H,A,D,N,33.789852,-118.189507
20010621,1211,4,HARBOR,ANAHEIM,Y,A,0,0,0,2,A,C,9,N,D,C,A,H,A,A,N,33.789852,-118.189507
20010621,1225,4,RT 710,WARDLOW RD,N,A,0,0,0,2,A,C,7,N,B,C,A,H,A,A,N,33.818749,-118.130842
20010621,1313,4,LONG BCH BL,WARDLOW,Y,A,4,0,3,2,A,C,9,N,D,C,A,H,A,A,N,33.818979,-118.189257
20010621,1325,4,7,MLK,Y,A,0,0,0,2,-,-,0,N,B,C,A,H,A,A,N,33.77535,-118.180686
20010621,1330,4,LIVINGSTON DR,THE TOLEDO,Y,A,0,0,0,2,A,C,9,M,A,C,A,H,A,A,N,33.763674,-118.134561
20010621,1330,4,LONG BCH BL,PLEASANT,Y,A,0,0,0,2,A,C,9,N,D,C,A,H,A,A,N,33.846067,-118.193574
20010621,1400,4,RT 405,WALNUT AV,N,A,0,0,0,3,A,C,7,M,B,C,A,H,A,D,N,33.811666,-118.171975
20010621,1425,4,MLK,7,Y,A,4,0,1,2,A,C,12,N,H,G,A,H,A,A,N,33.77535,-118.180686
20010621,1506,4,STUDEBAKER RD,SPRING,N,A,4,0,1,3,A,C,12,N,D,C,A,H,A,A,N,33.810501,-118.099235
20010621,1612,4,65,FALCON AV,Y,A,4,0,1,2,A,C,12,N,D,C,A,H,A,A,N,33.810501,-118.099235
20010621,1613,4,4,ALAMITOS,N,A,4,0,1,2,A,C,5,N,H,G,A,H,A,D,N,33.771717,-118.181305
20010621,1654,4,LAKEWOOD BL,CONANT,Y,A,0,0,0,4,A,C,4,N,C,C,A,D,A,A,N,33.825091,-118.142648
20010621,1700,4,HENDERSON,PACIFC CST HWY,N,A,0,0,0,2,A,C,21,N,H,E,A,H,A,D,N,33.789864,-118.197653
20010621,1730,4,ATLANTIC AV,45,N,A,4,0,1,3,A,C,3,N,C,C,A,H,A,D,Y,33.767368,-118.185068
20010621,1837,4,WILLOW,MAGNOLIA,Y,A,4,0,3,2,A,C,4,N,C,C,A,H,A,A,N,33.804433,-118.198067
20010621,2102,4,4,MIRA MAR AV,N,A,0,0,0,2,A,C,8,N,H,E,A,H,C,D,N,33.804433,-118.198067
20010621,2307,4,LONG BCH BL,56,Y,A,4,0,2,2,A,C,1,N,D,D,A,H,C,D,Y,33.767533,-118.189285
20010621,2332,4,LAKEWOOD BL,NORSE WY,Y,A,0,0,0,2,A,C,8,N,B,C,A,H,C,D,N,33.833984,-118.142461
20010622,210,5,GATE 5  BOFF/R RAM,OCEAN BL,Y,A,0,0,0,2,A,C,1,N,B,C,A,H,C,D,Y,33.811666,-118.171975
20010622,1130,5,LONG BCH BL,RHEA,Y,A,0,0,0,2,D,-,0,N,C,C,A,D,A,D,N,39.584315,-118.189261
20010622,1153,5,LINDEN,8,Y,A,4,0,1,2,A,C,9,N,H,G,A,H,A,D,N,33.776563,-118.186353
20010622,1227,5,ARGONNE AV,2,N,A,0,0,0,2,A,C,8,N,B,E,A,H,A,D,N,33.756666,-118.139367
20010622,1230,5,ORANGE AV,SOUTH,N,A,0,0,0,3,A,C,9,N,C,C,A,H,A,D,N,33.860117,-118.177288
20010622,1235,5,CHERRY AV,S 45,N,A,0,0,0,2,A,C,3,N,C,C,A,H,A,-,N,33.860117,-118.177288
20010622,1255,5,LONG BCH BL,10,N,A,0,0,0,2,A,C,7,N,B,C,A,H,A,A,N,39.714252,-74.132931
20010622,1305,5,STEARNS,BELLFLOWER,N,A,4,0,1,2,A,-,0,N,H,G,A,H,A,A,N,33.796022,-118.125239
20010622,1354,5,ADAMS,BUTLER,N,A,0,0,0,3,A,C,1,M,B,C,A,H,A,D,Y,39.622653,-74.194003
20010622,1400,5,RT 710,PACIFC CST HWY,N,A,0,0,0,2,A,C,7,N,B,C,A,D,A,D,N,33.77005,-118.193739
20010622,1425,5,WOODRUFF AV,E SPRING,N,A,4,0,2,2,A,C,12,N,D,C,A,H,A,A,N,33.796022,-118.114478
20010622,1500,5,RT 710,6,N,A,4,0,1,2,A,C,7,F,H,C,A,H,A,-,Y,33.762173,-118.205115
20010622,1500,5,RT 710,WILLOW,N,A,0,0,0,2,A,C,3,N,C,C,A,D,A,D,N,33.77005,-118.193739
20010622,1509,5,8 PL,OCEAN BL,Y,A,0,0,0,2,A,C,21,N,C,C,A,H,A,D,N,33.765381,-118.175167
20010622,1530,5,RT 405,ALAMEDA,N,A,0,0,0,1,C,-,18,N,E,J,A,H,A,D,N,33.77005,-118.193739
20010622,1545,5,RT 405,PACIFIC AV,N,A,0,0,0,3,A,C,3,M,C,C,A,H,A,D,N,46.356782,-124.054189
20010622,1545,5,RT 710,RT 91,N,A,0,0,0,2,A,C,7,N,B,C,A,H,A,D,N,33.77005,-118.193739
20010622,1619,5,10,XIMENO,N,A,4,0,1,3,A,C,3,N,C,C,A,H,A,D,Y,33.778959,-118.141544
20010622,1630,5,PACIFC CST HWY,GARDENIA,Y,A,4,0,3,2,A,C,9,N,D,C,A,H,A,D,N,33.789852,-118.168729
20010622,1640,5,ANAHEIM,LOMA,N,A,0,0,0,2,A,C,3,N,C,C,A,H,A,D,N,33.782598,-118.150236
20010622,1640,5,ANAHEIM,LOMA AV,N,A,0,0,0,2,A,C,3,N,C,C,A,H,A,D,N,33.782598,-118.150236
20010622,1645,5,WILLOW,E DAISY AV,N,A,4,0,1,4,A,C,3,N,C,C,A,H,A,D,N,33.782598,-118.199152
20010622,1748,5,7,CORONADO,Y,A,0,0,0,2,A,C,4,N,C,C,A,H,A,D,N,33.775333,-118.153494
20010622,1800,5,LOYNES,BIXBY VLG DR,N,A,2,0,2,1,A,C,3,N,E,I,A,H,A,D,N,33.775333,-118.153494
20010622,1826,5,MLK,15,N,A,4,0,2,2,-,-,0,N,C,C,A,H,A,D,N,33.785779,-118.180675
20010622,1840,5,LAKEWOOD BL,SPG,Y,A,0,0,0,2,A,C,12,N,D,C,A,H,A,A,N,,
20010622,1850,5,OCEAN BL,LOMA,Y,A,0,0,0,5,A,C,1,M,B,E,A,H,A,D,Y,33.760886,-118.150834
20010622,1920,5,CHERRY AV,RT 91,Y,A,3,0,1,2,A,C,1,N,G,B,A,H,B,A,Y,33.760886,-118.150834
20010622,2100,5,PARAMOUNT BL,69,Y,A,3,0,1,2,A,C,9,F,A,C,A,H,C,A,Y,33.880169,-118.159962
20010622,2158,5,W 34,W 34 1349,N,A,4,0,1,1,A,C,1,N,E,J,A,H,C,D,Y,33.880169,-118.159962
20010622,2308,5,E 7,TEMPLE AV,N,A,0,0,0,2,A,C,17,N,B,E,A,H,C,D,N,33.843075,-118.142426
20010623,25,6,7,OLIVE AV,Y,A,0,0,0,2,A,C,12,M,B,C,A,H,C,A,N,33.775358,-118.182398
20010623,203,6,2,FALCON AV,N,A,0,0,0,3,A,C,3,M,C,C,A,H,C,A,Y,33.77005,-118.193739
20010623,207,6,ALAMITOS AV,ANAHEIM,Y,A,1,1,1,2,A,C,1,N,D,C,A,H,C,A,Y,33.782608,-118.177967
20010623,235,6,LONG BCH BL,ANAHEIM,Y,A,0,0,0,2,A,C,12,M,D,C,A,H,C,A,N,33.782605,-118.189258
20010623,320,6,RT 710,LONG BCH BL,N,A,4,0,1,2,A,C,1,F,C,C,A,H,D,D,Y,33.77005,-118.193739
20010623,520,6,RT 405,STUDEBAKER RD,N,A,0,0,0,1,C,-,18,N,E,J,A,H,D,D,N,33.791446,-118.099621
20010623,530,6,RT 405,STEARNS AV,N,A,0,0,0,1,C,-,18,N,E,J,A,H,B,D,N,33.796003,-118.121453
20010623,545,6,RT 91,PARAMOUNT BL,N,A,0,0,0,2,A,C,7,N,B,C,A,H,A,D,N,33.876245,-118.162684
20010623,745,6,RT 405,RT 710,N,A,0,0,0,1,C,-,18,N,E,J,A,H,A,D,N,46.462508,-95.646979
20010623,750,6,RT 710,WILLOW,N,A,3,0,3,10,A,C,7,F,B,C,D,G,A,D,N,33.77005,-118.193739
20010623,855,6,RT 405,RT 710,N,A,4,0,1,4,A,C,3,N,C,C,A,H,A,D,N,46.462508,-95.646979
20010623,1014,6,MAGNOLIA,16,Y,A,0,0,0,2,A,C,4,N,C,C,A,H,A,D,N,33.782605,-118.189258
20010623,1034,6,BONITO AV,2,N,A,0,0,0,1,A,C,21,M,E,I,A,H,A,D,N,33.786871,-118.198101
20010623,1410,6,RT 405,WILLOW,N,A,0,0,0,1,A,C,3,N,E,I,A,H,A,D,N,33.77005,-118.193739
20010623,1435,6,RT 710,WARDLOW RD,N,A,4,0,1,3,A,C,2,N,C,C,A,H,A,D,N,33.818749,-118.130842
20010623,1525,6,RT 405,SANTA FE AV,N,A,0,0,0,2,A,C,3,N,C,C,A,H,A,D,N,33.807295,-118.215507
20010623,1543,6,RT 405,SANTE FE AV,N,A,3,0,8,3,A,C,3,N,C,C,A,H,A,D,N,33.807295,-118.215507
20010623,1548,6,SPRING,RT 605,N,A,0,0,0,3,A,C,12,N,D,C,A,H,A,A,N,33.766143,-118.180924
20010623,1550,6,BELLFLOWER BL,ATHERTON,N,A,0,0,0,2,D,-,0,N,C,C,A,H,A,D,N,33.788526,-118.124399
20010623,1612,6,PACIFC CST HWY,CHERRY AV,N,A,0,0,0,2,A,C,3,M,C,C,A,H,A,A,N,33.789861,-118.167643
20010623,1645,6,OLIVE AV,WARDLOW RD,N,A,4,0,1,5,A,C,3,N,A,C,A,H,A,D,N,33.789861,-118.167643
20010623,1733,6,BROADWAY,REDONDO,Y,A,4,0,1,2,A,C,9,N,D,C,A,H,A,B,N,33.764438,-118.152414
20010623,1749,6,HOFFMAN AV,11,N,A,3,0,1,2,A,C,9,N,H,G,A,H,A,D,N,33.764438,-118.152414
20010623,1900,6,RT 710,DEL AMO BL,N,A,4,0,1,2,A,C,3,F,C,C,A,H,A,D,N,33.847073,-118.13081
20010623,1931,6,STUDEBAKER RD,WYNES DR,N,A,0,0,0,2,A,C,3,N,C,C,A,H,B,D,N,33.77005,-118.193739
20010623,1950,6,RT 405,WOODRUFF AV,N,A,3,0,1,3,A,C,7,F,C,C,A,H,A,D,N,33.813146,-118.115196
20010623,2055,6,9,NEBRASKA,N,A,0,0,0,2,A,C,9,N,D,C,A,H,C,D,N,39.597728,-74.213756
20010623,2115,6,ATLANTIC AV,60,N,A,0,0,0,2,A,C,1,M,B,C,A,H,C,D,Y,33.767439,-118.18503
20010623,2220,6,RT 710,PACIFC CST HWY,N,A,0,0,0,3,A,C,7,N,B,C,A,H,D,D,Y,33.77005,-118.193739
20010624,43,7,GUNDRY,S ARTESIA BL,N,A,0,0,0,1,A,C,1,M,E,I,A,H,C,D,Y,33.874681,-118.175153
20010624,115,7,E 17,JUNIPERO,N,A,0,0,0,2,A,C,8,M,C,E,A,H,C,A,N,33.874681,-118.175153
20010624,148,7,PACIFC CST HWY,2,Y,A,3,0,1,3,A,C,12,N,D,C,A,H,C,A,N,33.758149,-118.111272
20010624,330,7,BENNETT AV,10,N,A,0,0,0,2,A,C,7,M,C,C,A,H,C,D,N,33.758149,-118.111272
20010624,715,7,7,SANTIAGO AV,Y,A,3,0,1,2,A,C,7,N,G,B,A,G,A,A,N,33.775336,-118.128515
20010624,1531,7,BELLFLOWER BL,LOS COYOTES DIAGNL,N,A,4,0,2,2,A,C,3,N,C,C,A,H,A,D,N,33.802141,-118.125195
20010624,1550,7,RT 91,CHERRY AV,N,A,0,0,0,1,A,C,3,N,E,J,A,C,A,D,N,33.876334,-118.167205
20010624,1930,7,PACIFC CST HWY,CHERRY AV,N,A,0,0,0,2,A,C,9,N,D,C,A,H,A,D,N,33.789861,-118.167643
20010624,1935,7,DAISY AV,LOMA VISTA,N,A,0,0,0,2,A,C,5,N,B,C,A,H,A,D,N,33.781955,-118.199388
20010624,2232,7,ATLANTIC AV,SPRING,Y,A,0,0,0,2,A,C,12,N,D,C,A,H,C,A,N,33.81159,-118.185067
20010624,2248,7,WARDLOW,MAGNOLIA,Y,A,4,0,1,2,A,C,8,N,D,C,A,H,C,A,N,33.818907,-118.198056
20010625,738,1,6,LONG BCH BL,Y,A,3,0,1,2,A,C,12,N,D,C,A,H,A,A,N,39.709252,-74.139024
20010625,750,1,RT 91,RT 710,N,A,0,0,0,2,A,C,3,N,C,C,A,H,A,D,N,32.932282,-80.411644
20010625,945,1,LBB,NEECE,Y,A,0,0,0,1,A,C,8,M,E,I,A,H,A,A,N,33.77005,-118.193739
20010625,1152,1,WARDLOW,NORWALK,Y,A,0,0,0,2,A,C,9,N,D,C,A,H,A,A,N,33.817565,-118.071822
20010625,1415,1,HENRY FORD AV,OCEAN BL,N,A,0,0,0,2,A,C,8,M,B,C,A,H,A,A,N,39.622653,-74.194003