COLLISION_DATE,COLLISION_TIME,DAY_OF_WEEK,PRIMARY_RD,SECONDARY_RD,INTERSECTION,WEATHER_1,COLLISION_SEVERITY,NUMBER_KILLED,NUMBER_INJURED,PARTY_COUNT,PRIMARY_COLL_FACTOR,PCF_CODE_OF_VIOL,PCF_VIOL_CATEGORY,HIT_AND_RUN,TYPE_OF_COLLISION,MVIW,ROAD_SURFACE,ROAD_COND_1,LIGHTING,CONTROL_DEVICE,ALCOHOL_INVOLVED,LATITUDE,LONGITUDE
20010625,1535,1,RT 405,LBB,N,A,0,0,0,2,A,C,3,N,C,C,A,H,A,D,N,33.77005,-118.193739
20010625,1631,1,CHERRY AV,HUNGERFORD,Y,A,4,0,2,2,A,C,9,N,D,C,A,H,A,D,N,33.862865,-118.168633
20010625,1700,1,CARSON,RT 605,N,A,0,0,0,2,A,C,0,M,B,C,A,H,A,D,N,33.831761,-118.184845
20010625,1730,1,ANAHEIM,ATLANTIC,Y,A,0,0,0,2,A,C,9,M,A,C,A,H,A,A,N,33.782609,-118.185034
20010625,1756,1,ALAMITOS AV,6,N,A,0,0,0,1,A,C,8,N,E,I,A,H,A,D,N,33.77405,-118.180614
20010625,1817,1,SOUTH,LIME AV,Y,A,4,0,3,2,A,C,9,N,D,C,A,H,A,A,N,33.860072,-118.183996
20010625,1915,1,RT 91,LONG BCH BL,N,A,4,0,1,2,A,C,3,N,C,C,A,H,A,D,N,33.873156,-118.200648
20010625,1915,1,RT 91,ATLANTIC AV,N,A,0,0,0,2,A,C,3,N,C,C,A,H,A,D,N,33.874843,-118.193412
20010625,1955,1,CHERRY,HARDING,Y,A,0,0,0,2,A,C,9,N,A,C,A,H,B,A,N,33.860072,-118.168659
20010625,2011,1,PACIFC CST HWY,2,N,A,0,0,0,2,A,C,7,M,B,C,A,H,A,A,N,33.758149,-118.111272
20010625,2136,1,LONG BCH BL,SPRING,Y,A,4,0,2,2,D,-,0,N,D,C,A,H,C,A,N,33.811573,-118.18935
20010625,2209,1,REDONDO,OCEAN,Y,A,3,0,1,2,A,C,9,N,A,C,A,H,C,A,N,33.760988,-118.152656
20010626,417,2,LONG BCH BL,53,Y,A,0,0,0,2,E,-,24,N,C,C,A,H,C,A,N,33.767768,-118.189511
20010626,429,2,MAGNOLIA,ANAHEIM,N,A,0,0,0,2,A,C,4,M,C,C,A,H,C,A,N,33.782601,-118.198034
20010626,451,2,RT 710,DEL AMO BL,N,A,4,0,1,2,A,C,3,N,D,C,A,H,C,D,N,33.847073,-118.13081
20010626,700,2,PARAMOUNT BL,68,N,A,0,0,0,3,A,C,3,N,C,C,A,H,A,A,N,33.878315,-118.159945
20010626,757,2,XIMENO AV,VISTA,Y,A,0,0,0,2,A,C,9,N,D,C,A,H,A,A,N,33.766259,-118.14155
20010626,800,2,RT 405,RT 710,N,B,0,0,0,2,A,C,3,N,C,C,A,H,A,D,N,46.462508,-95.646979
20010626,843,2,BROADWAY,ALAMITOS,N,A,0,0,0,2,A,C,9,N,D,C,A,H,A,A,N,33.769144,-118.182082
20010626,914,2,ANAHEIM,LONG BCH BL,Y,A,3,0,1,4,A,C,3,N,C,C,A,H,A,A,N,33.782605,-118.189258
20010626,1150,2,LONG BCH BL,10,N,A,4,0,1,1,C,-,18,N,E,I,A,H,A,A,N,39.714252,-74.132931
20010626,1215,2,PARK AV,PARK AV 1341,N,B,0,0,0,2,A,C,21,N,H,E,A,H,A,D,N,39.714252,-74.132931
20010626,1319,2,2,LA VERNE AV,N,A,3,0,1,2,-,-,0,N,H,G,A,H,A,D,N,40.588656,-73.664105
20010626,1440,2,RT 710,WARDLOW RD,N,A,0,0,0,2,A,C,3,N,C,C,A,D,A,D,N,33.818749,-118.130842
20010626,1600,2,RT 710,DELAMO BL,N,A,0,0,0,3,A,C,3,M,C,C,A,H,A,D,N,33.77005,-118.193739
20010626,1745,2,7,BELLFLOWER,N,A,4,0,1,3,A,C,3,N,C,C,A,H,A,A,N,33.775248,-118.121193
20010626,1850,2,7,W PARK,N,A,0,0,0,2,A,C,7,N,C,E,A,H,A,D,N,33.775248,-118.121193
20010626,1904,2,SPRING,CLAREMORE AV,Y,A,4,0,1,2,A,C,3,N,C,C,A,H,A,A,N,33.810432,-118.078274
20010626,1912,2,E 4,WISCONSIN,N,A,3,0,1,2,A,C,10,N,G,B,A,H,A,D,Y,33.771712,-118.161696
20010626,1919,2,4,ELM AV,Y,A,4,0,1,2,D,-,0,N,D,C,A,H,B,A,N,33.771711,-118.187687
20010626,1920,2,52,ORANGE AV,N,A,4,0,1,2,-,-,0,N,G,B,A,H,A,D,N,33.771711,-118.187687
20010626,2050,2,GONDAR AV,CONANT,N,A,0,0,0,2,A,C,8,N,E,I,A,H,C,D,N,33.766625,-118.177154
20010627,308,3,20,PINE AV,N,A,0,0,0,3,A,C,1,M,H,C,A,H,C,D,Y,33.77005,-118.193739
20010627,331,3,CORONADO AV,6,N,A,0,0,0,3,A,C,8,N,C,E,A,H,C,D,N,33.762403,-118.19328
20010627,755,3,PARAMOUNT BL,55 WY,N,A,0,0,0,2,A,C,9,N,A,C,A,H,A,D,N,33.856988,-118.159837
20010627,800,3,RT 91,PARAMOUNT BL,N,A,0,0,0,3,A,C,3,N,C,C,A,H,A,D,N,33.876245,-118.162684
20010627,836,3,GOLDEN AV,OCEAN BL,Y,A,4,0,1,2,A,C,12,N,D,C,A,H,A,A,N,33.767388,-118.20182
20010627,930,3,6,LONG BCH BL,N,A,0,0,0,2,A,C,4,N,C,C,A,H,A,A,N,39.709252,-74.139024
20010627,1135,3,LEMON AV,PACIFC CST HWY,N,A,0,0,0,2,A,C,8,M,B,C,A,H,A,D,N,33.789858,-118.178418
20010627,1145,3,RT 710,DEL AMO BL,N,A,0,0,0,2,A,C,3,N,C,C,A,H,A,D,N,33.847073,-118.13081
20010627,1335,3,PALO VERDE,ATHERTON,Y,A,0,0,0,2,-,-,0,N,D,C,A,H,A,A,N,33.788755,-118.107954
20010627,1413,3,RT 91 NBTRN,RT 91,N,A,3,0,1,1,A,C,3,N,F,A,A,H,A,D,N,33.77005,-118.193739
20010627,1424,3,ATLANTIC AV,RT 91 EBON/R,N,A,0,0,0,2,-,-,0,N,C,C,A,H,A,A,N,33.788755,-118.107954
20010627,1430,3,RT 710,ATLANTIC AV,N,A,4,0,1,1,A,C,8,N,E,I,A,H,A,D,N,39.576654,-74.226897
20010627,1432,3,6,CHERRY AV,N,A,3,0,1,2,-,-,0,N,G,B,A,H,A,A,N,33.77005,-118.193739
20010627,1500,3,ATLANTIC AV,MARKET,N,A,0,0,0,2,A,-,0,M,C,C,A,H,A,D,N,33.854324,-118.185004
20010627,1500,3,PARAMOUNT BL,SOUTH,Y,A,0,0,0,2,A,C,8,M,B,C,A,H,A,D,N,33.860173,-118.159853
20010627,1532,3,LAKEWOOD BL,OUTER TRAFFIC CIR,N,A,0,0,0,2,A,C,9,N,D,C,A,H,A,D,N,33.791542,-118.142661
20010627,1624,3,WARDLOW RD,PALO VERDE AV,Y,A,4,0,1,3,A,C,12,N,D,C,A,H,A,A,N,33.818859,-118.107822
20010627,1657,3,RT 405,LAKEWOOD BL,N,A,0,0,0,2,A,C,3,N,C,C,A,H,A,D,N,33.843075,-118.142426
20010627,1750,3,W 49,RUTH,Y,A,3,0,1,2,A,C,9,N,H,G,A,H,A,D,N,33.844821,-118.195935
20010627,1806,3,ORIZABA AV,56 WY,N,A,0,0,0,2,A,C,8,N,A,E,A,H,A,D,N,33.844821,-118.195935
20010627,1836,3,4,NEWPORT AV,N,A,0,0,0,1,-,-,0,N,E,I,A,H,A,D,N,33.771704,-118.151328
20010627,1853,3,MARINA DR,STUDEBAKER,N,A,0,0,0,2,A,C,7,N,D,C,A,H,A,D,N,,-118.108246
20010627,1907,3,2,CAMPO WK,N,A,4,0,1,3,A,C,3,N,C,C,A,H,A,D,N,33.753124,-118.12092
20010628,210,4,RT 405 SBOFF/R,SPRING,N,A,3,0,1,2,A,C,1,N,D,C,A,H,C,A,Y,33.77005,-118.193739
20010628,630,4,RT 91,RT 710,N,A,0,0,0,2,A,C,7,N,B,C,A,H,A,D,N,32.932282,-80.411644
20010628,754,4,LAKEWOOD BL,TRAFFIC CIR,Y,A,4,0,1,2,A,C,3,N,C,C,A,H,A,D,N,33.791542,-118.142661
20010628,754,4,SEASIDE WY,COLLINS WY,N,A,4,0,3,2,A,C,9,N,D,C,A,H,A,A,N,33.765833,-118.190062
20010628,815,4,OCEAN BL,ORANGE AV,Y,A,0,0,0,2,A,-,0,N,D,C,A,H,A,A,N,33.765666,-118.177364
20010628,825,4,RT 710,DEL AMO BL,N,A,4,0,1,2,A,C,7,N,B,C,A,H,A,D,N,33.847073,-118.13081
20010628,910,4,RT 405,TEMPLE,N,A,4,0,1,2,A,C,3,N,C,C,A,H,A,D,N,34.145957,-118.417898
20010628,1150,4,4,CHERRY AV,Y,A,4,0,1,2,A,C,9,N,H,G,A,H,A,A,N,33.765666,-118.177364
20010628,1252,4,ATLANTIC AV,27,Y,A,0,0,0,2,A,C,9,N,D,C,A,H,A,A,N,33.766968,-118.185061
20010628,1530,4,MYRTLE AV,70,N,A,0,0,0,2,A,C,8,N,B,C,A,H,A,D,N,33.77005,-118.193739
20010628,1607,4,LOS COYOTES DIAGNL,OUTER TRAFFIC CIR,Y,A,0,0,0,2,A,C,12,N,D,C,A,H,A,A,N,33.766968,-118.185061
20010628,1612,4,PACIFC CST HWY,LOS COYOTES DIA,N,A,0,0,0,2,A,C,3,N,C,C,A,H,A,D,N,33.790991,-118.141557
20010628,1628,4,RT 710,CARSON,N,A,0,0,0,2,A,C,7,M,C,C,A,H,A,D,N,33.77005,-118.193739
20010628,1630,4,57,ELM AV,N,A,4,0,1,2,A,C,11,N,G,B,A,H,A,D,N,33.790574,-118.141557
20010628,1655,4,RT 710,WILLOW,N,A,0,0,0,3,A,C,4,N,C,C,A,H,A,D,N,33.77005,-118.193739
20010628,1658,4,LOMA,11,Y,A,0,0,0,3,A,C,9,N,D,C,A,H,A,A,N,33.780777,-118.150236
20010628,1725,4,WILLOW,MAGNOLIA,N,A,0,0,0,2,A,C,3,N,C,C,A,H,A,D,N,33.804433,-118.198067
20010628,1736,4,CARSON,CLARK AV,N,A,0,0,0,3,A,C,4,N,C,C,A,H,A,A,N,33.832368,-118.133854
20010628,1745,4,CARSON,FACULTY AV,N,A,3,0,1,4,A,C,3,N,C,C,A,H,A,A,N,33.832402,-118.137369
20010628,1800,4,RT 91,ATLANTIC AV,N,A,0,0,0,2,A,C,2,N,B,C,A,H,A,D,N,33.874843,-118.193412
20010628,1835,4,PALO VERDE AV,BARBANELL,Y,A,0,0,0,2,A,C,9,N,D,C,A,H,A,D,N,33.805252,-118.10791
20010628,1835,4,STEARNS,GRAND AV,Y,A,0,0,0,2,A,C,9,N,D,C,A,H,A,D,N,33.805252,-118.10791
20010628,1900,4,RT 710,PACIFC CST HWY,N,A,3,0,1,1,A,C,3,N,F,A,A,D,A,D,N,33.77005,-118.193739
20010628,1930,4,ANAHEIM,MYRTLE,Y,A,0,0,0,2,A,C,9,M,A,C,A,H,A,A,Y,33.782598,-118.18176
20010628,2050,4,SPRING,CLAREMORE,N,A,0,0,0,2,A,C,7,N,B,C,A,H,C,D,N,33.810432,-118.078274
20010628,2102,4,OCEAN,TEMPLE,Y,A,0,0,0,2,A,C,8,N,B,E,A,H,C,B,N,33.76246,-118.159678
20010628,2200,4,RT 710,PACIFC CST HWY,N,A,4,0,2,2,A,C,1,N,C,C,A,H,C,D,Y,33.77005,-118.193739
20010628,2207,4,ORANGE AV,19,Y,A,0,0,0,2,A,C,3,M,C,C,A,H,C,A,N,33.7661,-118.177294
20010629,1,5,7,CERRITOS,N,A,0,0,0,2,A,C,1,N,C,E,A,H,C,D,Y,33.775369,-118.177945
20010629,612,5,TRAFFIC CIR,PACIFC CST HWY,N,A,4,0,1,2,A,C,9,N,H,G,A,H,A,D,N,33.788902,-118.140964
20010629,1205,5,CHESTNUT AV,20,N,A,0,0,0,2,A,C,21,N,C,C,A,H,A,D,N,,
20010629,1206,5,LONG BCH BL,LOUISE,N,A,4,0,1,2,A,C,8,N,D,C,A,H,A,A,N,33.855084,-118.196971
20010629,1553,5,WARDLOW,PACIFIC PL,Y,A,4,0,1,2,D,-,0,N,D,C,A,H,A,A,N,33.855084,-118.196971
20010629,1615,5,MLK,19,Y,A,0,0,0,3,A,C,3,N,C,C,A,H,A,D,N,33.819044,-118.195946
20010629,1645,5,OCEAN,ORIZABA,Y,A,0,0,0,2,A,C,3,M,C,C,A,H,A,A,N,33.762112,-118.157927
20010629,1650,5,RT 91,ATLANTIC AV,N,A,0,0,0,2,A,C,3,N,C,C,A,H,A,D,N,33.874843,-118.193412
20010629,1653,5,ANAHEIM,LINDEN,N,A,0,0,0,2,A,C,5,N,H,G,A,H,A,D,N,33.782601,-118.186705
20010629,1715,5,MLK,19,Y,A,4,0,3,2,A,C,3,N,C,C,A,H,A,D,N,33.791671,-118.180696
20010629,1720,5,PALO VERDE,SPRING,N,A,0,0,0,3,-,-,0,N,C,C,A,H,A,D,N,33.810426,-118.107869
20010629,1730,5,LAKEWOOD BL,WARDLOW RD,N,A,0,0,0,2,A,C,3,N,C,C,A,D,A,A,N,33.818804,-118.139045
20010629,1810,5,ATLANTIC AV,ANAHEIM,N,A,0,0,0,2,A,C,7,N,B,C,A,H,A,A,N,33.782609,-118.185034
20010629,1813,5,BURNETT,EASY,N,A,0,0,0,2,A,C,7,N,B,E,A,H,A,A,N,33.800744,-118.210003
20010629,1834,5,LIME,1,N,A,0,0,0,2,A,C,21,M,C,C,A,H,A,D,N,33.800744,-118.210003
20010629,1855,5,RT 710,WILLOW,N,A,0,0,0,3,A,C,8,N,B,C,A,H,A,D,N,33.77005,-118.193739
20010629,1900,5,SUNSET,ELM,N,A,0,0,0,2,A,C,9,N,H,G,A,H,A,D,N,33.789859,-118.183982
20010629,1920,5,10,ALMOND,N,A,0,0,0,3,A,C,3,N,C,C,A,H,A,A,N,33.849239,-118.188345
20010629,1930,5,LEWIS AV,15,N,A,0,0,0,2,A,C,1,M,B,C,A,H,A,D,Y,33.775369,-118.177945
20010629,1932,5,SANTE FE AV,32,Y,A,3,0,1,2,A,C,11,N,G,B,A,H,A,D,N,33.778971,-118.175099
20010629,1940,5,ATLANTIC,ARTESIA,Y,A,0,0,0,2,A,C,3,N,C,C,A,H,B,A,N,33.874312,-118.186089
20010629,2045,5,STUDEBAKER RD,S LOYNES DR,N,A,0,0,0,2,A,C,3,N,C,C,A,H,C,A,N,33.874312,-118.186089
20010629,2105,5,STUDEBAKER RD,PAVO,Y,A,3,0,2,2,A,C,4,F,C,C,A,H,C,D,N,33.811191,-118.099227
20010629,2145,5,PACIFC CST HWY,TRAFFIC CIR,N,A,0,0,0,2,A,C,7,M,B,C,A,H,C,A,N,33.788902,-118.140964
20010629,2220,5,RT 405 SBOFF/R,ORANGE AV,N,A,0,0,0,2,A,C,3,M,C,C,A,H,D,D,N,33.77005,-118.193739
20010629,2220,5,RT 605,LA/OC CO LINE,N,A,3,0,1,2,A,C,1,N,D,C,A,H,D,D,Y,33.786196,-118.180076
20010629,2240,5,RT 605,ORANGE CO LINE,N,A,0,0,0,3,A,C,1,N,C,C,A,H,C,D,Y,33.77005,-118.193739
20010630,44,6,ANAHEIM,LIME,Y,A,0,0,0,2,A,C,8,M,D,C,A,H,C,D,Y,33.782606,-118.18395
20010630,100,6,LONG BCH BL,HILL,N,A,0,0,0,2,D,-,0,M,C,E,A,H,C,D,N,33.797119,-118.189269
20010630,211,6,SAN FRANCISCO AV,HILL,N,A,0,0,0,3,A,C,1,M,A,E,A,H,C,D,Y,33.782606,-118.18395
20010630,710,6,3,PINE AV,Y,B,0,0,0,2,A,C,3,N,C,C,A,H,A,D,N,33.797119,-118.189269
20010630,736,6,ALAMITOS AV,7,N,B,4,0,1,2,A,C,8,N,B,C,A,H,A,D,N,,
20010630,1030,6,52,ORANGE,N,A,0,0,0,2,-,-,0,N,A,D,A,H,A,D,N,33.850061,-118.177157
20010630,1059,6,STUDEBAKER RD,SPRING,Y,A,3,0,3,3,A,C,8,N,A,C,A,H,A,A,N,33.810501,-118.099235
20010630,1331,6,MONLACO RD,BELLFLOWER BL,Y,A,0,0,0,2,D,-,0,N,D,C,A,H,A,A,N,33.82226,-118.125151
20010630,1400,6,RT 710,WILLOW,N,A,0,0,0,2,A,C,7,N,C,C,A,H,A,D,N,33.77005,-118.193739
20010630,1410,6,2,SORRENTO DR,Y,A,3,0,1,3,A,C,3,N,C,C,A,H,A,A,N,33.75787,-118.128424
20010630,1600,6,LOMA,11,N,A,0,0,0,2,A,C,21,N,B,C,A,H,A,D,N,33.780777,-118.150236
20010630,1625,6,RT 710,9,N,A,3,0,1,1,A,C,3,N,E,I,A,H,A,D,N,33.762173,-118.205115
20010630,1840,6,ALAMITOS AV,7,Y,A,0,0,0,2,A,C,8,N,B,C,A,H,A,A,N,33.76703,-118.182766
20010630,1850,6,69,ORCUTT,N,A,3,0,1,2,A,C,11,N,G,B,A,A,A,A,N,33.879316,-118.202704
20010630,1918,6,ANAHEIM,9,Y,A,3,0,4,2,A,C,12,F,D,C,A,H,A,A,Y,33.782627,-118.21984
20010630,1920,6,60,GARDENIA AV,Y,A,4,0,3,2,A,C,12,N,D,C,A,H,A,D,N,33.879316,-118.202704
20010630,1950,6,MLK BL,19,N,A,0,0,0,2,A,C,8,N,B,C,A,H,A,A,N,33.791671,-118.180696
20010630,2048,6,WILLOW,GOLDEN AV,Y,A,0,0,0,2,A,C,1,M,D,C,A,H,C,A,Y,33.782627,-118.21984
20010630,2211,6,19,OLIVE,N,A,0,0,0,2,D,-,0,M,B,E,A,H,C,D,N,33.791671,-118.182854
20010630,2307,6,DEUKMEJIAN,FEDERATION,N,A,0,0,0,1,A,C,1,N,E,I,A,H,C,D,Y,33.778942,-118.137597
20010630,2321,6,REDONDO AV,4,Y,A,0,0,0,2,A,C,12,N,D,C,A,H,C,A,N,33.761027,-118.152627
20010630,2355,6,LONG BCH BL,RT 91,Y,A,0,0,0,2,A,C,1,N,C,C,A,H,C,A,Y,39.726252,-74.123919
20010701,330,7,ORANGE AV,HARDING,N,A,0,0,0,2,A,C,7,M,B,C,A,H,D,D,N,33.767374,-118.197984
20010701,430,7,ALY E CHESTNUT,N SPRING,N,A,0,0,0,1,A,C,3,N,E,I,A,H,D,D,N,33.811639,-118.195894
20010701,436,7,SANTA FE AV,33,N,A,3,0,1,1,A,C,1,N,E,I,A,H,C,D,Y,33.77005,-118.193739
20010701,524,7,PACIFIC CST HWY,BELLFLOWER BL,Y,B,0,0,0,1,A,C,8,M,E,I,A,H,B,A,N,33.811639,-118.195894
20010701,800,7,10,MIRAMAR,Y,A,0,0,0,2,A,C,9,N,D,C,A,H,A,D,N,33.778964,-118.147515
20010701,1008,7,LOS COYOTES DIAGNL,STUDEBAKER RD,N,A,0,0,0,3,D,-,0,N,C,E,A,H,A,D,N,33.829849,-118.099598
20010701,1148,7,RT 405,WARDLOW RD,N,A,0,0,0,2,A,C,7,N,B,C,A,H,A,D,N,33.818749,-118.130842
20010701,1435,7,RT 710 SBTRN,RT 405,N,A,4,0,1,1,A,C,8,N,E,I,A,H,A,A,N,33.77005,-118.193739
20010701,1700,7,RT 710,WILLOW,N,A,0,0,0,2,A,C,4,N,C,C,A,D,A,D,N,33.77005,-118.193739
20010701,1805,7,RT 91,ORANGE AV,N,A,4,0,2,1,A,C,8,N,E,I,A,H,A,D,N,33.850492,-117.875066
20010701,1811,7,MARKET,PINE AV,N,A,1,1,0,2,D,-,0,N,H,G,A,H,A,D,N,33.829849,-118.099598
20010701,2050,7,QUEENS WY,OCEAN BL,N,A,0,0,0,2,A,C,11,N,G,B,A,H,C,D,Y,33.817106,-118.197984
20010702,38,1,BROADWAY,BONITO,Y,A,0,0,0,2,A,C,1,N,D,C,A,H,C,A,Y,33.768919,-118.180419
20010702,140,1,RT 710,RT 405,N,A,0,0,0,1,A,C,8,M,E,I,A,H,C,D,N,33.77005,-118.193739
20010702,210,1,GARDENIA,ANAHEIM,N,A,0,0,0,2,-,-,0,M,C,E,A,H,C,D,N,33.768919,-118.180419
20010702,730,1,RT 405,WOODRUFF AV,N,A,4,0,1,4,A,C,7,N,B,C,A,H,A,D,N,33.813146,-118.115196
20010702,800,1,PACIFC CST HWY,ALAMITOS,Y,A,0,0,0,2,-,-,0,N,D,C,A,H,A,A,N,33.789852,-118.189507
20010702,900,1,LONG BCH BL,ANAHEIM BL,N,A,0,0,0,2,A,C,4,N,C,C,A,H,A,A,N,33.789852,-118.189507
20010702,1110,1,ARBOR RD,CLARK,Y,A,4,0,2,2,A,C,12,N,D,C,A,H,A,A,N,,-118.1338
20010702,1130,1,RT 405,SANTA FE AV,N,A,0,0,0,1,A,C,8,N,F,A,A,H,A,D,N,33.807295,-118.215507
20010702,1153,1,PALMER CT,20,N,A,4,0,1,2,A,C,9,N,H,G,A,H,A,D,N,33.843048,-118.1338
20010702,1220,1,PACIFC CST HWY,XIMENO AV,Y,A,4,0,2,2,A,C,3,N,C,C,A,H,A,A,N,33.787755,-118.139553
20010702,1300,1,PACIFC CST HWY,PINE AV,Y,A,0,0,0,2,A,C,9,N,B,C,A,H,A,A,N,33.78985,-118.19239
20010702,1320,1,POPPY,CHERRY AV,N,A,4,0,1,2,A,C,8,N,A,C,A,H,A,D,N,33.868302,-118.168541
20010702,1346,1,LONG BCH BL,MARKET,Y,A,3,0,1,2,A,C,9,N,D,C,A,H,A,A,N,33.854284,-118.196533
20010702,1550,1,RT 405,TEMPLE AV,N,A,0,0,0,3,A,C,3,N,C,C,A,H,A,D,N,34.145957,-118.417898
20010702,1600,1,RT 405,TEMPLE,N,A,0,0,0,2,A,C,3,N,C,C,A,H,A,D,N,34.145957,-118.417898
20010702,1613,1,PACIFC CST HWY,TEMPLE AV,N,A,4,0,1,2,A,C,5,N,H,G,A,H,A,A,N,33.789847,-118.158931
20010702,1630,1,ATLANTIC,52,Y,A,0,0,0,3,A,C,3,M,C,C,A,H,A,A,N,33.77005,-118.193739
20010702,1630,1,WILLOW,KNOXVILLE,Y,A,0,0,0,2,A,C,9,N,D,C,A,H,A,D,N,33.789847,-118.158931
20010702,1635,1,2,BAYSHORE,N,A,0,0,0,2,-,-,0,N,C,C,A,H,A,A,N,33.751735,-118.128372
20010702,1635,1,LONG BCH BL,CAMBRIDGE,N,A,0,0,0,2,A,C,9,N,B,C,A,H,A,D,N,,-118.200125
20010702,1650,1,LAKEWOOD BL,TRAFFIC CIR,Y,A,0,0,0,2,A,C,3,N,C,C,A,H,A,A,N,33.791542,-118.142661
20010702,1700,1,RT 405,WOODRUFF AV,N,A,0,0,0,3,A,C,3,N,C,C,A,H,A,D,N,33.813146,-118.115196
20010702,1740,1,RT 405,BELLFLOWER BL,N,A,0,0,0,3,A,C,3,N,C,C,A,H,A,D,N,33.769086,-118.120973
20010702,1750,1,OCEAN BL,9 PL,N,A,0,0,0,2,A,C,3,N,C,C,A,H,A,D,N,33.791542,-118.142661
20010702,1855,1,MLK BL,10,N,A,0,0,0,2,A,C,9,N,B,C,A,H,A,D,N,33.765255,-118.174262
20010702,1945,1,ATLANTIC AV,64,N,A,0,0,0,2,A,C,3,N,C,C,A,H,B,A,N,33.767457,-118.18503
20010702,2035,1,RT 91,CHERRY AV,N,A,0,0,0,2,A,C,8,M,B,C,A,H,B,D,N,33.876334,-118.167205
20010703,202,2,68,LONG BCH BL,N,A,0,0,0,3,D,-,0,M,H,C,A,H,C,D,N,33.789827,-118.208004
20010703,204,2,ANAHEIM,STANLEY,N,A,0,0,0,2,A,C,4,N,B,C,A,E,C,D,N,33.767686,-118.162261
20010703,650,2,RT 405,LONG BCH BL,N,B,0,0,0,2,A,C,7,N,C,D,A,H,A,D,N,33.77005,-118.193739
20010703,705,2,RT 710,ATLANTIC AV UC,N,A,4,0,1,2,A,C,7,N,B,C,A,H,A,D,N,33.77005,-118.193739
20010703,725,2,RT 405,LAKEWOOD BL,N,A,0,0,0,2,A,C,3,N,C,C,A,H,A,D,N,33.843075,-118.142426
20010703,740,2,HILL,ATLANTIC,N,A,4,0,1,2,A,C,11,N,G,B,A,H,A,D,N,33.782621,-118.185032
20010703,745,2,LONG BCH BL,WILLOW,Y,A,0,0,0,2,A,C,3,M,C,C,A,-,A,-,N,33.804424,-118.189443
20010703,753,2,ATLANTIC AV,SPRING,Y,A,0,0,0,2,A,C,8,N,D,C,A,H,A,A,N,33.81159,-118.185067
20010703,814,2,SHORELINE DR,LINDEN AV,N,A,3,0,1,2,-,-,0,N,C,C,A,H,A,A,N,,-118.185359
20010703,902,2,KAREN AV,PREMIUM,N,A,0,0,0,2,-,-,0,N,E,I,A,H,A,D,N,33.81736,-118.095555
20010703,953,2,PACIFIC CST HWY,WESTMINSTER,N,A,0,0,0,1,A,C,0,N,E,I,A,H,A,D,N,33.758149,-118.111272
20010703,1030,2,MLK,19,N,A,0,0,0,2,A,C,3,M,C,C,A,H,A,D,N,33.791671,-118.180696
20010703,1030,2,PACIFC CST HWY,S 7,N,A,0,0,0,2,A,C,3,N,C,C,A,H,A,A,N,33.758149,-118.111272
20010703,1100,2,WALNUT,ANAHEIM,Y,A,0,0,0,2,A,C,8,N,D,C,A,H,A,A,N,33.782597,-118.17199
20010703,1115,2,OCEAN BL,LBB,N,A,4,0,1,2,A,I,0,N,H,G,A,H,A,D,N,33.77005,-118.193739
20010703,1300,2,HARBOR,PACIFC CST HWY,N,A,0,0,0,2,A,C,3,N,D,C,A,H,A,A,N,33.789825,-118.210498
20010703,1345,2,ANAHEIM,W TERMINO AV,N,A,0,0,0,2,A,C,21,N,C,E,A,H,A,D,N,33.782595,-118.145883
20010703,1353,2,ANAHEIM,ARGONNE,N,A,0,0,0,2,A,C,1,N,D,E,A,H,A,D,Y,33.782592,-118.13567
20010703,1354,2,CARSON,LOS COYOTES DIAG,N,A,3,0,1,2,A,C,11,N,G,B,A,H,A,D,N,33.832134,-118.098846
20010703,1510,2,ATLANTIC AV,WARDLOW RD,Y,A,0,0,0,2,A,C,9,N,A,C,A,H,A,A,N,33.81891,-118.185015
20010703,1552,2,7,ATLANTIC AV,N,A,4,0,1,2,A,C,8,N,D,C,A,H,A,D,N,33.766564,-118.185066
20010703,1600,2,RT 710,9,N,A,0,0,0,2,A,C,8,N,B,C,A,H,A,D,N,33.762173,-118.205115
20010703,1703,2,PACIFC CST HWY,ROSE AV,Y,A,0,0,0,2,A,C,9,N,A,C,A,H,A,D,N,33.789858,-118.169818
20010703,1715,2,ANAHEIM,ALAMITOS,Y,A,4,0,5,2,D,-,0,N,D,C,A,H,B,A,N,33.789858,-118.177967
20010703,1745,2,CARSON,FAUST AV,N,A,3,0,3,2,A,C,8,N,H,C,-,H,A,A,N,33.832457,-118.114363
20010703,1907,2,DELTA,26 WY,N,A,0,0,0,2,A,C,8,N,C,E,A,H,A,D,N,33.832457,-118.211095
20010703,1955,2,RT 710,PACIFC CST HWY,N,A,4,0,1,2,A,C,3,N,E,I,A,H,B,D,N,33.77005,-118.193739