COLLISION_DATE,COLLISION_TIME,DAY_OF_WEEK,PRIMARY_RD,SECONDARY_RD,INTERSECTION,WEATHER_1,COLLISION_SEVERITY,NUMBER_KILLED,NUMBER_INJURED,PARTY_COUNT,PRIMARY_COLL_FACTOR,PCF_CODE_OF_VIOL,PCF_VIOL_CATEGORY,HIT_AND_RUN,TYPE_OF_COLLISION,MVIW,ROAD_SURFACE,ROAD_COND_1,LIGHTING,CONTROL_DEVICE,ALCOHOL_INVOLVED,LATITUDE,LONGITUDE
20010713,1415,5,SMITH PL,DEAD END,N,A,3,0,1,2,A,C,9,N,H,G,A,H,A,D,N,33.77005,-118.193739
20010713,1420,5,RT 710,ANAHEIM,N,A,0,0,0,2,D,-,0,N,B,C,A,H,A,D,N,33.762173,-118.205115
20010713,1437,5,REDONDO,N ANAHEIM,N,A,2,0,1,2,A,C,11,N,G,B,A,H,A,D,N,33.782602,-118.152411
20010713,1516,5,CARSON,JOSIE AV,N,A,0,0,0,2,A,C,3,N,C,C,A,D,A,D,N,33.782602,-118.152411
20010713,1525,5,LAKEWOOD BL,HARVEY WY,N,A,0,0,0,3,A,C,3,N,C,C,A,H,A,A,N,33.836152,-118.142452
20010713,1530,5,SHIPWAY,LOS SANTOS,N,A,0,0,0,1,A,-,0,N,E,I,A,H,A,D,N,33.792161,-118.094441
20010713,1602,5,PACIFC CST HWY,CLARK,Y,A,0,0,0,2,A,C,8,N,B,C,A,H,A,A,N,33.783826,-118.134163
20010713,1605,5,RT 710,RT 91,N,A,4,0,1,2,A,C,7,N,C,C,A,H,A,D,N,33.77005,-118.193739
20010713,1630,5,RT 91 EBOFF/R,CHERRY AV,Y,A,0,0,0,2,A,C,3,M,B,C,A,H,A,A,N,,-118.167726
20010713,1705,5,PACIFC CST HWY,ROSE AV,N,A,0,0,0,2,-,-,0,M,D,C,A,H,A,D,N,33.789858,-118.169818
20010713,1730,5,19,PASADENA AV,N,A,0,0,0,2,A,C,8,M,C,E,A,H,A,D,N,33.789858,-118.169818
20010713,1745,5,MAGNOLIA AV,W 9,Y,A,0,0,0,2,A,C,1,N,A,C,A,H,A,D,Y,33.87677,-118.153649
20010713,1813,5,8,BENNETT AV,N,A,0,0,0,2,A,C,9,N,D,C,A,H,A,D,N,33.791674,-118.187203
20010713,1855,5,RT 91,LONG BCH BL,N,A,0,0,0,1,A,C,8,N,E,I,A,H,A,D,N,33.873156,-118.200648
20010713,1956,5,PACIFC CST HWY,MAGNOLIA,Y,A,2,0,3,2,A,C,1,N,C,C,A,H,A,A,Y,33.789866,-118.198093
20010713,2125,5,PACIFC CST HWY,LOS COYOTES DIA,Y,A,0,0,0,2,D,-,0,N,B,C,-,H,C,D,N,33.790574,-118.141557
20010713,2135,5,ATLANTIC AV,PLEASANT,N,A,4,0,1,2,-,-,0,N,B,C,A,H,C,D,N,33.790574,-118.141557
20010713,2146,5,CHERRY,HARDING,Y,A,2,0,3,2,A,C,8,N,A,C,A,H,C,A,N,33.867402,-118.168659
20010713,2224,5,ATLANTIC,6,Y,A,4,0,1,2,A,C,12,N,D,C,A,H,C,A,N,33.774145,-118.185047
20010714,200,6,PARK AV,2,N,A,0,0,0,2,A,C,3,M,C,E,A,H,C,D,N,33.775343,-118.169839
20010714,205,6,RT 91 WBTRN,RT 710,N,A,0,0,0,2,A,C,8,M,E,I,A,H,C,D,N,33.77005,-118.193739
20010714,1117,6,SPRING,RT 605 SBOFF/R,Y,A,4,0,1,2,A,C,12,N,D,C,A,H,A,A,N,33.77005,-118.193739
20010714,1305,6,ALY S DELTA,32,N,A,0,0,0,1,A,C,1,M,E,I,A,H,A,D,Y,33.873156,-118.211105
20010714,1331,6,7,ATLANTIC,Y,A,0,0,0,2,A,C,8,N,D,C,A,H,A,A,N,33.775355,-118.185042
20010714,1457,6,ATLANTIC AV,33,Y,A,4,0,1,2,A,C,12,F,D,C,A,H,A,A,N,33.76726,-118.185068
20010714,1620,6,WALNUT AV,16,N,A,3,0,1,2,A,C,11,N,G,B,A,H,A,D,N,33.76726,-118.185068
20010714,1655,6,HARBOR AV,ANAHEIM,N,A,0,0,0,2,A,C,8,N,A,E,A,H,A,A,N,33.787147,-118.171982
20010714,1750,6,7,ROSE AV,N,A,0,0,0,2,A,C,1,M,D,C,A,H,A,D,Y,33.775343,-118.169839
20010714,1840,6,PACIFIC AV,ANAHEIM,Y,A,0,0,0,2,A,C,9,M,D,C,A,H,A,A,N,33.782594,-118.193733
20010714,1900,6,MLK JR,19,N,A,4,0,4,2,A,C,3,N,C,C,-,H,A,A,N,33.782594,-118.193733
20010714,1902,6,ADAIR,ELM,N,A,4,0,1,2,A,C,5,N,H,G,A,H,A,D,N,33.864178,-118.188432
20010714,2116,6,WOODRUFF,HARCO,Y,A,0,0,0,2,-,-,0,N,D,C,A,H,C,A,N,33.826987,-118.116567
20010714,2206,6,4,ALAMITOS AV,Y,B,3,0,2,2,-,-,0,N,E,I,A,H,C,A,N,33.826987,-118.116567
20010714,2245,6,LAKEWOOD BL,DOUGLAS CNTR DR,N,A,0,0,0,3,A,C,3,N,C,C,A,D,C,A,N,33.830381,-118.142664
20010715,110,7,CHERRY AV,MCKENZIE,N,A,2,0,2,5,A,C,1,N,C,E,A,H,C,A,Y,33.871938,-118.16858
20010715,148,7,DEL AMO,ORANGE,N,A,0,0,0,1,A,C,7,N,E,J,A,H,C,D,N,33.846917,-118.176842
20010715,210,7,WILLOW,EUCALYPTUS AV,Y,A,3,0,4,2,A,C,1,N,D,C,A,H,C,A,Y,33.804318,-118.196963
20010715,214,7,20,EUCALYPTUS,N,B,0,0,0,3,A,C,1,M,C,E,A,H,C,A,Y,33.793484,-118.196983
20010715,340,7,RT 405 NBOFF/R,LAKEWOOD BL,N,A,0,0,0,1,A,C,1,N,E,I,A,H,C,D,Y,33.843075,-118.142426
20010715,532,7,CHERRY,ARTESIA,N,A,0,0,0,3,A,C,3,N,C,C,A,H,B,A,Y,33.793484,-118.196983
20010715,803,7,PACIFC CST HWY,PACIFIC AV,Y,B,0,0,0,2,A,C,12,M,D,C,A,H,A,A,N,46.356782,-124.054189
20010715,855,7,LONG BCH BL,ANAHEIM,Y,A,0,0,0,2,A,C,12,N,D,C,A,H,A,A,N,33.782605,-118.189258
20010715,1055,7,7,PARK AV,N,A,4,0,1,2,A,C,3,N,C,C,A,H,A,A,N,33.775354,-118.137369
20010715,1123,7,E 63,ROSE,N,A,0,0,0,2,A,C,16,M,B,E,A,H,A,D,N,33.775354,-118.137369
20010715,1130,7,RT 710 SBTRN,ATLANTIC AV,N,A,0,0,0,2,A,C,7,M,E,I,A,H,A,D,N,39.576654,-74.226897
20010715,1441,7,OCEAN AV,LOCUST,N,A,0,0,0,2,A,C,21,M,A,E,A,H,A,D,N,33.8692,-118.191036
20010715,1746,7,ATLANTIC AV,ADAMS,N,A,0,0,0,2,A,C,1,N,C,C,A,H,A,D,Y,33.869874,-118.185562
20010715,1845,7,RT 710,7,N,A,3,0,1,2,A,C,7,F,F,A,A,H,A,D,N,33.762173,-118.205115
20010715,1900,7,2,MARINA DR,N,A,4,0,1,2,A,C,3,N,C,C,A,H,A,A,N,33.757647,-118.113255
20010715,1922,7,OCEAN BL,ORIZABA,N,A,4,0,2,4,A,C,3,F,C,C,A,H,B,D,N,33.762112,-118.157927
20010715,2500,7,14,CHERRY,N,A,0,0,0,2,A,C,1,M,C,E,A,H,C,D,Y,33.869874,-118.185562
20010716,217,1,SAN ANSELINE,WARDLOW,N,A,0,0,0,2,A,C,3,M,C,E,A,H,C,A,N,33.818859,-118.120771
20010716,230,1,BELMONT,STEARNS,N,A,0,0,0,2,-,-,0,M,D,E,A,H,C,D,N,33.796079,-118.144352
20010716,735,1,RT 91,ATLANTIC AV,N,B,0,0,0,2,A,C,7,M,B,C,A,H,A,D,N,33.874843,-118.193412
20010716,908,1,7,E CAMPUS DR,N,B,4,0,1,3,A,C,3,N,C,C,A,H,A,A,N,33.775231,-118.11529
20010716,930,1,RT 710,WILLOW,N,B,0,0,0,2,A,C,7,M,B,C,A,H,A,D,N,33.77005,-118.193739
20010716,943,1,BELLFLOWER BL,SPRING,N,A,0,0,0,2,A,C,3,N,C,C,A,H,A,D,N,33.810596,-118.12536
20010716,1215,1,7,CHANNEL DR,N,A,0,0,0,1,C,-,18,N,E,I,A,H,A,D,N,33.77522,-118.119009
20010716,1439,1,PACIFC CST HWY,MAGNOLIA AV,Y,A,0,0,0,1,A,C,8,M,E,I,A,H,A,A,N,33.789866,-118.198093
20010716,1520,1,RT 710,DEL AMO BL,N,A,0,0,0,2,C,-,18,M,H,C,A,H,A,D,N,33.847073,-118.13081
20010716,1524,1,L B B,68,Y,A,3,0,1,2,A,C,10,N,G,B,A,D,A,A,N,39.699652,-74.137874
20010716,1534,1,OCEAN BL,CHERRY AV,N,A,0,0,0,2,A,C,7,N,B,C,A,H,A,D,N,33.764487,-118.168426
20010716,1540,1,20,MYRTLE AV,N,A,0,0,0,1,-,-,0,M,E,I,A,H,A,D,N,33.764487,-118.168426
20010716,1554,1,17,ALAMITOS AV,N,A,0,0,0,2,A,C,21,M,D,C,A,H,A,D,N,33.767135,-118.18273
20010716,1615,1,ARTESIA BL,RT 710,N,A,0,0,0,2,A,C,3,N,C,C,A,H,A,A,N,33.874505,-118.18316
20010716,1650,1,7,BELLFLOWER BL,N,A,4,0,1,3,A,C,3,N,C,C,A,H,A,D,N,33.775248,-118.121193
20010716,1655,1,RT 405,CHERRY AV,N,A,4,0,1,2,A,C,3,N,C,C,A,H,A,D,N,33.82317,-118.167726
20010716,1836,1,8,DEL REY CT,Y,A,3,0,1,2,A,C,11,N,G,B,A,H,A,D,N,33.775248,-118.121193
20010716,1855,1,LONG BCH BL,ARTESIA BL,Y,A,4,0,1,2,A,C,12,N,D,C,A,H,A,A,N,33.874332,-118.202702
20010716,2055,1,4,WALNUT AV,Y,A,0,0,0,2,A,C,12,M,D,C,A,H,C,A,N,33.771719,-118.172009
20010716,2121,1,4,XIMENO,N,A,0,0,0,3,A,C,8,N,B,E,A,H,C,D,Y,33.762173,-118.141557
20010717,753,2,TERMINO AV,7,N,A,0,0,0,2,A,C,8,N,B,C,A,H,A,D,N,33.775331,-118.145888
20010717,910,2,ATLANTIC AV,35,N,A,0,0,0,2,A,C,3,N,C,C,A,H,A,D,N,33.767278,-118.185068
20010717,1015,2,RT 405,REDONDO AV,N,A,0,0,0,2,A,C,3,N,D,C,A,H,A,D,N,33.78576,-118.152415
20010717,1045,2,RT 405,LOS CERRITOS CHNL,N,A,3,0,2,4,A,C,3,N,C,C,A,H,A,D,N,33.77005,-118.193739
20010717,1136,2,VIA ORO AV,N CURTS CARSON,N,A,0,0,0,2,C,-,18,M,B,C,A,H,A,-,N,33.767278,-118.185068
20010717,1502,2,RT 405,RT 710,N,A,0,0,0,2,A,C,7,M,C,C,A,H,A,D,N,46.462508,-95.646979
20010717,1530,2,RT 710,ATLANTIC AV,N,A,4,0,5,4,A,C,7,F,B,C,A,H,A,D,N,39.576654,-74.226897
20010717,1535,2,RT 91,RT 710 UC,N,A,3,0,1,2,A,C,3,N,C,C,A,H,A,D,N,33.77005,-118.193739
20010717,1540,2,ORANGE AV,7,N,A,4,0,1,2,A,C,5,N,H,G,A,H,A,D,N,33.77005,-118.193739
20010717,1600,2,RT 405,TEMPLE,N,A,0,0,0,2,A,C,3,N,C,C,A,H,A,D,N,34.145957,-118.417898
20010717,1610,2,BROADWAY,JUNIPERO,Y,A,3,0,1,2,A,C,9,N,D,C,A,H,A,D,N,33.766933,-118.165809
20010717,1615,2,10,WASHINGTON PL,N,A,0,0,0,2,A,C,3,N,C,C,A,H,A,A,N,33.766933,-118.165809
20010717,1630,2,RT 405 NBTRN,BIXBY AV,N,A,0,0,0,2,A,C,3,N,C,C,A,H,A,D,N,34.145957,-118.417898
20010717,2104,2,PACIFIC AV,15,N,A,3,0,1,1,A,C,1,N,E,J,A,D,C,A,Y,33.76727,-118.193747
20010717,2345,2,GLADYS,GLADYS 804,N,A,0,0,0,2,A,C,1,M,C,C,A,H,C,A,Y,,
20010718,15,3,ALMOND AV,6,N,A,0,0,0,2,A,C,21,M,H,E,A,H,C,D,N,33.774144,-118.174725
20010718,100,3,LOS SANTOS,ALBURY,N,A,0,0,0,1,A,C,1,N,E,I,A,H,C,D,Y,33.793196,-118.117913
20010718,600,3,RT 710,LONG BCH BL OC,N,A,3,0,1,1,A,C,8,N,E,I,A,H,A,D,N,33.77005,-118.193739
20010718,615,3,RT 91,LONG BCH BL,N,A,0,0,0,3,A,C,3,N,C,C,A,H,A,D,N,33.873156,-118.200648
20010718,750,3,RT 605,SPRING,N,A,0,0,0,2,A,C,3,N,C,C,A,H,A,D,N,33.77005,-118.193739
20010718,800,3,RT 405,TEMPLE AV,N,A,0,0,0,2,A,C,3,N,C,C,A,H,A,D,N,34.145957,-118.417898
20010718,845,3,RT 405,BELLFLOWER AV,N,A,0,0,0,2,A,C,3,M,C,C,A,H,A,D,N,34.145957,-118.417898
20010718,1207,3,PACIFC CST HWY,LOCUST,N,A,3,0,1,2,A,C,11,N,G,B,A,H,A,A,N,33.789849,-118.191081
20010718,1207,3,PACIFC CST HWY,LOCUST,N,A,3,0,1,2,A,C,11,N,G,B,A,H,A,D,N,33.789849,-118.191081
20010718,1230,3,BROADWAY,ALAMITOS,Y,A,0,0,0,2,A,C,8,N,B,C,A,H,A,A,N,33.769144,-118.182082
20010718,1444,3,PENFOLD,CALIFORNIA,N,A,4,0,1,2,A,C,12,N,H,G,A,H,A,A,N,33.877298,-118.181133
20010718,1457,3,10,FREEMAN AV,Y,A,4,0,1,2,A,C,9,N,D,C,A,H,A,A,N,,
20010718,1459,3,10,MLK JR BL,Y,A,3,0,1,3,A,C,3,F,C,C,A,H,A,A,N,33.778977,-118.180686
20010718,1600,3,RT 91,LONG BCH BL,N,A,2,0,1,1,C,-,18,N,E,J,A,H,A,D,N,33.873156,-118.200648
20010718,1620,3,PACIFC CST HWY,SHERMAN PL,Y,A,4,0,1,1,D,-,0,N,E,I,A,H,A,D,N,33.78987,-118.166249
20010718,1623,3,CHERRY AV,60,N,A,0,0,0,2,A,C,8,N,D,C,A,H,A,D,N,33.78987,-118.166249
20010718,1750,3,LONG BCH BL,SAN ANTONIO,Y,A,4,0,2,2,A,C,9,N,D,C,A,H,A,A,N,33.764967,-118.189375
20010718,1912,3,PACIFC CST HWY,CASPIAN,N,A,3,0,3,2,A,C,9,N,A,C,A,H,A,D,N,33.789918,-118.212178
20010718,1920,3,SANTA FE AV,WARNOCK AV,Y,A,0,0,0,2,A,C,12,N,B,C,A,H,C,A,N,33.789918,-118.215939
20010718,2010,3,GALE AV,21,N,A,0,0,0,2,A,C,21,N,H,E,A,H,C,D,N,33.826059,-118.215939
20010718,2227,3,PACIFIC AV,10,Y,A,4,0,2,2,A,C,12,N,D,C,A,H,C,A,N,33.767229,-118.193709
20010719,25,4,SOUTH,DOWNEY,Y,A,4,0,1,2,A,C,9,N,D,C,A,H,C,A,Y,33.860199,-118.151179
20010719,145,4,E OCEAN,62 PL,N,F,0,0,0,2,A,C,8,M,B,E,A,D,C,D,N,33.77005,-118.193739
20010719,210,4,RT 710,RT 405,N,A,0,0,0,2,A,C,1,N,C,C,A,H,C,D,Y,33.77005,-118.193739
20010719,644,4,LONG BCH,56,Y,A,4,0,1,2,A,C,8,N,D,C,A,H,A,D,N,33.748558,-118.122781
20010719,730,4,20,MLK,N,A,0,0,0,2,-,-,0,M,B,E,A,H,A,D,N,33.793479,-118.180569
20010719,829,4,REDONDO AV,7,N,A,0,0,0,2,A,C,9,N,D,C,A,H,A,A,N,33.761088,-118.152648
20010719,1200,4,IROQUOIS,CONANT,N,A,0,0,0,2,A,C,21,N,D,C,A,H,A,D,N,33.824945,-118.106014
20010719,1205,4,RT 405,CHERRY AV,N,A,4,0,1,2,A,C,8,N,D,C,A,H,A,D,N,33.82317,-118.167726
20010719,1400,4,RT 405,SPRING ST OC,N,A,0,0,0,2,A,C,3,N,C,C,A,H,A,D,N,33.82317,-118.167726
20010719,1500,4,LOS COYOTES DIAGNL,STEARNS,N,A,0,0,0,2,A,C,3,M,C,C,A,H,A,A,N,33.796257,-118.133844
20010719,1517,4,SANTA FE AV,16,Y,A,0,0,0,2,A,C,9,N,D,C,A,H,A,A,N,33.796257,-118.133844
20010719,1550,4,ATLANTIC AV,NEW YORK,Y,A,0,0,0,2,A,C,3,M,C,C,A,H,A,A,N,33.787298,-118.215469
20010719,1650,4,RT 605,SPRING OC,N,A,4,0,3,2,A,C,3,N,C,C,A,H,A,D,N,33.77005,-118.193739
20010719,1719,4,CHERRY AV,14,Y,A,0,0,0,2,A,C,9,N,D,C,A,H,A,D,N,33.784865,-118.185035
20010719,1750,4,LOS COYOTES DIAGNL,OUTER CIR,Y,A,4,0,1,3,A,C,9,N,D,C,A,H,A,A,N,33.790991,-118.141022
20010719,1805,4,ARTESIA BL,ATLANTIC AV,Y,A,0,0,0,2,A,C,9,N,D,C,A,H,A,A,N,33.874312,-118.186089
20010719,1805,4,OCEAN BL,LINDEN AV,Y,A,4,0,1,2,D,-,0,N,G,B,A,H,A,A,N,33.766599,-118.186376
20010719,1828,4,ALAMITOS AV,BROADWAY,Y,A,4,0,1,2,A,C,12,N,D,C,A,H,A,A,N,33.766599,-118.186376
20010719,1835,4,7,NEWPORT AV,Y,A,0,0,0,2,A,C,9,M,D,C,A,H,A,A,N,33.788985,-118.151449
20010719,2125,4,CARSON,ORANGE AV,N,A,0,0,0,2,A,C,3,N,B,C,A,H,C,A,N,33.832432,-118.176299
20010719,2230,4,17,CHESTNUT AV,N,A,0,0,0,2,A,C,8,M,B,E,A,H,C,D,N,33.832432,-118.176299
20010720,845,5,LAKEWOOD BL,SPRING,N,A,0,0,0,2,A,C,4,M,C,C,A,H,A,D,N,33.860127,-118.17537
20010720,859,5,ANAHEIM,OREGON AV,Y,A,0,0,0,2,A,C,9,N,D,C,A,H,A,A,N,33.782695,-118.200995
20010720,940,5,RT 405,WOODRUFF AV,N,A,0,0,0,6,A,C,3,M,C,C,A,H,A,D,N,33.813146,-118.115196
20010720,1108,5,SPRING,WOODRUFF,N,A,4,0,1,2,A,-,0,N,B,C,A,H,A,A,N,33.810576,-118.114478
20010720,1130,5,RT 405 NBTRN,RT 710,N,A,3,0,1,3,A,C,3,N,C,C,A,H,A,D,N,33.77005,-118.193739
20010720,1221,5,WILLOW,CLARK AV,N,A,0,0,0,2,A,C,4,N,C,C,A,H,A,A,N,33.803229,-118.133871
20010720,1258,5,CALIFORNIA AV,37,N,A,0,0,0,2,A,C,8,M,B,E,A,H,A,D,N,33.803229,-118.133871
20010720,1258,5,PACIFC CST HWY,GARDENIA,Y,A,0,0,0,2,A,C,9,N,D,C,A,H,A,D,N,33.789852,-118.168729
20010720,1315,5,ATLANTIC AV,ROOSEVELT,N,A,0,0,0,2,B,-,22,N,H,C,A,H,A,D,N,33.82893,-118.184954
20010720,1519,5,REDONDO AV,WILTON,Y,A,0,0,0,2,A,C,4,N,C,C,A,H,A,D,N,33.787578,-118.152403
20010720,1607,5,ATLANTIC AV,WILLOW,Y,A,0,0,0,2,A,C,12,M,C,C,A,H,A,A,N,33.787578,-118.152403
20010720,1710,5,ARTESIA BL,PARAMOUNT,Y,A,4,0,1,3,A,C,3,N,C,C,A,H,A,A,N,33.804328,-118.185023
20010720,1835,5,RT 405,LAKEWOOD BL,N,A,0,0,0,1,A,C,3,N,E,J,A,H,A,D,N,33.843075,-118.142426
20010720,1910,5,7,CEDAR,N,A,0,0,0,2,A,C,1,M,H,G,A,H,A,D,Y,33.775335,-118.195071
20010720,1911,5,11,JUNIPERO,N,A,4,0,1,2,A,C,5,N,H,G,A,H,B,A,N,33.780747,-118.163302
20010720,1920,5,REDONDO,BROADWAY,N,A,0,0,0,2,A,C,17,N,H,C,A,H,A,A,N,33.780747,-118.163302
20010720,2030,5,RT 91,PARAMOUNT BL,N,A,0,0,0,1,A,C,8,N,E,I,A,H,D,D,N,33.876245,-118.162684
20010720,2155,5,6,DAISY AV,Y,A,0,0,0,2,A,C,8,N,B,C,A,H,C,A,N,33.774131,-118.199383
20010720,2216,5,SOUTH,GUNDRY,N,A,0,0,0,5,A,C,1,N,H,E,A,H,C,D,Y,33.775335,-118.195071
20010721,120,6,PINE,BROADWAY,N,A,4,0,1,2,A,C,3,N,C,C,A,H,C,D,N,40.62671,-73.714487
20010721,141,6,TEMPLE,MARIQUITA,N,A,0,0,0,3,A,C,1,N,C,E,A,H,C,D,Y,33.767068,-118.158944
20010721,600,6,ALAMITOS AV,ARCADIA CT,N,B,0,0,0,2,A,C,8,M,B,E,A,H,C,D,N,40.62671,-118.177513
20010721,1145,6,E 5,CERRITOS,N,A,0,0,0,2,A,C,7,N,B,C,A,H,A,D,N,33.77299,-118.177993
20010721,1201,6,7,PACIFC CST HWY,Y,A,4,0,1,3,A,C,3,N,C,C,-,H,A,A,N,33.775387,-118.122914
20010721,1341,6,11,GRAND,N,A,0,0,0,2,A,C,8,N,B,E,A,H,A,D,N,33.780777,-118.148597
20010721,1421,6,PACIFC CST HWY,1,N,A,3,0,1,2,A,C,3,N,H,G,A,H,A,D,N,33.780777,-118.148597
20010721,1518,6,SAN ANTONIO DR,BANNER DR,N,A,0,0,0,2,A,C,1,M,B,E,A,-,A,D,Y,33.842407,-118.174723
20010721,1540,6,RT 405,STUDEBAKER,N,A,4,0,3,2,A,C,3,N,C,C,A,H,A,D,N,33.77005,-118.193739
20010721,1725,6,RT 405,SANTA FE AV,N,A,3,0,3,2,A,C,8,N,E,I,A,H,A,D,N,33.807295,-118.215507
20010721,1731,6,LAKEWOOD BL,SPRING,N,A,0,0,0,2,D,-,0,N,B,C,A,D,A,D,N,33.812739,-118.139096
20010721,1740,6,TRAFFIC CIR,LOS COYOTES DIAGON,Y,A,0,0,0,2,A,C,8,N,B,C,A,H,A,D,N,33.790991,-118.141022
20010721,1925,6,RT 710,PACIFC CST HWY,N,A,0,0,0,2,A,C,8,N,E,I,A,H,A,D,N,33.77005,-118.193739
20010721,1940,6,RT 405,SPRING,N,A,0,0,0,1,A,C,3,N,E,I,A,H,A,D,N,33.77005,-118.193739
20010721,2105,6,LONG BCH BL,LGT STNRD LA 1893,N,A,0,0,0,2,A,C,3,M,B,E,A,H,C,A,N,33.790991,-118.141022
20010721,2155,6,PACIFC CST HWY,CEDAR AV,Y,A,0,0,0,2,A,C,3,M,C,C,A,H,C,A,N,33.789861,-118.195099
20010721,2200,6,CHESTNUT AV,CHESTNUT AV 5794,N,A,0,0,0,1,A,C,3,M,E,I,A,H,C,D,N,33.789861,-118.195099
20010721,2240,6,RT 710 NBOFF/R,LONG BCH BL,N,A,0,0,0,1,A,C,8,M,E,I,A,H,D,A,N,33.77005,-118.193739
20010721,2304,6,ROOSEVELT,PINE AV,N,A,0,0,0,2,A,C,1,N,A,E,A,H,C,D,Y,33.842407,-118.174723
20010721,2305,6,ROOSEVELT,PINE,Y,-,0,0,0,2,D,-,0,M,H,C,-,H,C,D,N,33.742432,-117.867662
20010721,2500,6,SHORELINE DR,SHORELINE VLG DR,N,A,0,0,0,2,A,C,3,N,C,C,A,H,A,-,N,,-118.189346
20010722,40,7,PINE,OCEAN,Y,A,4,0,2,2,A,C,8,N,A,C,A,H,C,A,Y,33.77005,-118.192407
20010722,43,7,LONG BCH BL,10,Y,A,0,0,0,2,-,-,0,N,D,C,A,H,C,A,N,39.714252,-74.132931
20010722,957,7,TEMPLE AV,4,N,A,0,0,0,2,D,-,0,N,B,C,A,H,A,D,N,,
20010722,1350,7,3,LIME AV,Y,A,4,0,1,2,A,C,9,N,D,C,A,H,A,A,N,33.762512,-118.159643
20010722,1400,7,OCEAN AV,58 PL,N,A,0,0,0,2,A,C,3,M,H,E,A,H,A,D,N,33.766342,-118.18372
20010722,1414,7,ALY E PINE,BROADWAY,N,A,0,0,0,2,A,C,9,N,H,G,A,H,A,A,N,33.749768,-73.714487
20010722,1435,7,MAGNOLIA,BURNETT,Y,A,4,0,1,2,A,C,9,N,D,C,A,H,A,A,N,33.80075,-118.198083
20010722,1506,7,2,CLAREMONT,Y,A,0,0,0,2,A,C,3,N,C,C,A,H,A,D,N,33.758579,-118.130774
20010722,1534,7,OCEAN BL,CHERRY AV,Y,A,0,0,0,2,A,C,9,N,H,C,A,H,A,-,Y,33.764487,-118.168426
20010722,1740,7,CHERRY AV,63,Y,A,4,0,1,2,A,C,8,F,D,C,A,H,A,D,N,33.765505,-118.16825
20010722,2145,7,PACIFC CST HWY,CHERRY AV,Y,A,0,0,0,2,A,C,12,N,D,C,A,H,C,A,N,33.789861,-118.167643
20010722,2221,7,ATLANTIC AV,HILL,N,A,0,0,0,3,A,C,8,M,C,E,A,H,C,A,N,33.797124,-118.185032
20010722,2323,7,7,ORIZA BL,N,A,4,0,1,6,A,C,1,N,B,E,A,H,C,A,Y,33.77005,-118.193739
20010723,100,1,RT 405,LAKEWOOD BL,N,A,0,0,0,1,A,C,1,N,E,I,A,H,C,D,Y,33.843075,-118.142426
20010723,510,1,RT 405,WOODRUFF AV,N,B,4,0,1,1,A,C,8,N,E,I,A,H,C,D,N,33.813146,-118.115196
20010723,700,1,PACIFC CST HWY,LEMON,Y,A,0,0,0,2,A,C,4,N,C,C,A,H,A,A,N,33.789858,-118.178418
20010723,950,1,RT 91,ORANGE AV,N,A,0,0,0,2,A,C,3,N,C,C,A,H,A,D,N,33.850492,-117.875066
20010723,1015,1,DAISY AV,8,N,A,0,0,0,2,A,C,8,M,B,E,A,H,A,D,N,33.789858,-118.178418
20010723,1105,1,5,BONITO AV,N,A,0,0,0,2,A,-,0,N,B,E,A,A,A,D,N,33.846927,-118.198509
20010723,1224,1,PACIFC CST HWY,JUDSON AV,N,A,0,0,0,2,A,C,3,N,C,C,A,H,A,D,N,33.789807,-118.22139
20010723,1231,1,SAN ANTONIO,BUSINESS,Y,A,0,0,0,2,D,-,0,N,D,C,A,H,A,D,N,33.834855,-118.188853
20010723,1554,1,ATLANTIC,WARDLOW,Y,A,3,0,1,4,A,C,9,N,A,C,A,H,A,A,N,33.81891,-118.185015
20010723,1607,1,ATLANTIC,51,N,A,0,0,0,3,A,C,2,N,C,C,A,H,A,D,N,33.81891,-118.185015
20010723,1621,1,CHERRY AV,33,N,A,0,0,0,3,A,C,6,N,D,C,A,H,A,D,N,33.765283,-118.168288
20010723,1701,1,CARSON,LOS COYOTES DIA,N,A,0,0,0,2,A,C,3,N,C,C,A,H,A,A,N,33.832134,-118.098846
20010723,1710,1,16,MAGNOLIA AV,N,A,4,0,1,2,D,-,0,F,G,B,A,H,A,D,N,33.832134,-118.098846
20010723,1745,1,PACIFC CST HWY,LEMON,Y,A,0,0,0,2,A,C,3,N,C,C,A,H,A,A,N,33.789858,-118.178418
20010723,1820,1,CERRITOS AV,BROADWAY,N,A,0,0,0,2,A,C,21,M,C,C,A,H,A,D,N,33.76869,-118.178639
20010723,1940,1,LONG BCH BL,56,N,A,2,0,1,2,A,C,3,F,C,C,A,H,A,A,N,33.767533,-118.189285
20010723,2010,1,19,PASADENA,N,A,0,0,0,2,A,C,21,M,C,C,A,H,C,D,N,33.767533,-118.189285