COLLISION_DATE,COLLISION_TIME,DAY_OF_WEEK,PRIMARY_RD,SECONDARY_RD,INTERSECTION,WEATHER_1,COLLISION_SEVERITY,NUMBER_KILLED,NUMBER_INJURED,PARTY_COUNT,PRIMARY_COLL_FACTOR,PCF_CODE_OF_VIOL,PCF_VIOL_CATEGORY,HIT_AND_RUN,TYPE_OF_COLLISION,MVIW,ROAD_SURFACE,ROAD_COND_1,LIGHTING,CONTROL_DEVICE,ALCOHOL_INVOLVED,LATITUDE,LONGITUDE
20010723,2034,1,TEMPLE AV,PACIFC CST HWY,N,A,0,0,0,2,A,C,6,N,B,C,A,H,C,D,N,33.791674,-118.187203
20010723,2100,1,EASY,WILLOW,N,A,0,0,0,2,A,C,0,M,B,C,A,H,C,D,N,33.789847,-118.158931
20010724,424,2,2,NAPLES PLZ,Y,B,0,0,0,1,A,C,1,N,E,I,-,H,C,A,Y,33.850492,-117.875066
20010724,550,2,ARTESIA BL,LONG BCH BL,Y,A,0,0,0,2,A,C,12,N,D,C,A,H,B,A,N,,
20010724,650,2,3,MAGNOLIA AV,Y,A,4,0,1,2,A,C,12,N,D,C,A,H,A,A,N,33.767557,-118.198074
20010724,855,2,RT 710,RT 405,N,A,0,0,0,2,A,C,3,N,C,C,A,H,A,D,N,33.77005,-118.193739
20010724,904,2,7,E CHANNEL DR,N,A,0,0,0,4,A,C,3,M,C,C,A,A,A,D,Y,33.756368,-118.119009
20010724,1300,2,LAKEWOOD BL,ARBOR RD,N,A,0,0,0,1,D,-,0,M,E,I,A,H,A,D,N,33.843075,-118.142426
20010724,1312,2,ANAHEIM SVC RD,FASHION AV,N,A,4,0,1,1,A,C,8,N,F,A,A,H,A,D,N,33.843075,-118.142426
20010724,1330,2,RT 710,CARSON UC,N,A,0,0,0,2,A,C,7,M,C,C,A,H,A,D,N,33.77005,-118.193739
20010724,1400,2,RT 710,PACIFC CST HWY,N,A,0,0,0,2,A,C,21,N,C,C,A,H,A,D,N,33.77005,-118.193739
20010724,1430,2,RT 710,LONG BCH BL,N,A,0,0,0,2,A,C,3,N,C,C,A,H,A,D,N,33.77005,-118.193739
20010724,1505,2,CHERRY AV,10,N,A,0,0,0,3,A,C,3,N,C,C,A,H,A,D,N,33.76456,-118.168392
20010724,1507,2,PACIFC CST HWY,PINE AV,N,A,4,0,1,2,A,C,5,N,H,G,A,H,A,A,N,33.78985,-118.19239
20010724,1823,2,PACIFC CST HWY,LAKEWOOD BL,N,A,0,0,0,2,A,C,8,N,B,C,A,H,A,D,N,33.789852,-118.189507
20010724,1900,2,7,NEBRASKA AV,Y,A,0,0,0,2,-,-,0,N,D,C,A,H,A,A,N,33.775354,-118.17364
20010724,1910,2,7,ALMOND AV,N,A,0,0,0,2,A,C,17,N,B,C,A,H,A,D,N,33.77535,-118.174724
20010725,815,3,RT 405,SANTA FE AV,N,B,0,0,0,3,A,C,3,N,C,C,A,H,A,D,N,33.807295,-118.215507
20010725,945,3,33,ATLANTIC AV,Y,A,0,0,0,2,A,C,6,N,B,C,A,H,A,A,N,33.782608,-118.177967
20010725,1112,3,PACIFIC AV,SPRING,Y,A,3,0,2,2,A,C,8,N,D,C,A,H,A,A,N,33.811642,-118.193727
20010725,1114,3,BELLFLOWER BL,MONLACO,Y,A,3,0,2,2,A,C,9,N,D,C,A,H,A,A,N,33.82226,-118.125151
20010725,1240,3,PARK AV,10,N,A,4,0,1,2,A,C,21,N,H,G,A,H,A,D,N,33.82226,-118.125151
20010725,1300,3,ARTESIA BL,MURIEL AV,Y,A,0,0,0,2,A,C,9,N,D,C,A,H,A,A,N,33.874338,-118.200542
20010725,1510,3,ATLANTIC AV,PLEASANT,N,A,0,0,0,3,A,C,4,N,C,C,A,H,A,A,N,33.847141,-118.184867
20010725,1535,3,PACIFC CST HWY,OUTER TRAFFIC CIR,N,A,0,0,0,2,A,C,7,M,C,C,A,H,A,D,N,33.788902,-118.140964
20010725,1643,3,CHERRY AV,15,N,A,0,0,0,2,A,C,3,N,C,C,A,H,A,D,N,33.764656,-118.168411
20010725,1650,3,WARDLOW RD,MAGNOLIA,Y,A,3,0,1,3,A,C,9,N,D,C,A,H,A,A,N,33.764656,-118.168411
20010725,1730,3,RT 710 SBTRN,PACIFIC AV,N,A,0,0,0,2,A,C,8,M,B,C,A,H,A,D,N,46.356782,-124.054189
20010725,1743,3,WILLOW,MAGNOLIA AV,N,A,0,0,0,2,A,C,7,M,B,C,A,H,A,A,N,33.804433,-118.198067
20010725,1750,3,WILLOW,OLIVE,Y,A,4,0,1,2,A,C,9,N,D,C,A,H,A,D,N,33.804385,-118.182293
20010725,1812,3,SOUTH,LIME AV,Y,A,3,0,2,2,A,C,5,N,D,C,A,H,A,D,N,33.860072,-118.183996
20010725,1815,3,7,W ST LOUIS AV,N,A,0,0,0,2,A,C,21,N,B,C,A,H,A,-,N,33.860072,-118.183996
20010725,1845,3,CHERRY AV,CARSON,N,A,0,0,0,2,A,C,5,M,A,C,A,A,-,A,N,33.83243,-118.167628
20010725,1850,3,REDONDO AV,7,N,A,3,0,2,3,A,C,9,N,A,C,A,H,A,D,N,33.761088,-118.152648
20010725,1855,3,RT 405,CHERRY AV,N,A,0,0,0,3,A,C,3,N,C,C,A,H,A,D,N,33.82317,-118.167726
20010725,1927,3,ANAHEIM,ALAMITOS,Y,A,0,0,0,2,A,C,12,M,D,C,A,H,A,A,Y,33.782608,-118.177967
20010725,2130,3,RT 405,LA RV,N,A,0,0,0,2,A,C,3,N,C,C,A,H,C,D,N,33.77005,-118.193739
20010726,810,4,RT 405,LONG BCH BL,N,A,0,0,0,2,A,C,7,M,B,C,A,H,A,D,N,33.77005,-118.193739
20010726,848,4,PACIFIC AV,7,N,A,0,0,0,3,A,C,3,N,C,C,A,H,A,A,N,33.767213,-118.193746
20010726,900,4,RT 710 SBOFF/R,WILLOW,N,A,4,0,2,2,A,C,21,N,C,C,A,H,A,D,N,33.77005,-118.193739
20010726,1045,4,RT 710,RT 405,N,A,0,0,0,2,A,C,3,N,C,C,A,H,A,D,N,33.77005,-118.193739
20010726,1120,4,MAGNOLIA AV,OCEAN BL,Y,A,3,0,1,2,A,C,12,N,H,G,A,H,A,A,N,33.767213,-118.193746
20010726,1220,4,CHERRY AV,33,N,A,4,0,2,3,A,C,4,N,C,C,A,H,A,D,N,33.765283,-118.168288
20010726,1331,4,LINDERO AV,OCEAN BL,N,A,3,0,1,2,A,C,5,N,H,G,A,H,A,A,N,33.763192,-118.16321
20010726,1430,4,PACIFC CST HWY,TRAFFIC CIR,Y,A,0,0,0,2,A,C,8,N,B,C,A,H,A,D,N,33.788902,-118.140964
20010726,1430,4,RT 405,ATLANTIC AV,N,A,4,0,1,3,A,C,7,F,B,C,A,H,A,D,N,39.576654,-74.226897
20010726,1445,4,PACIFC CST HWY,7,Y,A,0,0,0,2,A,C,0,M,B,C,A,H,A,A,N,33.775387,-118.122914
20010726,1500,4,PACIFC CST HWY,ATLANTIC AV,Y,A,0,0,0,2,A,C,9,N,D,C,A,H,A,A,N,33.789867,-118.185018
20010726,1501,4,NORWALK BL,TORIN,Y,A,4,0,1,2,A,C,1,N,D,C,A,H,A,D,Y,33.820726,-118.071799
20010726,1540,4,RT 710,ARTESIA BL,N,A,0,0,0,3,A,C,3,M,B,C,A,H,A,D,N,33.873075,-118.068043
20010726,1551,4,CLARK,CONANT,Y,A,4,0,1,2,A,C,9,N,D,C,A,H,A,A,N,33.825125,-118.133911
20010726,1620,4,RT 91,RT 710,N,A,0,0,0,3,A,C,3,N,C,C,A,H,A,D,N,32.932282,-80.411644
20010726,1640,4,RT 710,DEL AMO BL,N,A,0,0,0,3,A,C,4,N,C,C,A,H,A,D,N,33.847073,-118.13081
20010726,1640,4,RT 91,CHERRY AV,N,A,0,0,0,2,A,C,3,N,C,C,A,H,A,D,N,33.876334,-118.167205
20010726,1645,4,RT 710,WARDLOW RD,N,A,0,0,0,4,A,C,3,M,C,C,A,D,A,D,N,33.818749,-118.130842
20010726,1659,4,PACIFC CST HWY,GAVIOTA,Y,A,3,0,2,2,A,C,9,N,D,C,A,H,A,D,N,33.789856,-118.170908
20010726,1740,4,RT 710 SBTRN,WARDLOW RD,N,A,0,0,0,3,A,C,3,N,C,C,A,H,A,D,N,33.818749,-118.130842
20010726,1758,4,CERRITOS AV,HARDING,N,A,3,0,1,3,A,C,11,N,G,B,A,H,A,D,N,33.867345,-118.17827
20010726,1843,4,STUDEBAKER,SPRING,Y,A,4,0,2,2,A,C,9,N,D,C,A,H,A,A,N,33.867345,-118.099235
20010726,2035,4,RT 405,ORANGE AV,N,A,0,0,0,1,C,-,18,N,H,H,A,H,C,D,N,33.825422,-118.176316
20010726,2150,4,TRAFFIC CIR,LOS COYOTES DIAG,Y,A,0,0,0,2,A,C,7,N,B,C,A,H,C,D,Y,33.790991,-118.141022
20010726,2330,4,LAKEWOOD,PATERO,N,A,0,0,0,3,A,C,1,M,C,C,A,H,C,D,Y,33.795014,-118.142468
20010727,252,5,HENDERSON,15,N,A,0,0,0,2,D,-,0,M,H,E,A,H,C,-,N,33.786235,-118.197252
20010727,720,5,RT 710 SBOFF/R,WILLOW,N,B,0,0,0,2,A,C,3,M,C,C,A,H,A,A,N,33.77005,-118.193739
20010727,1130,5,E 5,ROSE AV,N,A,0,0,0,2,A,C,9,N,D,C,A,H,A,D,N,,
20010727,1200,5,RT 710,RT 405,N,A,4,0,1,1,A,C,8,N,E,I,A,H,A,D,N,33.77005,-118.193739
20010727,1300,5,OCEAN,ORANGE,Y,A,0,0,0,2,A,C,4,N,C,C,A,H,A,A,N,33.765666,-118.177364
20010727,1306,5,ORANGE AV,59,Y,A,3,0,1,2,A,C,9,N,D,C,A,H,A,D,N,33.765666,-118.177364
20010727,1540,5,RT 91,LONG BCH BL,N,A,0,0,0,2,A,C,7,N,B,C,A,H,A,D,N,33.873156,-118.200648
20010727,1545,5,ADAIR,JAYMILLS,N,A,0,0,0,1,A,C,8,N,E,J,A,H,A,D,N,33.766692,-118.177179
20010727,1555,5,RT 405,WARDLOW RD,N,A,4,0,1,2,A,C,3,N,C,C,A,H,A,D,N,33.818749,-118.130842
20010727,1630,5,GUNDRY AV,SOUTH,N,A,0,0,0,2,A,C,5,N,A,C,A,H,A,D,N,33.860127,-118.17537
20010727,1630,5,RT 405,LAKEWOOD BL,N,A,0,0,0,2,A,C,3,N,C,C,A,H,A,D,N,33.843075,-118.142426
20010727,1645,5,ANAHIEM AV,ROSE AV,N,A,3,0,3,4,A,C,3,N,C,C,A,H,A,A,N,33.860127,-118.17537
20010727,1710,5,RT 405,BELLFLOWER BL,N,A,0,0,0,2,A,C,4,N,C,C,A,H,A,D,N,33.769086,-118.120973
20010727,1735,5,PACIFC CST HWY,JUDSON AV,N,A,0,0,0,2,A,C,6,N,B,C,A,H,A,D,N,33.789807,-118.22139
20010727,1943,5,PARAMOUNT BL,RT 91 OC,N,A,0,0,0,2,A,C,3,M,D,C,A,H,A,A,N,33.77005,-118.193739
20010727,1943,5,PARAMOUNT BL,RT 91 OC,N,A,0,0,0,2,A,C,3,M,D,C,A,H,A,A,N,33.77005,-118.193739
20010727,1946,5,67,PARAMOUNT BL,N,A,0,0,0,2,A,C,3,N,C,C,A,H,A,D,N,33.876975,-118.160008
20010727,2215,5,ALMOND AV,6,N,A,0,0,0,1,A,C,21,M,E,I,A,H,C,D,N,33.774144,-118.174725
20010727,2249,5,RT 405,PALOS VERDE AV,N,A,0,0,0,2,A,C,16,N,H,C,A,H,C,D,N,33.769086,-118.120973
20010727,2301,5,SPRING,SAN ANSELINE,Y,A,3,0,1,2,A,C,1,F,D,C,A,H,C,A,Y,33.810474,-118.121482
20010728,130,6,PASADENA AV,19,N,A,0,0,0,3,A,C,3,N,B,E,A,H,C,D,N,,-118.187203
20010728,145,6,RT 710 NBTRN,RT 405,N,A,0,0,0,1,A,C,1,N,E,I,A,H,C,D,Y,33.77005,-118.193739
20010728,229,6,SHORELINE DR,3,Y,A,3,0,2,1,A,C,3,N,F,A,A,H,C,D,N,33.763116,-118.192779
20010728,606,6,ATLANTIC AV,63,N,A,0,0,0,1,-,-,0,N,E,J,A,H,A,D,N,33.767577,-118.185067
20010728,830,6,ALAMITOS AV,ALHAMBRA CT,N,B,3,0,1,2,A,C,9,N,H,G,A,H,A,D,N,33.78342,-118.17771
20010728,840,6,7,RAYMOND AV,N,A,0,0,0,2,A,C,8,M,B,E,A,H,C,D,N,33.78342,-118.17771
20010728,945,6,SHORE LINE DR,LINDEN,Y,A,4,0,1,2,-,-,0,N,D,C,A,H,A,A,N,33.77005,-118.193739
20010728,1020,6,ATLANTIC AV,PACIFC CST HWY,Y,B,0,0,0,2,A,C,9,N,D,C,A,H,A,A,N,33.789867,-118.185018
20010728,1100,6,8,CEDAR,N,A,0,0,0,2,A,C,7,N,B,E,A,H,A,A,N,33.776553,-118.195067
20010728,1301,6,PACIFC CST HWY,GRAND AV,Y,A,0,0,0,3,A,C,8,N,C,C,A,H,A,D,N,33.789852,-118.148062
20010728,1310,6,RT 710,WILLOW,N,A,3,0,1,1,A,C,1,N,F,A,A,H,A,D,Y,33.77005,-118.193739
20010728,1359,6,OCEAN BL,ALAMITOS AV,Y,A,0,0,0,2,A,C,12,N,D,C,A,H,A,A,N,33.766221,-118.183133
20010728,1455,6,WILLOW,L B BL,N,A,0,0,0,2,A,C,3,M,C,C,A,H,A,A,N,33.954541,-118.219577
20010728,1603,6,CHERRY AV,19,Y,A,2,0,2,1,A,C,15,N,E,I,A,H,A,B,N,33.764701,-118.168402
20010728,1630,6,ANAHEIM,HOFFMAN,Y,A,0,0,0,2,A,C,9,N,D,C,A,H,A,A,N,33.782594,-118.173621
20010728,1722,6,CARSON AV,CHERRY AV,N,A,0,0,0,2,A,C,7,N,B,C,A,H,A,D,N,33.83243,-118.167628
20010728,1725,6,7,PARK,Y,A,3,0,2,2,D,-,0,N,D,C,A,H,A,A,N,33.775354,-118.137369
20010728,1900,6,PACIFC CST HWY,2,Y,A,0,0,0,2,A,C,3,M,C,C,A,H,A,A,N,33.758149,-118.111272
20010728,2005,6,CHERRY AV,3,N,A,0,0,0,2,A,C,17,N,B,C,A,H,B,D,N,33.764523,-118.168438
20010729,421,7,LIME AV,ANAHEIM,N,A,0,0,0,1,A,C,8,N,E,I,A,H,C,A,N,33.782606,-118.18395
20010729,920,7,TERMINO,7,Y,A,4,0,1,1,D,-,0,N,H,A,A,H,A,A,N,33.775331,-118.145888
20010729,921,7,MAGNOLIA AV,N 11,N,B,0,0,0,4,A,C,1,N,C,E,A,H,A,D,Y,33.764523,-118.168438
20010729,1000,7,DAWSON AV,11,N,A,0,0,0,3,A,C,21,N,D,C,A,H,A,D,N,33.780778,-118.165487
20010729,1153,7,VIA VERANADA,ATLANTIC PLZ,N,A,4,0,1,2,A,C,21,N,C,C,A,H,A,D,N,33.780778,-118.165487
20010729,1535,7,MAGNOLIA AV,17,Y,A,3,0,1,2,A,C,5,N,H,G,A,H,A,A,N,33.850511,-118.184242
20010729,1705,7,CHERRY AV,MARKET,N,A,4,0,1,2,A,C,5,N,H,G,A,H,A,D,N,33.854386,-118.167805
20010729,1830,7,RT 710,WILLOW AV,N,A,0,0,0,2,A,C,7,N,B,C,A,H,A,D,N,40.623157,-73.72315
20010729,1847,7,ANAHEIM,TERMINO,Y,A,0,0,0,2,A,C,9,N,D,C,A,H,A,A,N,33.782595,-118.145883
20010729,1859,7,PINE AV,12,Y,A,4,0,1,2,A,C,12,N,D,C,A,H,A,-,N,33.767268,-118.19239
20010729,2315,7,RT 405,LAKEWOOD BL,N,A,0,0,0,2,A,C,3,N,C,C,A,D,D,D,N,33.843075,-118.142426
20010730,900,1,RT 405,PACIFIC AV,N,A,0,0,0,2,A,C,7,M,B,C,A,H,A,D,N,46.356782,-124.054189
20010730,1030,1,RT 710,DEL AMO BL,N,A,3,0,2,2,A,C,8,N,E,I,A,H,A,D,N,33.847073,-118.13081
20010730,1054,1,BELLFLOWER BL,ANAHEIM RD,N,A,0,0,0,3,A,C,17,N,C,E,A,H,A,A,N,33.779493,-118.122421
20010730,1055,1,BELLFLOWER BL,ANAHEIM RD,N,A,0,0,0,2,A,C,3,N,C,C,A,H,A,A,N,33.779493,-118.122421
20010730,1330,1,CARSON,LB TOWNE CNTR,N,A,0,0,0,2,D,-,0,N,C,C,A,H,A,-,N,33.831299,-118.090034
20010730,1410,1,ORANGE AV,HILL,N,A,4,0,1,2,A,C,3,N,C,C,A,H,A,A,N,33.831299,-118.090034
20010730,1532,1,ALY N 7,ORIZABA,N,A,0,0,0,2,D,-,0,N,G,B,A,H,A,D,N,33.775334,-118.156776
20010730,1545,1,ARTESIA BL,MYRTLE AV,Y,A,4,0,2,2,A,C,3,F,C,C,A,H,A,A,N,33.874658,-118.182103
20010730,1715,1,REDONDO AV,BURNETT,N,A,0,0,0,2,A,C,8,N,C,C,A,H,A,D,N,33.801446,-118.151367
20010730,1940,1,3,PARK AV,N,A,0,0,0,2,A,C,8,M,B,C,A,H,A,D,N,33.801446,-118.151367
20010730,2200,1,11,OBISPO AV,N,A,0,0,0,2,A,C,8,M,D,E,A,H,C,D,N,33.768076,-118.137205
20010731,12,2,RT 710 SBOFF/R,WILLOW,N,A,4,0,1,2,A,C,3,F,C,C,A,H,C,D,Y,33.77005,-118.193739
20010731,13,2,QUEENSWAY BAY BR,OCEAN,N,A,0,0,0,1,A,C,3,M,E,I,A,H,C,A,N,33.766923,-118.18931
20010731,130,2,BRITTAIN,KALLIN AV,N,A,0,0,0,2,A,C,3,M,D,C,A,H,C,D,N,33.766923,-118.18931
20010731,547,2,MLK JR AV,N 15,N,A,3,0,1,2,A,C,6,N,H,C,A,H,B,D,N,33.825387,-118.097202
20010731,620,2,SANTA FE AV,S 32 WY,N,A,0,0,0,3,A,C,7,M,H,E,A,H,A,A,N,33.785779,-118.180675
20010731,822,2,BROADWAY,DAISY AV,Y,A,0,0,0,2,A,C,3,N,C,C,A,H,A,A,N,33.816137,-118.215383
20010731,845,2,RT 710,ARTESIA BL,N,A,0,0,0,2,A,C,7,N,C,C,A,H,A,D,N,33.873075,-118.068043
20010731,1005,2,LB BL,RHEA,N,A,0,0,0,3,A,C,3,N,C,C,A,H,A,D,N,33.77005,-118.193739
20010731,1315,2,OCEAN BL,TERMINAL ISL FWY,N,A,0,0,0,2,-,-,0,N,B,C,A,H,A,A,N,33.762353,-118.239435
20010731,1430,2,RT 405,SANTA FE AV,N,A,0,0,0,3,A,C,7,N,B,C,A,H,A,D,N,33.807295,-118.215507
20010731,1440,2,MIRA MAR AV,N FOUNTAIN,N,A,0,0,0,2,A,C,21,M,D,E,A,H,A,D,N,33.762353,-118.239435
20010731,1512,2,3,MAGNOLIA AV,Y,A,0,0,0,2,A,C,8,N,B,C,A,H,A,A,N,33.767557,-118.198074
20010731,1600,2,14,E GLADYS,N,A,0,0,0,2,A,C,21,M,D,E,A,H,A,D,N,33.784413,-118.15785
20010731,1722,2,PACIFC CST HWY,HAVANNA,Y,A,0,0,0,2,A,C,9,N,D,C,A,H,A,D,N,33.777893,-118.126201
20010731,1735,2,ALAMITOS,2,N,A,0,0,0,2,A,C,5,M,B,E,A,H,A,D,N,33.768564,-118.182251
20010731,1827,2,7,MLK BL,Y,A,4,0,1,2,A,C,10,N,H,G,A,H,A,A,N,33.77535,-118.180686
20010731,1858,2,WILLOW,CHESTNUT,Y,A,0,0,0,2,A,C,8,N,D,C,A,H,A,D,N,33.77535,-118.180686
20010731,2010,2,PACIFC CST HWY,LEMON,Y,A,4,0,1,3,A,C,3,N,C,C,A,H,C,A,N,33.789858,-118.178418
20010731,2015,2,ANAHEIM,COTA,Y,A,0,0,0,2,A,C,1,N,B,C,A,H,C,D,Y,33.782688,-118.216558
20010801,305,3,RT 605,OC CO LINE,N,B,4,0,1,2,A,C,8,N,E,I,A,H,C,D,Y,33.77005,-118.193739
20010801,715,3,CHESTNUT,20,N,A,4,0,1,2,A,C,6,N,D,C,A,H,A,D,N,33.793485,-118.195894
20010801,801,3,ATLANTIC AV,35,Y,A,0,0,0,2,A,C,9,N,D,C,A,H,A,A,N,33.767278,-118.185068
20010801,847,3,5,OBISPO AV,N,A,0,0,0,2,A,C,21,N,H,C,A,H,A,A,N,33.767278,-118.185068
20010801,1105,3,OCEAN BL,PICO AV,N,A,0,0,0,2,A,C,7,N,B,C,A,H,A,D,N,33.766499,-118.213296
20010801,1105,3,WARDLOW RD,WOODRUFF AV,Y,A,3,0,1,2,A,C,12,N,D,C,A,H,A,A,N,33.818859,-118.116517
20010801,1239,3,PACIFIC AV,10,N,A,0,0,0,2,A,C,4,N,C,C,A,H,A,D,N,33.767229,-118.193709
20010801,1248,3,BROADWAY,CHESTNUT AV,Y,A,4,0,1,2,A,C,12,N,D,C,A,H,A,A,N,33.767229,-118.193709
20010801,1450,3,LONG BCH BL,E 15,Y,A,4,0,1,2,A,C,9,N,H,G,A,H,A,D,N,33.769267,-118.19638
20010801,1455,3,PACIFC CST HWY,W TEMPLE AV,N,A,0,0,0,2,A,C,9,N,B,C,A,H,A,A,N,33.785771,-118.158931
20010801,1520,3,MLK,23,Y,A,0,0,0,2,D,-,0,N,D,C,A,A,A,D,N,33.798926,-118.180667
20010801,1540,3,PACIFC CST HWY,ORANGE AV,Y,A,4,0,1,2,A,C,1,N,D,C,A,H,A,A,Y,33.789854,-118.176289
20010801,1544,3,PACIFC CST HWY,CHESTNUT,N,A,4,0,2,2,A,C,3,N,C,C,A,H,A,D,N,33.789861,-118.196387
20010801,1610,3,ANAHEIM,MAGNOLIA AV,Y,A,3,0,1,2,A,C,9,N,D,C,A,H,A,A,N,33.782601,-118.198034
20010801,1630,3,RT 405,SPRING,N,A,0,0,0,3,A,C,3,N,C,C,A,H,A,D,N,33.77005,-118.193739
20010801,1705,3,WILLOW,CEDAR AV,N,A,0,0,0,2,A,C,4,N,C,C,A,H,A,D,N,33.782601,-118.198034
20010801,2001,3,BELLFLOWER BL,MEZZANINE WY,Y,A,0,0,0,2,A,C,9,N,D,C,A,H,B,D,N,33.815203,-118.125308
20010801,2105,3,RT 405,WOODRUF AV,N,A,3,0,1,1,A,C,3,N,E,J,A,H,C,D,N,33.77005,-118.193739
20010802,100,4,LA VERNE AV,2,N,A,0,0,0,2,D,-,0,M,B,E,A,H,C,D,N,33.77005,-118.193739
20010802,705,4,RT 710,DEL AMO BL,N,B,0,0,0,2,D,-,0,M,D,C,A,H,A,D,N,33.847073,-118.13081
20010802,719,4,7,STUDEBAKER,N,B,4,0,1,2,A,C,7,N,B,C,A,H,A,A,N,33.761751,-118.103505
20010802,719,4,7,STUDEBAKER,N,B,0,0,0,2,A,C,3,N,C,C,A,H,A,D,N,33.761751,-118.103505
20010802,736,4,ORANGE AV,56,N,A,4,0,1,2,A,C,7,N,C,E,A,H,A,D,N,33.766636,-118.177152
20010802,747,4,OCEAN BL,GATE 2,N,B,0,0,0,2,A,C,4,N,C,C,A,H,A,D,N,33.76607,-118.180447
20010802,759,4,PARK AV,10,N,A,3,0,1,3,E,-,24,N,C,C,A,H,A,A,N,40.588091,-73.664383
20010802,1011,4,WARDLOW,NORWALK,N,A,0,0,0,1,-,-,0,N,E,I,A,H,A,D,N,33.817565,-118.071822
20010802,1245,4,CHERRY AV,CARTAGENA,N,A,0,0,0,2,A,C,4,N,D,C,A,H,A,D,N,33.833464,-118.167466
20010802,1320,4,VIRGINIA RD,COUNTRY CLUB DR,Y,A,0,0,0,2,A,C,9,N,A,C,A,H,A,A,N,33.833464,-118.167466
20010802,1336,4,DAWSON,4,N,A,3,0,1,2,A,C,11,N,G,B,A,H,A,D,N,33.771718,-118.165577
20010802,1633,4,DAWSON AV,ANAHEIM,N,A,0,0,0,2,A,C,21,N,C,C,A,H,A,A,N,33.782599,-118.16548
20010802,1725,4,ORANGE AV,CARSON,N,A,0,0,0,1,A,C,8,N,E,I,A,H,A,A,N,33.832432,-118.176299
20010802,1755,4,LIME,SUNRISE,N,A,0,0,0,1,A,C,7,N,E,I,A,H,A,D,N,33.832432,-118.183899
20010802,1815,4,COOLIDGE,ATLANTIC,N,A,3,0,1,2,A,C,11,N,G,B,A,H,A,D,N,33.873321,-118.186167
20010802,1830,4,RT 91,LONG BCH BL,N,A,2,0,1,1,A,C,3,N,E,I,A,H,A,D,N,33.873156,-118.200648
20010802,1840,4,RT 710,PACIFC CST HWY,N,A,0,0,0,2,D,-,0,N,B,C,A,D,A,D,N,33.77005,-118.193739
20010803,27,5,WALNUT AV,14,N,A,0,0,0,2,A,C,1,N,B,E,A,H,C,D,Y,33.784417,-118.171991
20010803,118,5,MARWICK AV,MEZZANINE WY,Y,A,0,0,0,1,A,C,1,N,E,I,A,H,C,D,Y,33.784417,-118.122404
20010803,505,5,RT 710,LONG BCH,N,B,3,0,1,2,A,C,7,N,C,C,A,H,B,D,N,33.77005,-118.193739
20010803,516,5,PARAMOUNT BL,68,N,F,1,1,0,2,D,-,0,F,G,B,A,H,B,D,N,33.878315,-118.159945
20010803,750,5,RT 405,SAN GABRIEL RV UC,N,B,0,0,0,2,A,C,7,N,E,I,A,H,A,D,N,33.77005,-118.193739
20010803,806,5,PACIFC CST HWY,ATLANTIC AV,N,A,0,0,0,2,A,C,3,N,C,C,A,H,A,D,N,33.789867,-118.185018
20010803,930,5,RT 91,ATLANTIC AV,N,A,0,0,0,2,A,C,3,N,C,C,A,H,A,D,N,33.874843,-118.193412
20010803,948,5,LIVINGSTON,TERMINO,N,A,0,0,0,2,A,C,3,N,C,C,A,H,A,A,N,33.760492,-118.145782
20010803,1004,5,PACIFC CST HWY,LOYNES DR,N,A,0,0,0,2,-,-,0,N,G,B,A,H,A,A,N,33.767271,-118.116958
20010803,1135,5,BELLFLOWER BL,MEZZANINE WY,Y,A,0,0,0,2,A,C,12,N,D,C,A,H,A,A,N,33.815203,-118.125308
20010803,1315,5,LOS COYOTES DGNL,CARSON,N,A,0,0,0,3,A,C,3,N,C,C,A,H,A,D,N,,
20010803,1445,5,RT 405,LAKEWOOD BL,N,A,0,0,0,2,A,C,3,N,C,C,A,H,A,D,N,33.843075,-118.142426
20010803,1500,5,RT 710 SBTRN,PACIFIC PL UC,N,A,0,0,0,2,A,C,7,N,B,C,A,C,A,D,N,33.843075,-118.142426
20010803,1510,5,BELLFLOWER BL,POLE SD1261,N,A,0,0,0,2,A,C,3,N,C,C,A,H,A,D,N,33.77005,-118.193739
20010803,1620,5,CHERRY AV,33,N,A,0,0,0,2,A,C,3,N,C,C,A,H,A,D,N,33.765283,-118.168288
20010803,1810,5,RT 405,ATLANTIC AV,N,A,0,0,0,1,A,C,3,N,E,I,A,H,A,D,N,39.576654,-74.226897
20010803,1830,5,MLK,10,N,A,3,0,1,2,A,C,11,N,H,G,A,H,A,D,N,33.778977,-118.180686
20010803,2020,5,RT 605,CARSON AV,N,A,4,0,2,5,A,C,3,N,C,C,A,H,D,D,N,33.874843,-118.193412
20010803,2337,5,OCEAN BL,HENRY FORD AV,Y,A,3,0,1,2,A,C,12,N,D,C,A,H,C,A,N,33.778977,-118.180686