COLLISION_DATE,COLLISION_TIME,DAY_OF_WEEK,PRIMARY_RD,SECONDARY_RD,INTERSECTION,WEATHER_1,COLLISION_SEVERITY,NUMBER_KILLED,NUMBER_INJURED,PARTY_COUNT,PRIMARY_COLL_FACTOR,PCF_CODE_OF_VIOL,PCF_VIOL_CATEGORY,HIT_AND_RUN,TYPE_OF_COLLISION,MVIW,ROAD_SURFACE,ROAD_COND_1,LIGHTING,CONTROL_DEVICE,ALCOHOL_INVOLVED,LATITUDE,LONGITUDE
20010922,1129,6,ALY N HILL,LEMON AV,N,A,0,0,0,1,A,-,0,M,E,I,D,A,A,D,N,33.77005,-118.193739
20010922,1230,6,FORHAN,ORCUTT,Y,A,0,0,0,2,A,C,9,N,B,C,A,H,A,D,N,33.871245,-118.203099
20010922,1340,6,STUDEBAKER RD,SPRING,N,A,0,0,0,2,-,-,0,M,C,C,A,H,A,D,N,33.810501,-118.099235
20010922,1600,6,CHERRY AV,8,N,A,4,0,1,2,D,-,0,F,B,E,A,-,A,D,N,33.764544,-118.168395
20010922,1600,6,PALOS VERDE,PARKCREST,Y,A,4,0,1,2,A,C,9,N,D,C,A,H,A,A,N,33.830147,-118.107765
20010922,1734,6,BONITO AV,2,N,A,4,0,2,2,A,C,9,N,D,C,A,H,B,A,N,33.766143,-118.180924
20010922,2355,6,PARK AV,ANAHEIM,N,A,0,0,0,2,D,-,0,M,C,E,A,H,C,D,N,33.766143,-118.180924
20010923,19,7,RT 710 NBTRN,RT 405,N,A,0,0,0,1,A,C,1,N,E,I,A,H,C,D,Y,33.77005,-118.193739
20010923,133,7,CARSON,NECTAR AV,Y,A,0,0,0,2,A,C,8,N,B,C,A,H,C,D,N,33.831302,-118.087846
20010923,250,7,RT 91,ATLANTIC BL,N,A,0,0,0,2,A,C,3,N,C,C,A,H,D,D,N,33.874843,-118.193412
20010923,430,7,2,BELMONT,N,A,0,0,0,2,D,-,0,M,B,E,-,H,C,D,N,33.762361,-118.14483
20010923,1159,7,WILLOW,OREGON AV,N,A,0,0,0,3,A,C,1,N,E,I,A,H,A,D,Y,33.804449,-118.201323
20010923,1243,7,4,GLADYS AV,Y,A,0,0,0,2,A,C,9,N,D,C,A,H,A,D,N,33.762361,-118.14483
20010923,1314,7,REDONDO,PACIFC CST HWY,N,A,0,0,0,2,A,C,8,N,B,C,A,H,A,D,N,33.771707,-118.157835
20010923,1401,7,ALY N 70,OLIVE AV,N,A,0,0,0,2,A,C,3,M,C,C,A,H,A,D,N,33.789853,-118.152439
20010923,1414,7,OCEAN BL,GOLDEN SHORE,Y,A,3,0,1,2,A,C,9,N,D,C,A,H,A,A,N,33.767388,-118.20182
20010923,1815,7,GRAND AV,8,N,A,0,0,0,2,A,C,7,M,H,C,A,H,A,D,N,33.767388,-118.20182
20010923,1919,7,LOS COYOTES DIAGON,WOODRUFF AV,N,A,0,0,0,2,A,C,1,M,H,C,A,H,B,D,Y,33.804449,-118.201323
20010923,1947,7,SANTA FE AV,WOODLAND,N,A,0,0,0,2,A,C,1,N,B,E,A,H,C,D,Y,33.81291,-118.115206
20010923,2115,7,RT 405,TEMPLE,N,A,0,0,0,2,C,-,18,N,B,C,A,H,D,D,N,34.145957,-118.417898
20010923,2200,7,RT 405,LAKEWOOD BL,N,A,0,0,0,3,A,C,8,N,C,C,A,H,D,D,N,33.843075,-118.142426
20010923,2202,7,RT 405,LAKEWOOD BL,N,A,4,0,2,4,A,C,3,N,C,C,A,H,D,D,N,33.843075,-118.142426
20010924,0,1,6,LINDEN AV,N,A,0,0,0,2,A,C,3,N,C,C,A,H,C,A,N,,
20010924,150,1,PACIFC CST HWY,LONG BCH BL,Y,A,0,0,0,2,D,-,0,N,A,C,A,H,C,A,N,33.789852,-118.189507
20010924,725,1,RT 91,ATLANTIC AV,N,A,0,0,0,2,A,C,7,N,C,C,A,H,A,D,N,33.874843,-118.193412
20010924,725,1,WILLOW,CASPIAN,Y,A,3,0,4,2,A,C,9,N,D,C,A,H,A,A,N,33.804425,-118.212179
20010924,729,1,WALNUT AV,RT 405 OC,N,A,2,0,3,2,A,C,3,N,H,C,A,H,A,D,N,33.804425,-118.212179
20010924,730,1,PALO VERDE AV,STEARNS,Y,A,0,0,0,3,A,C,12,N,D,C,A,H,A,A,N,33.795428,-118.107917
20010924,756,1,CLARK,CONANT,N,A,4,0,1,4,A,C,3,N,C,C,A,H,A,A,N,33.825125,-118.133911
20010924,810,1,RT 710,WILLOW,N,A,0,0,0,2,A,C,7,M,B,C,A,H,A,D,N,33.77005,-118.193739
20010924,1026,1,HUGHES WY,VIA ORO AV,N,A,0,0,0,2,A,C,7,N,B,C,A,H,A,D,N,33.825125,-118.133911
20010924,1113,1,ARTESIA BL,W PARAMOUNT BL,N,A,0,0,0,2,A,C,9,N,D,C,A,H,A,D,N,33.874619,-118.159983
20010924,1235,1,ATLANTIC AV,RT 91 EBOFF/R,Y,A,0,0,0,2,A,C,9,N,B,C,A,H,A,A,N,33.77005,-118.193739
20010924,1330,1,8,NEWPORT,N,A,0,0,0,2,A,C,21,M,H,C,A,H,A,D,N,33.777164,-118.151326
20010924,1545,1,9,ATLANTIC AV,N,A,0,0,0,2,D,-,0,M,B,C,A,H,A,D,N,,
20010924,1617,1,2,PACIFC CST HWY,N,A,0,0,0,2,D,-,0,N,C,C,A,H,A,A,N,33.758149,-118.111272
20010924,1620,1,20,ATLANTIC,Y,A,0,0,0,2,A,C,4,N,C,C,A,H,A,A,N,33.758149,-118.111272
20010924,1623,1,OCEAN BL,MAGNOLIA AV,Y,A,0,0,0,2,A,C,9,N,A,C,A,H,A,A,N,33.767374,-118.197984
20010924,1719,1,10,MLK,Y,A,0,0,0,2,A,C,4,N,C,D,A,H,A,A,N,33.767374,-118.197984
20010924,1750,1,STEARNS,LOS COYOTES DIAG,Y,A,0,0,0,2,A,C,12,M,D,C,A,H,B,A,N,33.796257,-118.133844
20010924,1838,1,3,PACIFIC AV,Y,A,0,0,0,2,A,C,8,N,B,C,A,H,A,A,N,33.846907,-118.198148
20010925,600,2,RT 405,TEMPLE AV,N,A,0,0,0,2,A,C,3,N,C,C,A,H,C,D,N,34.145957,-118.417898
20010925,700,2,CEDAR AV,7,N,A,0,0,0,2,A,C,0,M,H,C,A,H,A,D,N,33.790991,-118.141022
20010925,730,2,REDONDO AV,ANAHEIM,Y,A,4,0,1,2,D,-,0,N,D,C,A,H,A,A,N,33.782602,-118.152411
20010925,804,2,OCEAN BL,HENRY FORD,N,A,3,0,1,2,-,-,0,N,C,E,A,D,A,D,N,33.77005,-118.193739
20010925,810,2,CEDAR AV,3,N,A,3,0,1,2,A,C,9,N,G,B,A,H,A,A,N,33.77005,-118.193739
20010925,815,2,7,DAWSON AV,N,A,0,0,0,3,A,C,4,N,C,C,A,H,A,D,N,33.775342,-118.16553
20010925,843,2,STEARNS,FANWOOD,Y,A,3,0,1,2,A,C,9,N,B,C,A,H,A,A,N,33.795993,-118.116186
20010925,1032,2,BROADWAY,MONROVIA AV,N,A,0,0,0,1,A,C,1,M,E,I,A,H,A,D,Y,33.77005,-118.193739
20010925,1112,2,FLORIDA,HERMOSA AV,Y,A,4,0,2,2,A,C,9,N,D,C,A,H,A,A,N,33.770799,-118.169296
20010925,1120,2,17,ALAMITOS AV,N,A,0,0,0,2,A,C,8,M,B,E,A,H,A,D,N,33.767135,-118.18273
20010925,1209,2,WARDLOW RD,BELLFLOWER BL,N,A,0,0,0,2,A,C,9,N,D,C,A,H,A,A,N,33.81875,-118.125154
20010925,1312,2,11,LINDEN AV,N,A,4,0,1,2,A,C,9,N,H,G,A,H,A,A,N,,
20010925,1331,2,LOS COYOTES DIAG,OUTER TRAFFIC CIR,N,A,0,0,0,3,A,C,1,M,C,C,A,H,A,D,Y,,-118.141022
20010925,1438,2,52,LOCUST,N,A,0,0,0,2,A,C,17,N,B,E,A,H,A,D,N,33.850488,-118.189794
20010925,1500,2,SPRING,SEABRIGHT AV,Y,A,0,0,0,2,A,C,9,N,D,C,A,H,A,A,N,33.811684,-118.217671
20010925,1516,2,OCEAN BL,TEMPLE AV,N,A,0,0,0,2,A,C,3,N,C,C,A,H,A,A,N,33.76246,-118.159678
20010925,1544,2,RT 405,LAKEWOOD BL,N,A,0,0,0,2,A,C,3,N,C,C,A,H,A,D,N,33.843075,-118.142426
20010925,1545,2,RT 405,LAKEWOOD BL,N,A,0,0,0,2,A,C,3,N,C,C,A,H,A,D,N,33.843075,-118.142426
20010925,1617,2,STEARNS,BELLFLOWER,N,A,0,0,0,2,A,C,12,N,D,C,A,H,A,A,N,33.796022,-118.125239
20010925,1620,2,RT 405,STUDEBAKER RD,N,A,0,0,0,3,A,C,3,N,C,C,A,H,A,D,N,33.791446,-118.099621
20010925,1745,2,LAKEWOOD BL,HORSE WY,N,A,4,0,2,2,A,C,8,N,D,C,A,H,A,D,N,33.796022,-118.125239
20010926,655,3,LONG BCH BL,SAN ANTONIO DR,N,A,0,0,0,2,A,C,3,N,C,C,A,H,A,A,N,33.834559,-118.189375
20010926,710,3,4,ORANGE AV,Y,A,0,0,0,3,A,C,9,N,D,C,A,H,A,D,N,33.765726,-118.177333
20010926,715,3,4,REDONDO,N,A,0,0,0,2,A,C,0,M,D,E,A,H,A,D,N,33.789867,-118.185018
20010926,715,3,PACIFC CST HWY,ATLANTIC AV,Y,A,4,0,1,2,A,C,12,N,D,C,A,H,A,A,N,33.789867,-118.185018
20010926,800,3,E LOS COYOTES DIAG,CLARK AV,N,A,4,0,1,2,A,C,9,N,D,C,A,H,A,D,N,33.796144,-118.134002
20010926,800,3,RT 710,LOS ANGELES RV,N,A,0,0,0,2,A,C,7,N,B,C,A,H,A,D,N,33.77005,-118.193739
20010926,810,3,OCEAN,KENNEBEC,N,A,0,0,0,2,A,C,3,N,C,C,A,H,A,D,N,33.763823,-118.164873
20010926,845,3,RT 91,PARAMOUNT BL,N,A,0,0,0,2,A,C,3,N,C,C,A,H,A,D,N,33.876245,-118.162684
20010926,910,3,60,CERRITOS AV,N,A,0,0,0,2,A,C,7,N,C,E,A,H,A,A,N,33.766679,-118.178984
20010926,945,3,ANAHEIM,9,Y,A,3,0,1,2,D,-,0,F,H,G,A,H,A,A,N,33.782627,-118.21984
20010926,1000,3,RT 405,BELLFLOWER BL,N,A,0,0,0,2,A,C,21,N,H,C,A,H,A,A,N,33.769086,-118.120973
20010926,1105,3,RT 605,CARSON ST UC,N,A,0,0,0,2,A,C,7,N,B,C,A,D,A,D,N,33.876245,-118.162684
20010926,1220,3,RT 91,PARAMOUNT BL UC,N,A,0,0,0,3,A,C,3,N,C,C,A,H,A,D,N,33.77005,-118.193739
20010926,1222,3,ATLANTIC AV,MARKET,N,A,3,0,2,2,-,-,0,N,C,C,A,H,A,A,N,33.854324,-118.185004
20010926,1245,3,ANAHEIM,OBISPO AV,N,A,0,0,0,1,B,-,22,N,E,I,A,H,A,D,N,33.782605,-118.15458
20010926,1245,3,RT 710,RT 405,N,A,0,0,0,2,A,C,3,N,C,C,A,H,A,D,N,33.77005,-118.193739
20010926,1310,3,RT 710,RT 405,N,A,0,0,0,3,A,C,3,N,C,C,A,H,A,D,N,33.77005,-118.193739
20010926,1320,3,RT 710,DEL AMO BL,N,A,0,0,0,2,A,C,16,M,B,C,A,H,A,D,N,33.847073,-118.13081
20010926,1345,3,ANAHEIM,ALAMITOS,N,A,0,0,0,2,A,C,9,M,D,C,A,H,A,D,N,33.782608,-118.177967
20010926,1345,3,ATLANTIC AV,ATLANTIC PL,N,A,3,0,1,2,A,C,1,F,D,C,A,H,A,D,Y,,
20010926,1420,3,MLK JR AV,HILL,N,A,0,0,0,2,A,C,8,M,C,E,A,H,A,D,N,33.782608,-118.177967
20010926,1430,3,PACIFC CST HWY,WALNUT AV,Y,A,0,0,0,2,A,C,7,M,B,C,A,H,A,A,N,33.789858,-118.171987
20010926,1517,3,TERMINO AV,ANAHEIM,N,A,4,0,1,2,A,C,17,N,H,G,A,H,A,D,N,33.782595,-118.145883
20010926,1520,3,RT 405,LONG BCH BL,N,A,4,0,1,2,A,C,7,N,B,C,A,H,A,D,N,33.77005,-118.193739
20010926,1530,3,7,ST LOUIS,N,A,0,0,0,2,A,C,3,M,C,C,A,H,A,D,N,33.77005,-118.193739
20010926,1537,3,LAKEWOOD BL,OUTER TRAFFIC CIR,Y,A,0,0,0,1,C,-,18,N,H,A,A,B,A,D,N,33.791542,-118.142661
20010926,1540,3,W PACIFC CST HWY,PACIFIC AV,N,A,0,0,0,2,A,C,11,N,G,B,A,H,A,A,N,33.791542,-118.142661
20010926,1547,3,LONG BCH BL,WILLOW,Y,A,0,0,0,2,A,C,10,N,G,B,A,H,A,A,N,33.804424,-118.189443
20010926,1600,3,CHERRY AV,RT 405 NBOFF/R,N,A,0,0,0,2,A,C,3,M,C,C,A,H,A,A,N,33.771741,-118.167701
20010926,1605,3,ATLANTIC AV,27,Y,A,0,0,0,2,A,C,9,N,D,C,A,A,A,D,N,33.766968,-118.185061
20010926,1628,3,CHERRY AV,10,Y,A,4,0,1,2,A,C,3,N,C,C,A,H,A,A,N,33.76456,-118.168392
20010926,1647,3,HENRY FORD AV,OCEAN BL,N,A,0,0,0,2,A,C,3,N,C,C,A,H,A,A,N,39.622653,-74.194003
20010926,1650,3,CHERRY AV,ROOSEVELT RD,N,A,0,0,0,2,A,C,6,N,D,C,A,H,A,D,N,39.622653,-74.194003
20010926,1710,3,DEL AMO BL,GARDENIA AV,Y,A,4,0,1,2,A,C,9,N,D,C,A,H,A,D,N,33.846853,-118.169196
20010926,1719,3,ATHERTON,FANWOOD,N,A,4,0,1,3,A,C,3,N,C,C,A,H,A,D,N,33.788775,-118.116135
20010926,1745,3,RT 405,SANTA FE AV,N,A,0,0,0,2,A,C,3,N,C,C,A,H,A,D,N,33.807295,-118.215507
20010926,1746,3,CHERRY AV,N 37,N,A,0,0,0,2,D,-,0,N,C,C,A,H,B,D,N,33.788775,-118.116135
20010926,1825,3,RT 405,BELLFLOWER BL,N,A,4,0,2,2,A,C,3,N,C,C,A,H,B,D,N,33.769086,-118.120973
20010926,1830,3,4,WALNUT AV,Y,A,4,0,1,2,A,C,12,N,D,C,A,-,A,A,N,33.771719,-118.172009
20010926,2113,3,OCEAN BL,PICO AV,N,A,4,0,1,2,A,C,4,N,C,C,A,D,C,D,N,33.766499,-118.213296
20010926,2120,3,RT 405 NBTRN,RT 710,N,A,0,0,0,1,A,C,3,N,E,J,A,H,C,D,N,33.77005,-118.193739
20010927,640,4,OCEAN BL,BENNETT,N,B,3,0,1,2,C,-,18,N,G,B,A,H,A,D,N,33.758601,-118.144245
20010927,650,4,RT 405,BELLFLOWER BL,N,B,0,0,0,3,A,C,3,N,C,C,A,H,A,D,N,33.769086,-118.120973
20010927,715,4,CHERRY AV,ARTESIA BL,Y,A,4,0,1,2,A,C,0,F,G,B,A,H,A,A,N,33.8746,-118.16871
20010927,745,4,RT 91,PARAMOUNT BL,N,B,4,0,1,3,A,C,3,N,C,C,A,H,A,D,N,33.876245,-118.162684
20010927,834,4,ORANGE AV,CARTAGENA,Y,A,4,0,4,3,A,C,3,N,C,C,A,H,A,D,N,33.834094,-118.176301
20010927,840,4,PACIFC CST HWY,SHERMAN PL,Y,A,4,0,1,3,A,C,3,N,C,C,A,H,A,D,N,33.78987,-118.166249
20010927,925,4,35,ATLANTIC AV,N,A,0,0,0,2,A,C,21,M,H,C,A,H,A,A,N,33.767278,-118.185068
20010927,1120,4,CHERRY AV,68,Y,A,0,0,0,2,D,-,0,N,A,C,A,H,A,A,N,33.767278,-118.185068
20010927,1156,4,CHERRY AV,10,N,A,0,0,0,2,A,C,3,N,C,C,A,H,A,D,N,33.76456,-118.168392
20010927,1235,4,2,VENETTA DR,Y,A,0,0,0,2,A,C,9,N,D,C,A,H,A,A,N,33.757542,-118.126816
20010927,1235,4,SOUTH,ATLANTIC AV,N,A,4,0,1,2,A,I,0,N,H,G,A,H,A,D,N,33.860074,-118.184923
20010927,1244,4,CHESTNUT AV,14,N,A,0,0,0,2,A,C,6,N,D,C,A,H,A,D,N,,
20010927,1310,4,RT 710,DEL AMO BL,N,A,4,0,1,2,A,C,7,N,B,C,A,H,A,D,N,33.847073,-118.13081
20010927,1451,4,ANAHEIM,LONG BCH BL,N,A,4,0,2,3,A,C,3,N,C,C,A,H,A,A,N,33.782605,-118.189258
20010927,1454,4,PACIFC CST HWY,TRAFFIC CIR,Y,A,0,0,0,2,-,-,0,N,C,C,A,H,A,A,N,33.788902,-118.140964
20010927,1455,4,BELEN,PALO VERDE AV,N,A,4,0,1,2,A,C,21,F,G,B,A,H,A,D,N,33.808841,-118.107892
20010927,1521,4,ATLANTIC AV,21,Y,A,0,0,0,2,A,C,3,M,C,C,A,H,A,D,N,33.808841,-118.107892
20010927,1605,4,PINE AV,31,N,A,0,0,0,2,A,C,8,M,A,C,A,H,A,D,N,33.762403,-118.19328
20010927,1620,4,REDONDO,6,N,A,3,0,1,2,A,C,10,N,G,B,A,H,A,A,N,33.773528,-118.152421
20010927,1627,4,11,CERRITOS AV,Y,A,2,0,1,2,A,C,11,N,G,B,A,H,A,D,N,33.773528,-118.152421
20010927,1645,4,ATLANTIC AV,NEW YORK,Y,A,0,0,0,2,A,C,12,M,D,C,A,H,A,A,N,33.784865,-118.185035
20010927,1658,4,BELLFLOWER BL,23,Y,A,0,0,0,2,A,C,3,N,C,C,A,H,A,A,N,33.799024,-118.125198
20010927,1715,4,RT 91,RT 710,N,A,0,0,0,3,A,C,3,M,C,C,A,H,A,D,N,32.932282,-80.411644
20010927,1725,4,DEL AMO BL,DAISY AV,Y,A,3,0,1,2,A,C,9,N,D,C,A,H,A,A,N,33.846577,-118.198653
20010927,1829,4,7,REDONDO AV,Y,A,0,0,0,3,A,C,9,N,D,C,A,H,A,A,N,33.761088,-118.152648
20010927,1834,4,ATLANTIC AV,HARDING,Y,A,0,0,0,2,A,C,12,N,B,C,A,H,B,A,N,33.867323,-118.185201
20010927,1836,4,ANAHEIM,XIMENO,Y,A,0,0,0,1,D,-,0,M,E,I,A,H,B,A,N,33.782595,-118.14153
20010927,1915,4,4,REDONDO AV,N,A,0,0,0,2,A,C,3,N,C,C,A,H,C,D,N,33.782595,-118.14153
20010927,2015,4,STUDEBAKER,WILLOW AV,N,A,0,0,0,2,C,-,18,N,C,E,A,H,C,D,N,33.803249,-118.099274
20010927,2020,4,OBISPO,17,Y,A,0,0,0,2,D,-,0,M,B,C,A,H,C,D,N,33.78806,-118.154576
20010927,2241,4,PACIFC CST HWY,MYRTLE AV,Y,A,0,0,0,2,A,C,8,M,D,C,A,H,C,D,N,33.789855,-118.181778
20010927,2341,4,WARDLOW RD,RIVER AV,N,A,0,0,0,1,A,C,17,N,E,I,A,H,C,A,N,33.82425,-118.222294
20010928,115,5,RT 91,CHERRY AV UC,N,A,0,0,0,1,A,C,8,N,F,A,A,G,D,D,N,33.77005,-118.193739
20010928,708,5,PACIFC CST HWY,CHESTNUT AV,Y,A,3,0,1,2,D,-,0,N,G,B,A,H,A,D,N,33.789861,-118.196387
20010928,719,5,3,ELM AV,Y,A,0,0,0,2,A,C,12,N,D,C,A,H,A,A,N,33.789861,-118.196387
20010928,800,5,COVINA,BROADWAY,N,A,3,0,1,2,A,C,10,F,G,B,A,H,A,D,N,33.763649,-118.130953
20010928,808,5,PASADENA AV,HARMONY WY,N,A,0,0,0,2,D,-,0,N,B,C,A,H,A,D,N,33.794408,-118.187201
20010928,824,5,OLIVE AV,BIXBY RD,Y,A,4,0,1,2,A,C,10,F,H,G,A,H,A,A,N,33.794408,-118.187201
20010928,950,5,RT 710,DELANO BL,N,A,0,0,0,2,A,C,7,N,B,C,A,H,A,D,N,33.77005,-118.193739
20010928,1020,5,RT 710,WILLOW AV,N,A,0,0,0,3,A,C,6,M,B,C,A,H,A,D,N,40.623157,-73.72315
20010928,1215,5,RT 710,DELAMO BL,N,A,0,0,0,2,A,C,7,N,E,I,A,H,A,D,N,33.77005,-118.193739
20010928,1223,5,PACIFC CST HWY,JUNIPERO AV,Y,A,0,0,0,2,A,C,17,N,D,C,A,H,A,A,N,33.789856,-118.163304
20010928,1240,5,9,LINDEN AV,Y,A,0,0,0,2,A,C,9,N,D,C,A,-,A,A,N,,
20010928,1325,5,ATLANTIC AV,ROOSEVELT RD,Y,A,0,0,0,2,A,C,9,N,A,C,A,H,A,A,N,33.82893,-118.184954
20010928,1335,5,3,ALAMO CT,Y,A,0,0,0,2,A,C,8,M,D,C,A,H,A,A,N,33.784509,-118.188546
20010928,1445,5,CHERRY AV,PACIFC CST HWY,N,A,0,0,0,2,A,C,9,N,D,C,A,H,A,D,N,33.789861,-118.167643
20010928,1445,5,RT 710,LONG BCH BL,N,A,4,0,2,4,A,C,7,N,C,C,A,H,A,D,N,33.77005,-118.193739
20010928,1500,5,WILLOW AV,LONG BCH BL,Y,A,4,0,1,2,-,-,0,N,C,C,A,H,A,A,N,33.789861,-118.167643
20010928,1540,5,LONG BCH BL,BARCLAY,Y,A,0,0,0,2,A,C,3,M,C,C,A,H,A,D,N,33.804424,-118.189443
20010928,1543,5,BELLFLOWER BL,WARDLOW,Y,A,0,0,0,2,A,C,9,N,D,C,A,H,A,A,N,33.81875,-118.125154
20010928,1545,5,RT 22,SAN GABRIEL RV OC,N,A,0,0,0,3,A,C,3,N,C,C,A,H,A,D,N,33.77005,-118.193739
20010928,1640,5,CARSON,BELLFLOWER BL,N,A,0,0,0,2,A,C,7,N,D,C,A,H,A,D,N,33.832358,-118.125209
20010928,1842,5,CHERRY AV,17,N,A,0,0,0,2,A,C,3,M,C,C,A,H,A,D,N,33.764679,-118.168406
20010928,1858,5,DAISY AV,DAISY AV 1135,N,A,0,0,0,2,A,C,9,M,B,C,A,H,B,D,N,33.764679,-118.199235
20010928,1905,5,PACIFC CST HWY,ALAMITOS,Y,A,0,0,0,3,A,C,10,N,G,B,A,H,C,A,N,33.789852,-118.189507
20010928,2045,5,LINDEN AV,OCEAN BL,Y,A,3,0,1,2,A,C,9,F,H,G,A,H,C,D,N,33.789852,-118.189507
20010928,2053,5,23,ATLANTIC AV,N,A,2,0,2,2,A,C,10,N,H,G,A,H,C,D,Y,33.876245,-118.162684
20010928,2107,5,REDONDO,8,N,A,0,0,0,2,A,C,3,M,C,C,A,H,C,D,N,33.777169,-118.152415
20010928,2349,5,11,NEWPORT,N,A,0,0,0,2,A,C,8,M,C,E,A,H,C,A,N,33.777169,-118.15132
20010929,30,6,RT 91,PARAMOUNT BL UC,N,A,2,0,1,1,A,C,1,N,F,A,A,H,C,D,Y,33.77005,-118.193739
20010929,120,6,CEDAR AV,4,N,A,0,0,0,3,C,-,18,M,C,E,A,H,C,A,N,33.77005,-118.193739
20010929,255,6,PACIFC CST HWY,LONG BCH BL,N,A,0,0,0,2,A,C,1,N,C,C,A,H,C,A,Y,33.789852,-118.189507
20010929,725,6,RT 710,WILLOW,N,B,0,0,0,1,A,C,8,N,E,I,A,H,A,D,N,33.77005,-118.193739
20010929,730,6,HOME,HOME 255,N,A,0,0,0,2,A,C,0,M,H,C,A,H,A,D,N,44.398804,-122.707481
20010929,1000,6,ATLANTIC AV,SAN ANTONIO,Y,A,0,0,0,2,D,-,0,N,D,C,D,D,A,B,N,33.837516,-118.184919
20010929,1121,6,CHERRY AV,10,N,A,0,0,0,1,A,C,1,N,E,I,A,H,A,A,Y,33.76456,-118.168392
20010929,1125,6,23,CASPIAN,N,A,0,0,0,2,A,C,1,M,B,E,A,H,A,D,Y,33.798929,-118.212186
20010929,1245,6,RT 91,CHERRY AV,N,A,3,0,1,2,A,C,8,N,B,C,A,H,A,D,N,33.876334,-118.167205
20010929,1300,6,CHERRY AV,MARKET,Y,A,0,0,0,3,A,C,12,N,D,C,A,H,A,A,N,33.854386,-118.167805
20010929,1310,6,RT 405,BELLFLOWER BL,N,A,3,0,1,1,C,-,18,N,E,J,A,H,A,A,N,33.769086,-118.120973
20010929,1605,6,ATLANTIC AV,ARTESIA BL,N,A,4,0,1,2,A,C,3,N,C,C,A,H,A,A,N,33.874312,-118.186089
20010929,1631,6,LONG BCH BL,BROADWAY,Y,A,4,0,1,2,-,-,0,N,D,C,A,H,B,A,N,33.769277,-118.189493
20010929,1845,6,RT 710 SBTRN,WARDLOW RD,N,A,0,0,0,2,A,C,3,N,B,C,A,H,C,D,N,33.818749,-118.130842
20010929,2121,6,W 16,PACIFIC,N,A,4,0,2,2,-,-,0,N,H,G,A,H,C,A,N,,
20010929,2240,6,3,PACIFIC,Y,A,4,0,1,2,A,C,8,F,B,C,A,H,C,A,N,33.787133,-118.193728
20010929,2301,6,BRAYTON,59,N,A,0,0,0,2,A,C,5,M,B,C,A,H,C,D,N,33.861919,-118.176315
20010930,116,7,PLATT,W PINE,N,A,0,0,0,2,A,C,7,N,C,E,A,H,C,D,N,33.872772,-118.179213
20010930,138,7,16,ORIZABA AV,Y,E,0,0,0,1,A,C,3,M,E,I,A,H,C,D,N,33.851144,-118.191723
20010930,436,7,SOUTH,CHERRY AV,N,E,0,0,0,1,A,C,7,N,E,I,A,H,C,A,N,,
20010930,500,7,7,ROYCROFT,N,B,0,0,0,2,A,C,8,M,B,E,A,H,C,A,N,33.77535,-118.138278
20010930,800,7,ANAHEIM BL,POLE LA1768,N,F,0,0,0,2,A,C,0,M,C,C,A,H,C,D,N,33.77005,-118.193739
20010930,959,7,SPRING,LONG BCH BL,Y,A,4,0,1,2,A,C,12,N,D,C,A,H,A,A,N,33.811573,-118.18935
20010930,1145,7,REDONDO,N 7,N,A,0,0,0,2,A,-,0,N,B,C,A,H,A,D,N,33.775338,-118.152417
20010930,1312,7,10,OBISPO AV,Y,A,0,0,0,2,A,C,12,N,D,C,A,H,A,A,N,33.778969,-118.154588
20010930,1331,7,LONG BCH BL,N ROOSEVELT,N,A,0,0,0,1,-,-,0,N,E,I,A,H,A,D,N,33.828937,-118.189345
20010930,1429,7,SANTA FE AV,N COLOMBIA,N,A,4,0,2,3,A,C,3,N,C,C,A,H,A,D,N,33.828937,-118.189345
20010930,1523,7,ATLANTIC AV,ANAHEIM,N,A,0,0,0,2,A,C,9,N,D,C,A,H,A,D,N,33.782609,-118.185034
20010930,1525,7,PACIFIC,SPRING,Y,A,0,0,0,2,A,C,12,N,D,C,A,H,A,A,N,33.811642,-118.193727
20010930,1530,7,RT 710 SBTRN,RT 91,N,A,0,0,0,1,A,C,3,N,E,I,A,H,A,D,N,33.77005,-118.193739
20010930,1710,7,3,ATLANTIC AV,Y,A,3,0,1,2,A,C,10,N,G,B,A,H,A,A,N,,
20010930,1725,7,BROADWAY,TEMPLE AV,Y,A,3,0,1,2,A,C,8,N,B,C,A,H,A,A,N,33.766478,-118.158946
20010930,1742,7,STUDABAKER,WARDLOW,Y,A,3,0,4,2,A,C,8,N,A,C,A,H,A,A,N,33.818891,-118.099082
20010930,1815,7,RT 605 SBOFF/R,SPRING,N,B,0,0,0,1,A,C,8,N,E,I,A,H,A,D,N,33.77005,-118.193739
20010930,1925,7,SHORELINE DR,AQUARIUM WY,Y,A,0,0,0,1,A,C,5,N,E,I,A,H,C,A,N,33.763724,-118.1946