COLLISION_DATE,COLLISION_TIME,DAY_OF_WEEK,PRIMARY_RD,SECONDARY_RD,INTERSECTION,WEATHER_1,COLLISION_SEVERITY,NUMBER_KILLED,NUMBER_INJURED,PARTY_COUNT,PRIMARY_COLL_FACTOR,PCF_CODE_OF_VIOL,PCF_VIOL_CATEGORY,HIT_AND_RUN,TYPE_OF_COLLISION,MVIW,ROAD_SURFACE,ROAD_COND_1,LIGHTING,CONTROL_DEVICE,ALCOHOL_INVOLVED,LATITUDE,LONGITUDE
20010930,1945,7,RT 91,DOWNEY AV,N,A,0,0,0,2,A,C,7,N,B,C,A,H,C,D,N,33.87677,-118.153649
20010930,2018,7,LEMON,65,N,A,0,0,0,2,A,C,1,N,B,E,A,H,C,D,Y,33.876334,-118.179213
20010930,2019,7,ORANGE AV,DEL AMO,N,A,0,0,0,2,A,C,3,M,C,C,A,H,A,A,N,33.846917,-118.176842
20010930,2030,7,BRAYTON AV,HARDING,N,A,0,0,0,2,A,C,21,M,D,E,A,H,C,D,N,33.867351,-118.176352
20010930,2155,7,TERMINO,WILTON,N,A,0,0,0,2,A,C,3,M,C,C,A,H,C,D,N,33.787582,-118.145888
20011001,630,1,CLARK,29,Y,A,0,0,0,2,A,C,9,M,D,C,A,H,A,A,N,33.774131,-118.199383
20011001,750,1,RT 405,DOLORES VARD OC,N,A,0,0,0,2,A,C,7,M,E,I,A,H,A,D,N,33.829966,-118.090047
20011001,755,1,6,DAISY AV,Y,A,0,0,0,2,A,C,8,M,B,C,A,H,A,D,Y,33.774131,-118.199383
20011001,800,1,RT 405,CLARK AV,N,A,0,0,0,2,A,C,7,N,B,C,A,H,A,D,N,33.817379,-118.133749
20011001,815,1,RT 91,CHERRY AV,N,A,0,0,0,2,A,C,7,N,B,C,A,H,A,D,N,33.876334,-118.167205
20011001,850,1,HARVEY WY,PEPPERWOOD,Y,A,4,0,1,2,A,C,9,N,D,C,A,H,A,D,N,33.836147,-118.141368
20011001,915,1,RT 91,ATLANTIC AV,N,A,0,0,0,2,A,C,3,N,E,J,A,H,A,D,N,33.874843,-118.193412
20011001,940,1,RT 710,WILLOW,N,A,0,0,0,3,A,C,3,N,C,C,A,D,A,D,N,33.77005,-118.193739
20011001,1020,1,RT 710,RT 91,N,A,3,0,2,2,A,C,7,N,D,C,A,H,A,D,N,33.77005,-118.193739
20011001,1050,1,RT 405,LONG BCH BL,N,A,0,0,0,3,A,C,7,N,B,C,A,H,A,D,N,33.77005,-118.193739
20011001,1130,1,RT 405,LONG BCH BL,N,A,0,0,0,4,A,C,8,N,B,C,A,H,A,D,N,33.77005,-118.193739
20011001,1155,1,PACIFC CST HWY,CASPIAN AV,N,A,4,0,1,2,A,C,8,N,B,C,A,H,A,A,N,33.789918,-118.212178
20011001,1158,1,RT 91,CHERRY AV,N,A,3,0,4,3,A,C,3,N,C,C,A,H,A,D,N,33.876334,-118.167205
20011001,1230,1,ANAHEIM,ORANGE AV,Y,A,0,0,0,2,A,C,3,N,C,C,A,H,A,D,N,33.782603,-118.176335
20011001,1300,1,RT 710,WARDLOW RD,N,A,0,0,0,2,A,C,3,M,C,C,A,H,A,D,N,33.818749,-118.130842
20011001,1300,1,RT 91,CHERRY AV,N,A,3,0,3,2,A,C,8,N,D,C,A,H,A,D,N,33.876334,-118.167205
20011001,1330,1,RT 91,ATLANTIC AV,N,A,0,0,0,2,D,-,0,N,B,C,A,H,A,D,N,33.874843,-118.193412
20011001,1340,1,BELLFLOWER,ABBEYFIELD,N,A,0,0,0,2,A,C,4,N,C,C,A,H,A,D,N,33.793862,-118.125398
20011001,1400,1,ARTESIA BL,MURIEL,N,A,0,0,0,2,A,C,7,M,B,C,A,H,A,D,N,33.793862,-118.125398
20011001,1421,1,OCEAN BL,TI FWY,Y,A,3,0,3,3,-,-,0,N,D,C,A,H,A,A,N,33.77005,-118.193739
20011001,1507,1,SPRING,RUTGERS,N,A,4,0,1,2,A,C,3,N,C,C,A,H,A,D,N,33.810619,-118.129279
20011001,1533,1,WILLOW,OLIVE,N,A,0,0,0,2,A,C,5,N,H,G,A,H,A,D,N,33.804385,-118.182293
20011001,1600,1,PASADENA,HILL,N,A,0,0,0,2,D,-,0,M,H,E,A,H,-,D,N,,
20011001,1645,1,RT 405,CALIFORNIA AV,N,A,0,0,0,2,A,C,3,N,C,C,A,H,A,D,N,34.168501,-118.605754
20011001,1730,1,RT 710,RT 405,N,A,0,0,0,2,D,-,0,N,B,C,A,H,A,D,N,33.77005,-118.193739
20011001,1800,1,PACIFIC AV,14,N,A,0,0,0,2,A,C,9,N,D,C,A,H,A,A,N,33.797113,-118.187194
20011001,1835,1,LONG BCH BL,LB BL,N,A,2,0,1,2,A,C,9,N,D,C,A,H,A,A,N,33.767258,-118.090047
20011001,2110,1,RT 710,DEL AMO BL,N,A,0,0,0,2,A,C,17,N,H,C,A,H,D,D,N,33.847073,-118.13081
20011002,732,2,HARDING,LINDEN AV,N,A,3,0,2,3,A,C,10,F,G,B,A,H,A,D,N,33.874843,-118.193412
20011002,806,2,CHATWIN,MONLACO,N,A,4,0,1,2,A,C,11,N,G,B,A,H,A,D,N,33.822258,-118.123344
20011002,815,2,3,CEDAR AV,Y,A,0,0,0,2,A,C,12,N,D,C,A,H,A,A,N,,
20011002,857,2,PACIFC CST HWY,OLIVE AV,N,A,4,0,3,5,A,C,8,N,B,C,A,H,A,D,N,33.789854,-118.182857
20011002,915,2,LONG BCH BL,PACIFC CST HWY,N,A,3,0,1,2,D,-,0,N,G,B,A,H,A,A,N,33.77005,-118.193739
20011002,1138,2,RT 605,SPRING,N,A,0,0,0,1,A,C,8,N,E,J,A,H,A,D,N,33.77005,-118.193739
20011002,1150,2,TEMPLE,ANAHEIM,Y,A,0,0,0,2,-,-,0,M,D,C,A,H,A,A,N,33.782597,-118.158947
20011002,1200,2,MAGNOLIA AV,3,Y,A,0,0,0,2,A,C,17,N,B,C,A,H,A,A,N,33.767557,-118.198074
20011002,1255,2,WILLOW,GOLDEN AV,Y,A,4,0,2,3,D,-,0,N,D,C,A,H,A,A,N,33.804332,-118.202405
20011002,1344,2,TEMPLE AV,RT 405 NBOFF/R,Y,A,0,0,0,2,A,C,9,N,D,C,A,H,A,D,N,33.771802,-118.158963
20011002,1429,2,32,DAISY AV,N,A,0,0,0,1,A,-,0,N,E,I,A,D,A,D,N,33.771802,-118.199133
20011002,1506,2,67,MURIEL AV,N,A,0,0,0,1,-,-,0,N,E,I,A,D,A,D,N,33.876843,-118.200554
20011002,1509,2,ANAHEIM,MYRTLE,Y,A,0,0,0,2,A,C,9,N,D,C,A,H,A,D,N,33.782598,-118.18176
20011002,1514,2,BELLFLOWER,LOS COYOTES DIAG,Y,A,0,0,0,2,A,C,12,N,D,C,A,H,A,A,N,33.802141,-118.125195
20011002,1540,2,RT 710,WARDLOW RD,N,A,4,0,1,2,A,C,3,N,C,C,A,D,A,D,N,33.818749,-118.130842
20011002,1600,2,MIRA MAR,4,N,A,0,0,0,2,A,C,9,M,H,G,A,H,A,A,N,33.802141,-118.147191
20011002,1610,2,MARKET,ATLANTIC AV,N,A,4,0,1,2,A,C,3,N,C,C,A,H,A,A,N,33.854324,-118.185004
20011002,1620,2,RT 710,ANAHEIM,N,A,0,0,0,2,A,C,3,N,C,C,A,H,A,D,N,33.762173,-118.205115
20011002,1625,2,RT 405,L A RV,N,A,3,0,1,1,A,C,8,N,E,I,A,H,A,D,N,33.762173,-118.193739
20011002,1643,2,PACIFC CST HWY,CORONADO AV,Y,A,4,0,1,2,A,C,9,N,D,C,A,H,A,D,N,33.789864,-118.152981
20011002,1700,2,RT 405,ATLANTIC AV,N,A,0,0,0,2,A,C,7,N,B,C,A,H,A,D,N,39.576654,-74.226897
20011002,1731,2,OCEAN,GAVIOTA AV,Y,A,0,0,0,2,A,C,4,N,C,C,A,H,A,A,N,33.764962,-118.171998
20011002,1740,2,ATLANTIC AV,21,N,A,3,0,1,2,A,C,11,N,G,B,A,G,C,D,N,33.766862,-118.185062
20011002,1756,2,CARSON,NORSE WY,Y,A,0,0,0,3,A,C,3,N,C,C,A,H,A,A,N,33.83241,-118.140963
20011002,1800,2,ROSE AV,PACIFC CST HWY,N,A,3,0,1,2,A,C,21,F,G,B,A,H,A,D,N,33.83241,-118.140963
20011002,1815,2,DEL AMO BL,GARDENA AV,N,A,4,0,1,2,A,C,5,N,H,G,A,H,A,D,N,33.789858,-118.169818
20011002,1900,2,PARAMOUNT AV,SAWYER,Y,A,0,0,0,2,A,C,9,N,B,C,A,H,C,A,N,33.870147,-118.159965
20011002,2045,2,ALY N 7,8,N,A,0,0,0,2,A,C,8,M,B,C,A,H,C,D,N,,
20011002,2050,2,CARSON,WOODRUFF,Y,A,0,0,0,2,A,C,3,M,C,C,A,H,C,A,N,33.832203,-118.116545
20011003,530,3,RT 710,DEL AMO BL,N,B,0,0,0,2,A,C,7,N,B,C,A,H,B,D,N,33.847073,-118.13081
20011003,539,3,ATLANTIC AV,ESTHER,Y,A,4,0,2,2,A,C,9,N,D,C,A,H,C,D,N,33.788947,-118.185023
20011003,615,3,RT 710,ATLANTIC AV,N,A,0,0,0,1,A,C,3,N,H,A,A,H,A,D,N,39.576654,-74.226897
20011003,630,3,RT 710,LONG BCH BL,N,B,0,0,0,2,A,C,3,M,C,C,A,H,A,D,N,33.77005,-118.193739
20011003,910,3,3,CHERRY AV,Y,A,4,0,1,2,A,C,9,N,A,C,A,H,A,A,N,33.788947,-118.185023
20011003,1025,3,BELLFLOWER,WILLOW,Y,B,0,0,0,2,-,-,0,M,B,C,A,H,A,A,N,33.764523,-118.168438
20011003,1050,3,RT 710,LONG BCH BL,N,A,0,0,0,2,A,C,3,M,C,C,A,H,A,A,N,33.77005,-118.193739
20011003,1145,3,3,CHESTNUT,N,A,4,0,1,2,B,-,22,N,H,G,A,H,A,A,N,33.770507,-118.196356
20011003,1149,3,SAN ANTONIO DR,ELM AV,N,A,0,0,0,2,A,C,8,N,B,C,A,H,A,D,N,33.835338,-118.188024
20011003,1305,3,ORANGE AV,63,Y,A,4,0,1,2,A,C,9,N,D,C,A,H,A,D,N,33.835338,-118.188024
20011003,1330,3,TERMINO AV,3,N,A,0,0,0,2,-,-,0,M,B,E,A,H,A,D,N,33.768067,-118.145911
20011003,1404,3,LONG BCH BL,RT 91,Y,A,4,0,1,2,A,C,12,N,D,C,A,H,A,A,N,39.726252,-74.123919
20011003,1417,3,LAKEWOOD BL,WILLOW,N,A,4,0,1,2,A,C,3,N,C,C,A,H,A,A,N,33.803251,-118.142788
20011003,1450,3,LINDEN AV,ADAIR,Y,A,0,0,0,2,A,C,3,N,D,C,A,H,A,A,N,33.803251,-118.142788
20011003,1551,3,DEL AMO BL,LONG BCH BL,Y,A,0,0,0,2,A,C,3,N,C,C,A,H,A,A,N,33.846735,-118.193744
20011003,1605,3,CARSON,CHERRY AV,Y,A,0,0,0,2,A,C,8,N,B,C,A,H,A,A,N,33.83243,-118.167628
20011003,1630,3,ARTESIA BL,GARDENIA AV,N,A,0,0,0,2,A,C,8,N,B,C,A,H,A,D,N,33.874721,-118.169765
20011003,1636,3,2,BAYSHORE AV,Y,A,0,0,0,2,A,C,12,N,D,C,A,H,A,A,N,33.758221,-118.130221
20011003,1722,3,REDONDO,29,Y,A,0,0,0,2,A,C,9,N,D,C,A,H,A,D,N,33.758221,-118.130221
20011003,1728,3,PACIFC CST HWY,HAVANA,Y,A,0,0,0,2,A,C,3,N,C,C,A,H,A,D,N,33.777893,-118.126201
20011003,1730,3,PACIFC CST HWY,CHERRY AV,Y,A,0,0,0,2,A,C,9,N,D,C,A,H,A,A,N,33.789861,-118.167643
20011003,1755,3,DELAMO,GARDENIA,Y,A,3,0,2,2,A,C,9,N,D,C,A,H,A,A,N,33.846853,-118.169196
20011003,1839,3,PACIFIC,BURNETT,Y,A,4,0,1,2,A,C,12,N,D,C,A,H,A,A,N,33.800751,-118.193777
20011003,1910,3,SOUTH,LINDEN AV,Y,A,0,0,0,2,A,C,9,N,D,C,A,H,C,D,N,33.860068,-118.18598
20011004,305,4,E 3,HERMOSA AV,N,A,0,0,0,2,A,C,5,M,B,E,A,H,C,D,N,33.769206,-118.169385
20011004,730,4,BELLFLOWER BL,LOS COYOTES DIAGO,N,A,0,0,0,2,A,C,3,N,C,C,A,H,A,A,N,33.767757,-118.171484
20011004,740,4,RT 405,CLARK AV,N,A,0,0,0,2,A,C,3,N,C,C,A,H,A,D,N,33.817379,-118.133749
20011004,745,4,7,PARK AV,Y,A,3,0,1,3,A,C,9,N,D,C,A,H,A,A,N,33.775354,-118.137369
20011004,745,4,CARSON,SHOPPING CNTR,N,A,0,0,0,2,A,C,3,M,C,C,A,H,A,A,N,33.846378,-118.159262
20011004,911,4,SANTA FE,ANAHEIM,N,A,0,0,0,2,D,-,0,N,B,C,A,H,A,A,N,33.775354,-118.137369
20011004,925,4,RT 710,RT 405 OC,N,A,0,0,0,1,A,C,8,N,E,I,A,H,A,D,N,33.77005,-118.193739
20011004,930,4,BELLFLOWER BL,ANAHEIM RD,Y,A,0,0,0,2,A,C,3,M,C,C,A,H,A,D,N,33.779493,-118.122421
20011004,1006,4,ATLANTIC,1,N,A,0,0,0,2,-,-,0,N,C,E,A,H,A,D,N,33.779493,-118.122421
20011004,1030,4,60,ELM,N,A,0,0,0,2,A,C,5,M,A,E,A,H,A,D,N,33.789867,-118.185018
20011004,1340,4,RT 405,WOODRUFF AV,N,A,0,0,0,2,A,C,16,N,H,C,A,H,A,D,N,33.813146,-118.115196
20011004,1405,4,LOS COYOTES DIAG,CLARK AV,Y,A,0,0,0,2,A,C,8,M,C,C,A,H,A,A,N,,-118.134002
20011004,1550,4,RT 91,CHERRY AV,N,A,0,0,0,2,A,C,3,N,C,C,A,H,A,D,N,33.876334,-118.167205
20011004,1615,4,ATHERTON,CLARK AV,N,A,3,0,1,1,D,-,0,N,H,A,A,H,A,D,N,33.789799,-118.134039
20011004,1708,4,PACIFC CST HWY,CANAL AV,Y,A,4,0,1,2,A,C,10,N,G,B,A,H,A,A,N,33.789816,-118.213821
20011004,1855,4,DEL AMO,BELLFLOWER,Y,A,3,0,1,1,A,C,1,N,E,I,A,H,C,A,Y,33.83243,-118.167628
20011004,1907,4,BELLFLOWER BL,COLORADO,Y,A,4,0,1,2,A,C,12,N,D,C,A,H,C,A,N,33.769888,-118.121068
20011004,2006,4,LONG BCH BL,RT 91 NBOFF/R,N,A,0,0,0,2,A,C,3,M,C,C,-,H,C,A,N,33.769888,-118.121068
20011004,2055,4,BROADWAY,GAVIOTA AV,Y,A,0,0,0,2,A,C,8,M,B,C,A,H,C,D,N,33.767757,-118.171484
20011004,2107,4,3,HERMOSA AV,Y,A,0,0,0,2,A,C,1,N,D,C,A,H,C,D,Y,33.769206,-118.169385
20011005,200,5,RT 91 WBTRN,ATLANTIC AV UC,N,A,0,0,0,2,A,C,1,N,B,C,A,H,C,D,Y,33.876334,-118.167205
20011005,515,5,RT 405,CHERRY AV,N,A,4,0,3,3,A,C,8,N,E,I,A,H,C,D,N,33.82317,-118.167726
20011005,547,5,RT 405,CHERRY AV,N,B,0,0,0,2,A,C,7,M,C,C,A,H,C,D,N,33.82317,-118.167726
20011005,550,5,RT 405,CHERRY AV,N,B,0,0,0,3,A,C,3,N,B,C,A,H,C,D,N,33.82317,-118.167726
20011005,559,5,RT 405,LAKEWOOD BL,N,A,0,0,0,2,A,C,3,M,C,C,A,H,C,D,N,33.843075,-118.142426
20011005,600,5,RT 405,LAKEWOOD BL,N,A,0,0,0,2,A,C,3,N,C,C,A,H,C,D,N,33.843075,-118.142426
20011005,610,5,WILLOW,SAN VICENTE,N,B,0,0,0,2,A,C,3,N,C,C,A,H,B,D,N,33.803327,-118.116869
20011005,630,5,RT 405,CHERRY AV,N,B,0,0,0,2,A,C,7,M,B,C,A,H,A,D,N,33.82317,-118.167726
20011005,750,5,LONG BCH BL,BROADWAY,N,A,0,0,0,2,A,C,8,N,B,C,A,H,A,D,N,33.769277,-118.189493
20011005,823,5,ATLANTIC AV,DAYMAN,N,B,3,0,1,3,A,C,3,N,C,C,A,H,A,D,N,33.790758,-118.185033
20011005,930,5,ATLANTIC AV,VERNON,Y,B,4,0,2,2,A,C,9,N,H,C,A,H,A,D,N,33.790758,-118.185033
20011005,1222,5,LONG BCH BL,MEMORIAL MED CNTR,N,B,4,0,1,2,A,C,4,N,C,C,A,H,A,D,N,33.803515,-118.193739
20011005,1344,5,ATLANTIC AV,RT 91,Y,A,0,0,0,2,A,C,12,N,D,C,A,H,A,A,N,33.874843,-118.193412
20011005,1456,5,CHERRY,36,N,A,0,0,0,3,A,C,3,N,C,C,A,H,A,A,N,33.822141,-118.167731
20011005,1459,5,PACIFIC AV,HILL,N,B,4,0,2,3,A,C,3,N,C,C,A,H,A,A,N,33.797113,-118.193667
20011005,1505,5,ATLANTIC AV,BURNETT,Y,A,0,0,0,2,A,C,10,M,G,B,A,H,A,A,N,33.800746,-118.185019
20011005,1630,5,EASY AV,LIGHT PL KD1444,N,A,0,0,0,2,A,C,7,M,B,E,A,H,A,D,N,33.77005,-118.193739
20011005,1705,5,CARSON,GARDENIA,Y,A,3,0,2,2,A,C,9,N,D,C,A,H,A,D,N,33.832428,-118.168697
20011005,1715,5,WILLOW,LINDEN,N,A,4,0,1,2,A,C,4,N,C,C,A,H,A,D,N,33.804369,-118.186115
20011005,1900,5,FALCULTY,CONNANT,N,A,0,0,0,2,A,C,3,N,D,C,A,H,A,-,N,33.804369,-118.186115
20011005,1955,5,RT 405,ATHERTON,N,A,0,0,0,3,A,C,3,N,C,C,A,H,D,D,N,33.77005,-118.193739
20011005,2118,5,PACIFC CST HWY,LONG BCH BL,Y,B,4,0,1,1,A,C,3,N,E,I,A,H,C,A,N,33.789852,-118.189507
20011006,111,6,HARBOR SCENIC WY,OCEAN BL,N,A,4,0,1,2,A,C,1,N,D,C,A,H,C,D,Y,33.77005,-118.193739
20011006,245,6,RT 710,ARTESIA BL OC,N,A,3,0,3,2,A,C,3,F,C,C,A,H,C,D,N,33.77005,-118.193739
20011006,650,6,RT 405 SBTRN,SANTA FE AV UC,N,B,0,0,0,2,A,C,7,N,C,C,A,H,A,D,N,33.77005,-118.193739
20011006,725,6,ARTESIA,OLIVE,Y,A,4,0,1,2,A,C,9,N,D,C,A,H,A,D,Y,33.874521,-118.182803
20011006,730,6,RT 710,PACIFC CST HWY,N,B,0,0,0,2,A,C,3,N,C,C,A,H,A,D,N,33.77005,-118.193739
20011006,800,6,PLYMOUTH,LOCUST AV,Y,B,0,0,0,2,A,C,12,N,B,C,A,H,A,D,N,33.853336,-118.189812
20011006,830,6,RT 405 NBTRN,DEL AMO BL,N,A,4,0,1,1,A,C,3,N,E,I,A,H,A,D,N,33.77005,-118.193739
20011006,1054,6,ANAHEIM,WALNUT AV,Y,A,0,0,0,2,A,C,9,N,D,C,A,H,A,A,N,33.782597,-118.17199
20011006,1100,6,RT 710,DELAMO BL,N,B,4,0,1,3,A,C,3,N,C,C,A,H,A,D,N,33.77005,-118.193739
20011006,1215,6,RT 91 WBTRN,ATLANTIC AV,N,A,0,0,0,1,A,C,8,N,E,I,A,H,A,D,N,39.576654,-74.226897
20011006,1234,6,LOS COYOTES DIAG,STEARNS,N,A,0,0,0,4,A,C,7,N,B,C,A,H,A,A,N,33.796257,-118.133844
20011006,1301,6,SILVA,DELAMO,N,A,3,0,1,2,A,C,9,N,H,G,A,C,A,D,N,33.845381,-118.184012
20011006,1321,6,HILL,DEFOREST AV,Y,A,0,0,0,1,A,C,3,M,E,I,A,H,A,D,N,33.845381,-118.184012
20011006,1334,6,SANTA FE AV,HILL,N,A,4,0,1,2,A,C,3,N,C,C,A,H,A,A,N,,
20011006,1444,6,LINDEN AV,17,Y,A,0,0,0,2,A,C,9,N,D,C,A,D,A,D,N,33.766937,-118.186384
20011006,1512,6,MARKET,CHERRY,Y,B,4,0,2,2,A,C,12,N,D,C,A,H,A,A,N,33.766937,-118.186384
20011006,1525,6,ALAMITOS,BROADWAY,Y,A,3,0,1,4,A,C,9,N,D,C,A,H,A,A,N,33.769144,-118.182082
20011006,1530,6,RT 710,WILLOW,N,A,0,0,0,2,A,C,21,N,C,C,A,H,A,A,N,33.77005,-118.193739
20011006,1636,6,DEL AMO BL,LONG BCH BL,Y,A,4,0,2,2,D,-,0,N,D,C,A,H,A,A,N,33.846735,-118.193744
20011006,1700,6,55,ORANGE,N,A,0,0,0,3,A,C,7,N,A,C,A,H,A,A,N,33.846735,-118.193744
20011006,1745,6,RT 605,SPRING,N,A,3,0,3,2,A,C,7,F,E,I,A,H,A,D,N,33.77005,-118.193739
20011006,1830,6,MLK,HILL,N,A,0,0,0,2,A,C,9,N,D,C,A,H,B,D,N,33.856013,-118.177262
20011006,1840,6,E 51,E CEDAR,N,A,0,0,0,2,A,C,1,N,H,G,A,H,B,D,N,33.797122,-118.180674
20011007,3,7,ARTESIA,FALCON,Y,A,0,0,0,2,A,C,8,M,B,C,A,H,C,D,N,33.874564,-118.174092
20011007,150,7,RT 710,CARSON,N,A,3,0,2,2,A,C,3,F,C,C,A,H,C,D,N,33.77005,-118.193739
20011007,157,7,OCEAN BL,KENNEBEC,Y,A,3,0,3,2,A,C,5,N,A,C,A,H,C,D,Y,33.763823,-118.164873
20011007,159,7,LA VERNE,DIVISION,N,A,3,0,1,2,A,C,1,N,C,E,A,H,C,D,Y,33.757729,-118.134501
20011007,225,7,RT 710,9 OC,N,A,3,0,1,2,A,C,7,F,B,C,-,H,C,D,N,,-118.193739
20011007,326,7,PACIFC CST HWY,PASADENA,N,A,0,0,0,1,A,C,8,M,E,I,A,H,C,D,N,33.789853,-118.187202
20011007,400,7,RT 405 SBTRN,SANTA FE AV UC,N,A,0,0,0,1,A,C,8,N,E,I,A,H,D,D,N,33.77005,-118.193739
20011007,910,7,ACKERFIELD AV,SOUTH,N,A,4,0,3,3,A,C,9,N,D,C,A,H,A,D,N,33.860171,-118.163115
20011007,1030,7,ANAHEIM,ST LOUIS AV,Y,A,0,0,0,2,A,C,9,N,D,C,A,H,A,D,N,33.782603,-118.166577
20011007,1252,7,7,CERRITOS AV,N,A,4,0,2,2,A,C,4,N,C,C,A,H,A,A,N,33.766264,-118.179274
20011007,1411,7,WILLOW,PALO VERDE,Y,A,4,0,2,2,A,C,9,N,A,C,A,H,A,D,N,33.803149,-118.107912
20011007,1543,7,PACIFC CST HWY,LOYNES DR,N,A,4,0,1,2,A,C,9,N,D,C,A,H,A,A,N,33.767271,-118.116958
20011007,1604,7,ANAHEIM,OLIVE AV,Y,A,4,0,1,2,A,C,10,N,H,G,A,H,A,A,N,33.767271,-118.116958
20011007,1716,7,7,ATLANTIC,Y,A,4,0,1,2,A,C,9,N,H,G,A,H,A,A,N,33.775355,-118.185042
20011007,1834,7,ATLANTIC,23,N,A,0,0,0,2,A,C,1,N,B,C,A,H,C,D,Y,33.798932,-118.185024
20011007,1834,7,PINE AV,HILL,N,A,3,0,1,2,A,C,11,N,G,B,A,H,B,D,N,33.797114,-118.192566
20011007,1930,7,7,CEDAR,Y,A,0,0,0,2,A,C,7,M,B,C,A,H,C,D,N,33.775335,-118.195071
20011007,2011,7,WILLOW,MAGNOLIA AV,Y,A,0,0,0,2,A,C,12,N,D,C,A,H,B,A,N,33.804433,-118.198067
20011007,2030,7,ARBOR,LAKEWOOD,N,A,0,0,0,2,A,C,3,M,H,C,A,H,C,D,N,33.843075,-118.142426
20011007,2354,7,67 WY,MURIEL AV,N,A,0,0,0,3,A,C,8,N,B,E,A,H,C,D,N,33.843075,-118.142426
20011008,325,1,SANTA FE AV,PACIFC CST HWY,Y,A,0,0,0,2,A,C,6,N,B,C,A,H,C,A,N,33.77005,-118.193739
20011008,450,1,RT 91 EBTRN,RT 710,N,A,4,0,1,1,A,C,8,N,E,I,A,H,D,D,N,33.77005,-118.193739
20011008,745,1,6,ELM AV,N,B,0,0,0,2,A,-,0,M,B,C,A,H,C,A,N,33.774145,-118.187666
20011008,1100,1,PARAMOUNT,SAWYER,Y,B,4,0,1,2,A,C,9,N,D,C,A,H,A,A,N,33.870147,-118.159965
20011008,1400,1,REDONDO,BROADWAY,Y,A,0,0,0,2,A,C,9,N,D,C,A,H,A,A,N,33.764438,-118.152414
20011008,1424,1,LOCUST AV,10,N,A,0,0,0,2,A,C,9,N,B,C,A,H,A,D,N,,
20011008,1505,1,LINDEN AV,57,Y,B,0,0,0,2,A,C,4,M,C,C,A,H,A,D,N,33.778973,-118.186741
20011008,1520,1,RT 405,LAKEWOOD BL,N,B,0,0,0,4,A,C,8,N,B,C,A,H,A,D,N,33.843075,-118.142426
20011008,1530,1,RT 405 NBOFF/R,ATLANTIC AV,N,A,0,0,0,1,A,C,3,N,F,A,A,H,A,D,N,39.576654,-74.226897
20011008,1555,1,7,FLINT,Y,A,0,0,0,2,A,C,3,N,C,C,A,H,A,D,N,33.775281,-118.123086
20011008,1555,1,RT 710 EBTRN,ARTESIA BL,N,A,0,0,0,2,A,C,7,N,C,D,A,H,A,D,N,33.873075,-118.068043
20011008,1620,1,SHORELINE DR,CHESTNUT PL,N,A,0,0,0,2,A,C,7,N,B,C,A,H,A,D,N,33.764768,-118.196681
20011008,1700,1,LONG BCH BL,WILLOW,N,A,4,0,1,1,-,-,0,N,H,F,A,H,A,A,N,33.804424,-118.189443
20011008,1703,1,STEARNS,MONTAIR,Y,A,0,0,0,2,A,C,9,N,D,C,A,H,A,D,N,33.796025,-118.126944
20011008,1710,1,ATLANTIC,20,Y,A,0,0,0,2,A,C,3,N,C,C,A,H,A,A,N,33.796025,-118.126944
20011008,1730,1,PACIFC CST HWY,GRAND AV,N,A,0,0,0,2,D,-,0,N,B,C,A,H,A,D,N,33.789852,-118.148062
20011008,1755,1,RT 405,WOODRUFF AV,N,A,0,0,0,2,A,C,7,N,B,C,A,H,A,D,N,33.813146,-118.115196
20011008,2109,1,W 3,CHESTNUT AV,N,A,0,0,0,2,A,C,3,N,C,C,A,H,C,A,N,33.789852,-118.148062
20011009,314,2,ATLANTIC,6,Y,A,0,0,0,2,A,C,12,N,D,C,A,H,C,A,N,33.774145,-118.185047
20011009,344,2,LONG BCH BL,3,N,B,0,0,0,1,A,C,5,N,E,I,B,H,C,A,N,33.766985,-118.189485
20011009,735,2,GARDENIA AV,GARDENIA AV 1433,N,A,0,0,0,2,A,C,8,N,E,I,A,A,A,D,N,33.766985,-118.169037
20011009,740,2,ORANGE AV,CERRITOS DR,N,A,0,0,0,2,A,C,4,N,C,C,A,H,A,D,N,33.84309,-118.176455
20011009,740,2,RT 710,ATLANTIC AV,N,A,0,0,0,2,A,C,3,N,C,C,A,H,A,D,N,39.576654,-74.226897
20011009,930,2,RT 405,STUDEBAKER RD,N,B,3,0,1,4,A,C,3,N,B,C,A,H,A,D,N,33.791446,-118.099621
20011009,952,2,7,LOMA,N,A,4,0,1,2,A,C,17,N,B,C,A,H,A,D,N,33.775338,-118.150233
20011009,1030,2,RT 405,LAKEWOOD BL,N,B,0,0,0,2,A,C,7,M,B,C,A,H,A,D,N,33.843075,-118.142426
20011009,1204,2,BELLFLOWER BL,STEARNS AV,Y,A,3,0,1,2,A,C,9,N,D,C,A,H,A,A,N,33.796022,-118.125239