COLLISION_DATE,COLLISION_TIME,DAY_OF_WEEK,PRIMARY_RD,SECONDARY_RD,INTERSECTION,WEATHER_1,COLLISION_SEVERITY,NUMBER_KILLED,NUMBER_INJURED,PARTY_COUNT,PRIMARY_COLL_FACTOR,PCF_CODE_OF_VIOL,PCF_VIOL_CATEGORY,HIT_AND_RUN,TYPE_OF_COLLISION,MVIW,ROAD_SURFACE,ROAD_COND_1,LIGHTING,CONTROL_DEVICE,ALCOHOL_INVOLVED,LATITUDE,LONGITUDE
20011018,704,4,LONG BCH BL,MARSHAL PL,N,A,4,0,1,2,A,C,3,N,C,C,A,H,A,D,N,32.932282,-80.411644
20011018,710,4,ORANGE AV,7,Y,A,4,0,1,2,A,C,9,F,G,B,A,H,A,A,N,33.830726,-118.18934
20011018,715,4,14,LONG BCH BL,N,A,3,0,1,2,D,-,0,N,H,G,A,H,A,D,N,33.76582,-118.177352
20011018,805,4,RT 710,ARTESIA BL,N,A,0,0,0,2,A,C,7,N,B,C,A,H,A,D,N,33.873075,-118.068043
20011018,815,4,PLYMOUTH,PINE AV,Y,A,0,0,0,2,A,C,8,M,B,C,A,H,A,D,N,39.672243,-74.157491
20011018,839,4,LOMA AV,WILTON,Y,A,0,0,0,2,A,C,12,N,D,C,A,H,A,A,N,33.853309,-118.191736
20011018,850,4,RT 405,WILMINGTON AV,N,A,0,0,0,1,C,-,18,N,E,J,A,B,A,D,N,33.873075,-118.068043
20011018,850,4,SPRING,CLAREMORE AV,Y,A,0,0,0,2,A,C,9,N,D,C,A,H,A,A,N,33.810432,-118.078274
20011018,930,4,ORANGE AV,WARDLOW RD,N,F,0,0,0,2,D,-,0,M,B,E,A,H,A,D,N,33.818916,-118.176327
20011018,935,4,RT 405,REDONDO AV,N,A,3,0,2,3,A,C,3,N,C,C,A,H,A,D,N,33.78576,-118.152415
20011018,954,4,WARDLOW RD,WOODRUFF AV,Y,A,0,0,0,2,A,C,9,N,D,C,A,H,A,A,N,33.818859,-118.116517
20011018,1005,4,RT 405,LOS CERRITOS CHNNL,N,A,0,0,0,2,A,C,3,N,C,C,A,H,A,D,N,33.77005,-118.193739
20011018,1019,4,PACIFIC AV,20,N,A,0,0,0,2,-,-,0,N,B,E,A,H,A,A,N,33.767302,-118.19371
20011018,1135,4,WILLOW,DELTA AV,Y,A,0,0,0,2,A,C,9,N,D,C,A,H,A,A,N,33.767302,-118.19371
20011018,1331,4,ANAHEIM,BENNETT,N,A,0,0,0,2,A,C,7,M,B,C,A,H,A,D,Y,33.78259,-118.142638
20011018,1334,4,LOS COYOTES DIAG,PARKCREST,N,A,3,0,4,4,-,-,0,F,E,I,A,H,A,D,N,33.8303,-118.099564
20011018,1351,4,ANAHEIM,CEDAR AV,Y,A,4,0,1,2,A,C,9,N,D,C,A,H,A,A,N,33.782596,-118.19506
20011018,1400,4,RT 710,WILLOW,N,A,0,0,0,2,A,C,7,N,B,C,A,D,A,D,N,33.77005,-118.193739
20011018,1500,4,RT 405,WALNUT AV,N,A,0,0,0,2,A,C,3,N,C,C,A,H,A,D,N,33.811666,-118.171975
20011018,1500,4,WARDLOW,PALO VERDE,Y,A,0,0,0,2,A,C,12,N,D,C,A,H,A,A,N,33.782596,-118.19506
20011018,1612,4,7,ORANGE AV,Y,A,0,0,0,2,A,-,0,N,D,C,A,H,A,A,N,33.76582,-118.177352
20011018,1625,4,ANAHEIM,REDONDO,N,A,0,0,0,2,A,C,7,M,B,C,A,H,A,A,N,33.782602,-118.152411
20011018,1625,4,PINE AV,OCEAN BL,Y,A,0,0,0,2,A,C,12,N,B,C,A,H,A,A,N,33.767096,-118.192407
20011018,1643,4,ARTESIA BL,OBISPO AV,Y,A,0,0,0,2,A,C,9,N,D,C,A,H,A,D,N,33.874658,-118.155641
20011018,1745,4,RT 405,PALO VERDE AV,N,A,0,0,0,2,A,C,3,N,C,C,A,H,A,D,N,33.80501,-118.107912
20011018,1829,4,10,WALNUT AV,N,A,0,0,0,2,A,C,9,N,D,C,A,H,B,D,N,33.778973,-118.17199
20011018,1915,4,ATLANTIC AV,8,Y,A,4,0,1,2,A,C,12,F,D,C,A,H,C,A,Y,33.766653,-118.185027
20011018,1943,4,W ANAHEIM,ANAHEIM,N,A,0,0,0,2,A,C,8,M,D,E,A,H,C,D,N,33.778973,-118.17199
20011018,2020,4,ORANGE,ROOSEVELT,N,A,0,0,0,2,A,C,4,M,B,C,-,H,B,D,Y,33.829919,-118.176303
20011018,2045,4,CARSON,LAKEWOOD BL,N,A,0,0,0,1,D,-,0,M,E,I,A,H,C,D,N,33.782594,-118.142464
20011018,2110,4,L B BL,WARDLOW,Y,A,4,0,1,2,A,C,3,N,C,C,A,H,C,A,N,33.818979,-118.189257
20011018,2221,4,52,ELM,N,A,0,0,0,3,A,C,7,N,B,E,A,H,C,D,N,33.850516,-118.188355
20011018,2245,4,ANAHEIM,LOCUST,N,A,2,0,1,2,A,C,23,N,G,B,A,H,C,D,Y,33.782595,-118.191495
20011019,9,5,WESTMINSTER,STUDEBAKER,Y,A,4,0,2,3,A,C,12,N,B,C,A,H,C,A,Y,33.759567,-118.103926
20011019,125,5,COLLEGE PK,STUDEBAKER,N,A,0,0,0,1,A,C,3,M,E,I,A,H,D,D,N,33.885269,-118.099802
20011019,231,5,68,HARBOR,N,A,0,0,0,3,A,C,1,M,B,E,A,H,C,D,Y,33.877692,-118.207147
20011019,733,5,ARTESIA BL,BURNETT,N,A,3,0,1,2,A,C,8,F,H,G,A,H,A,D,N,33.885269,-118.099802
20011019,745,5,ATLANTIC AV,SOUTH,Y,A,4,0,1,2,A,C,12,N,D,C,A,H,A,A,N,33.860074,-118.184923
20011019,800,5,RT 710,WILLOW,N,A,0,0,0,4,A,C,3,N,C,C,A,D,A,D,N,33.77005,-118.193739
20011019,813,5,CHERRY AV,OCEAN BL,Y,A,0,0,0,2,A,C,12,M,D,C,A,H,A,A,N,,
20011019,828,5,PACIFIC AV,BURNETT,Y,A,4,0,1,2,A,C,5,N,H,G,A,H,A,A,N,33.800751,-118.193777
20011019,830,5,3,CORONADO,Y,A,0,0,0,2,A,C,9,N,D,C,A,H,A,D,N,33.768078,-118.153504
20011019,838,5,BELMONT AV,BROADWAY,N,A,0,0,0,2,A,C,8,N,C,C,A,H,A,D,N,33.768078,-118.153504
20011019,850,5,RT 710 SBOFF/R,ANAHEIM,N,A,0,0,0,1,A,C,3,N,E,I,A,H,A,D,N,33.77005,-118.193739
20011019,900,5,RT 405,CHERRY AV,N,A,0,0,0,3,A,C,3,N,C,C,A,H,A,D,N,33.82317,-118.167726
20011019,944,5,ANAHEIM,OREGON AV,Y,A,0,0,0,1,A,C,1,M,E,I,A,H,A,A,Y,33.782695,-118.200995
20011019,950,5,RT 710,WILLOW AV,N,A,0,0,0,2,A,C,3,N,C,C,A,D,A,D,N,40.623157,-73.72315
20011019,1020,5,ORANGE AV,61,Y,A,0,0,0,2,A,C,9,N,D,C,A,H,A,A,N,33.764441,-118.144819
20011019,1236,5,GRAND AV,S ESTHER,N,A,0,0,0,2,A,C,7,N,B,C,A,H,A,D,N,33.766695,-118.177179
20011019,1355,5,RT 405,LONG BCH BL,N,A,0,0,0,2,A,C,3,N,C,C,A,H,A,D,N,33.77005,-118.193739
20011019,1400,5,SANTA FE AV,COWLES,Y,A,4,0,1,2,A,C,5,N,H,G,A,H,A,A,N,33.784665,-118.215486
20011019,1430,5,RT 405,TEMPLE AV,N,A,0,0,0,2,A,C,3,N,C,C,A,H,A,D,N,34.145957,-118.417898
20011019,1512,5,ORANGE AV,GOLDFIELD AV,N,A,4,0,2,3,A,C,3,N,C,C,A,H,A,A,N,33.839028,-118.176296
20011019,1530,5,PACIFIC PL,WARDLOW RD,Y,B,0,0,0,1,A,C,8,N,E,I,A,H,A,A,N,33.819044,-118.195946
20011019,1610,5,WILLOW,EARL,N,A,0,0,0,2,A,C,1,M,B,C,A,H,A,D,Y,40.622881,-76.181566
20011019,1715,5,8,WALNUT AV,N,A,0,0,0,2,A,C,7,N,C,C,A,H,B,D,N,33.819044,-118.195946
20011019,1820,5,TERMINO AV,LIVINGSTON DR,Y,A,3,0,1,2,A,C,12,N,D,C,A,H,B,A,N,33.760492,-118.145782
20011019,1830,5,RT 91,RT 710,N,A,4,0,1,3,A,C,3,N,C,C,A,H,A,D,N,32.932282,-80.411644
20011019,1900,5,PACIFC CST HWY,FREEMAN,Y,A,0,0,0,2,A,C,9,N,D,C,A,H,C,A,N,33.760492,-118.155647
20011019,1945,5,RT 91,CHERRY AV,N,A,0,0,0,2,A,C,3,N,C,C,A,H,D,D,N,33.876334,-118.167205
20011019,2040,5,RT 710,DEL AMO BL,N,A,4,0,1,5,A,C,8,F,B,C,A,H,C,D,N,33.847073,-118.13081
20011019,2239,5,PACIFC CST HWY,7,Y,A,2,0,1,2,A,C,9,N,D,C,A,H,C,A,N,33.775387,-118.122914
20011019,2330,5,CARSSON,PIONEER,N,A,4,0,1,3,A,C,4,N,C,C,A,H,C,A,N,33.831396,-118.081907
20011020,26,6,DEL AMO BL,VIRGINIA AV,Y,A,2,0,2,4,A,C,1,N,D,C,A,H,C,D,Y,33.876334,-118.167205
20011020,44,6,PACIFC CST HWY,TRAFFIC CIR,Y,A,3,0,3,1,A,C,3,N,E,I,A,H,C,D,N,33.788902,-118.140964
20011020,335,6,BONITO AV,3,N,A,0,0,0,2,A,C,8,M,D,E,A,H,C,D,N,33.766369,-118.181084
20011020,340,6,7,DAISY AV,N,A,0,0,0,2,A,C,7,M,B,E,A,H,C,D,N,33.766369,-118.181084
20011020,400,6,RT 605,SPRING,N,A,0,0,0,1,A,C,8,N,E,I,A,H,D,D,N,33.77005,-118.193739
20011020,425,6,RT 710,DEL AMO BL,N,A,3,0,1,1,A,C,8,N,E,I,A,H,C,A,Y,33.847073,-118.13081
20011020,735,6,7,BELLFLOWER BL,Y,A,0,0,0,2,A,C,12,N,D,C,A,H,A,A,N,33.775248,-118.121193
20011020,752,6,W LOUISE,PACIFIC,N,B,0,0,0,3,A,C,21,N,A,C,A,H,A,D,N,33.775248,-118.121193
20011020,1049,6,ALY N E 57,PARAMOUNT BL,N,B,0,0,0,1,A,C,7,M,E,I,A,H,A,D,N,33.85933,-118.15985
20011020,1210,6,6,MAGNOLIA AV,Y,A,0,0,0,2,D,-,0,N,D,C,A,H,A,A,N,33.767548,-118.198037
20011020,1330,6,WARDLOW AV,CHERRY AV,Y,A,0,0,0,1,A,C,8,N,E,I,A,H,A,D,N,33.767548,-118.198037
20011020,1440,6,RT 405,RT 710,N,A,4,0,1,1,A,C,3,N,E,I,A,H,A,D,N,46.462508,-95.646979
20011020,1445,6,ORANGE AV,MARKET,Y,A,4,0,1,2,A,-,0,N,G,B,A,H,A,D,N,33.854348,-118.17725
20011020,1548,6,27,FASHION AV,N,A,0,0,0,2,A,C,5,M,B,E,A,H,A,D,N,33.806189,-118.208921
20011020,1554,6,2,2 5764,N,A,0,0,0,2,A,C,21,M,C,C,A,H,A,D,N,33.806189,-118.208921
20011020,1705,6,65,OBISPO AV,N,A,0,0,0,2,A,-,0,N,H,G,A,H,A,D,N,33.756361,-118.121665
20011020,1755,6,RT 405,WARDLOW RD,N,A,0,0,0,4,A,C,3,N,E,J,A,H,B,D,N,33.818749,-118.130842
20011020,1940,6,GUNDRY AV,N ANAHEIM,N,A,0,0,0,2,-,-,0,M,D,C,A,H,A,D,N,33.872507,-118.15561
20011020,1944,6,23,EARL,Y,A,0,0,0,1,C,-,18,M,E,I,A,H,C,D,N,33.798952,-118.191609
20011021,208,7,LONG BCH BL,RT 91,Y,A,0,0,0,2,-,-,0,N,C,E,A,H,C,D,N,39.726252,-74.123919
20011021,411,7,RT 710,N 6,N,A,0,0,0,2,A,C,7,M,H,A,A,H,C,D,Y,33.77005,-118.193739
20011021,1007,7,JUNIPERO AV,BERMUDA,Y,A,0,0,0,2,A,C,9,N,D,C,A,H,A,D,N,33.769899,-118.164938
20011021,1010,7,RT 710,WILLOW,N,A,0,0,0,2,A,C,7,N,B,C,A,H,A,D,N,33.77005,-118.193739
20011021,1620,7,69 WY,W BUTLER,N,A,0,0,0,2,A,C,8,M,B,C,A,H,A,-,N,33.769899,-118.164938
20011021,1755,7,10,MOLINO,Y,A,4,0,1,4,A,C,9,N,D,C,A,H,A,D,N,33.880152,-118.161141
20011021,1845,7,RT 710 NBON/R,SANTA FE AV,N,A,0,0,0,2,A,C,8,N,B,C,A,H,C,D,N,33.77005,-118.193739
20011021,2115,7,BROADWAY AV,CHESTNUT AV,Y,A,0,0,0,2,A,C,8,N,D,C,A,H,C,A,N,33.778973,-118.161141
20011021,2315,7,ALMOND CT,10,N,A,0,0,0,2,A,C,8,M,C,E,A,H,C,D,N,33.778971,-118.175099
20011021,2500,7,E 6,MLK BL,N,A,0,0,0,2,-,-,0,N,C,C,A,H,A,D,N,33.778971,-118.175099
20011022,5,1,2,W XIMENO,N,A,0,0,0,2,A,C,8,M,C,E,A,H,C,D,N,33.762356,-118.141563
20011022,310,1,RT 710,ATLANTIC,N,A,3,0,1,2,A,C,3,F,C,C,A,H,C,D,N,33.77005,-118.193739
20011022,709,1,ANAHEIM,CHERRY AV,N,A,0,0,0,2,A,C,8,N,B,C,A,H,A,A,N,33.782604,-118.167652
20011022,715,1,RT 405,ATHERTON,N,A,0,0,0,2,A,C,3,N,C,C,A,H,A,D,N,33.77005,-118.193739
20011022,727,1,REDONDO,BURNETT,Y,A,0,0,0,2,D,-,0,N,B,C,A,H,A,A,N,33.801446,-118.151367
20011022,740,1,ARTESIA BL,ORANGE AV,Y,B,0,0,0,2,A,C,11,N,H,G,A,H,A,A,N,33.874675,-118.177374
20011022,926,1,36,CALIFORNIA,N,B,0,0,0,1,-,-,0,N,E,I,A,H,A,D,N,33.874675,-118.180664
20011022,950,1,RT 710,WILLOW AV,N,B,0,0,0,1,A,C,17,N,E,I,A,D,A,D,N,40.623157,-73.72315
20011022,1209,1,E WILLOW,WILLOW 7400,N,A,0,0,0,3,A,C,3,N,C,C,A,C,A,A,N,33.804329,-118.192557
20011022,1323,1,RT 710,DEL AMO,N,A,0,0,0,2,A,C,3,N,C,C,A,H,A,D,N,33.77005,-118.193739
20011022,1410,1,BRYANT RD,BRYANT RD 1181,N,A,0,0,0,2,A,C,5,M,A,E,A,H,A,D,N,33.781505,-118.124461
20011022,1436,1,WILLOW,LAKEWOOD,Y,A,0,0,0,2,A,C,8,M,B,C,A,C,A,D,N,33.803251,-118.142788
20011022,1540,1,CHERRY AV,65,Y,A,0,0,0,2,A,C,9,N,D,C,A,H,A,D,N,33.803251,-118.168249
20011022,1540,1,RT 91,CHERRY AV,N,A,0,0,0,2,A,C,3,M,C,C,A,H,A,D,N,33.876334,-118.167205
20011022,1550,1,RT 91,ATLANTIC AV,N,A,0,0,0,1,C,-,18,N,E,J,A,H,A,D,N,33.874843,-118.193412
20011022,1550,1,RT 91,CHERRY AV UC,N,A,4,0,1,5,A,C,3,N,C,C,A,H,A,D,N,33.77005,-118.193739
20011022,1616,1,ATLANTIC,HILL,N,A,0,0,0,2,A,C,8,N,B,E,A,H,A,A,N,33.797124,-118.185032
20011022,1638,1,ARTESIA BL,ATLANTIC AV,N,A,4,0,3,4,A,C,3,N,C,C,A,H,A,A,N,33.874312,-118.186089
20011022,1650,1,RT 405 SBOFF/R,STUDEBAKER,N,A,0,0,0,2,A,C,3,N,C,C,A,H,A,D,N,33.77005,-118.193739
20011022,1707,1,PACIFC CST HWY,JUNIPERO AV,N,A,0,0,0,2,A,C,3,M,C,C,A,H,A,D,N,33.789856,-118.163304
20011022,1711,1,JUNIPERO,7,N,A,3,0,1,2,-,-,0,N,H,G,A,H,A,A,N,33.775345,-118.163313
20011022,1712,1,WILLOW,PINE,Y,A,0,0,0,2,A,C,4,N,C,C,A,H,A,A,N,33.804329,-118.192557
20011022,1729,1,RT 405 SBON/R,WILLOW,N,A,0,0,0,1,A,C,3,N,E,J,A,B,C,D,N,33.77005,-118.193739
20011022,1826,1,LONG BCH BL,6,Y,A,0,0,0,2,A,C,7,M,B,C,A,H,C,A,N,39.709252,-74.139024
20011022,1830,1,2,THE TOLEDO,Y,A,0,0,0,2,A,C,12,M,D,C,A,H,B,A,N,33.758368,-118.130265
20011022,1900,1,PARAMOUNT,ARTESIA,N,A,4,0,1,2,A,C,3,F,C,C,A,H,C,A,N,33.874619,-118.159983
20011022,1900,1,STUDEBAKER RD,LOS COYOTES DIAG,N,B,0,0,0,2,A,C,1,M,B,C,A,H,C,A,N,33.829849,-118.099598
20011022,1903,1,SPRING,LAKEWOOD BL,Y,A,0,0,0,2,C,-,18,N,B,C,A,C,A,A,N,33.812739,-118.139096
20011023,200,2,E 11,W REDONDO AV,N,A,0,0,0,2,A,C,7,M,B,C,A,H,C,D,N,33.860173,-118.159853
20011023,413,2,OCEAN BL,4 PL,N,A,0,0,0,6,A,C,7,N,B,C,A,H,C,D,N,33.780779,-118.152419
20011023,510,2,DOWNEY,CURRY,Y,A,3,0,1,1,A,C,8,N,E,I,A,H,C,D,N,33.866494,-118.151423
20011023,720,2,SOUTH,PARAMOUNT BL,N,F,0,0,0,2,A,C,8,M,D,C,A,H,A,D,Y,33.860173,-118.159853
20011023,935,2,PIER T AV,PIER T AV 482,N,B,0,0,0,1,-,-,0,M,E,I,A,D,A,D,N,33.866494,-118.151423
20011023,1032,2,STEARNS,W CHARLEMAGE,N,A,0,0,0,2,A,-,0,N,B,C,A,H,A,D,N,33.796033,-118.131303
20011023,1125,2,RT 405,ATLANTIC BL,N,A,0,0,0,2,A,C,21,N,B,C,A,H,A,D,N,33.782591,-118.137201
20011023,1215,2,OCEAN BL,GOLDEN AV,Y,A,0,0,0,2,A,C,3,N,C,C,A,H,A,A,N,33.767388,-118.20182
20011023,1341,2,CHERRY,55,Y,A,0,0,0,2,A,C,9,N,D,C,A,H,A,D,N,33.856068,-118.168542
20011023,1452,2,OBISPO AV,ANAHEIM,N,A,0,0,0,3,A,C,4,N,C,C,A,H,A,A,N,33.782605,-118.15458
20011023,1545,2,HOFFMAN AV,ANAHEIM,N,A,0,0,0,2,A,C,5,N,C,E,A,H,A,D,N,33.782594,-118.173621
20011023,1630,2,ANAHEIM,ELM,N,A,0,0,0,2,A,C,3,N,B,C,A,H,A,D,N,33.782614,-118.187987
20011023,1637,2,MARKET,LINDEN,Y,A,0,0,0,2,A,C,8,M,B,C,A,H,A,D,N,33.854316,-118.18594
20011023,1655,2,RT 91,CHERRY AV,N,B,0,0,0,2,A,C,3,N,C,C,A,H,A,D,N,33.876334,-118.167205
20011023,1854,2,PACIFC CST HWY,SHERMAN PL,N,A,0,0,0,2,D,-,0,M,B,C,A,H,C,D,N,33.78987,-118.166249
20011023,1941,2,ANAHEIM,E PARK,N,A,0,0,0,2,A,C,9,N,D,C,A,H,C,A,N,33.782591,-118.137201
20011024,202,3,NAPLES PLAZA DR,THE TOLEDO,N,B,0,0,0,1,A,C,1,N,E,I,A,H,C,D,Y,33.753312,-118.118196
20011024,620,3,RT 405,CLARK AV,N,A,0,0,0,2,A,C,3,N,C,C,A,H,A,D,N,33.817379,-118.133749
20011024,755,3,RT 710,ANAHEIM,N,B,0,0,0,2,A,C,7,N,C,C,A,H,A,D,N,33.762173,-118.205115
20011024,800,3,PACIFC CST HWY,MLK,Y,A,0,0,0,2,A,C,9,M,D,C,A,H,A,A,N,33.789856,-118.180653
20011024,928,3,WALNUT AV,14,N,A,0,0,0,4,A,C,7,M,B,E,A,H,A,D,N,33.784417,-118.171991
20011024,1333,3,NORMAN CT,10,N,A,0,0,0,2,A,C,7,N,B,E,A,H,A,D,N,33.778972,-118.17568
20011024,1520,3,LONG BCH BL,PLYMOUTH,Y,A,4,0,4,2,A,C,9,N,D,C,A,H,A,D,N,33.853292,-118.196168
20011024,1530,3,STEARNS,DE ORA WY,Y,A,0,0,0,2,A,C,3,N,C,C,A,H,A,D,N,33.79606,-118.13893
20011024,1710,3,4,LOMA,Y,A,0,0,0,2,A,C,9,N,D,C,A,H,A,D,N,33.771712,-118.150251
20011024,1710,3,MAGNOLIA AV,HILL,N,A,0,0,0,3,A,C,3,M,C,C,A,H,A,A,N,33.79606,-118.13893
20011024,1750,3,RT 405,BELLFLOWER BL,N,A,0,0,0,2,A,C,3,N,C,C,A,H,A,D,N,33.769086,-118.120973
20011024,1914,3,LONG BCH BL,HILL,Y,A,0,0,0,1,A,C,12,M,H,F,A,H,C,A,N,33.797119,-118.189269
20011024,2100,3,BELLFLOWER BL,MONLACO,Y,A,0,0,0,2,A,C,5,M,B,C,A,H,C,A,N,33.82226,-118.125151
20011024,2140,3,RT 91,DOWNEY AV,N,A,0,0,0,2,C,-,18,N,E,J,A,B,D,D,N,33.87677,-118.153649
20011024,2211,3,CHERRY AV,DEL AMO,N,A,0,0,0,2,A,C,7,M,A,E,A,H,C,D,N,33.846859,-118.167613
20011024,2215,3,7,MARGO AV,Y,A,0,0,0,2,A,C,3,N,C,C,A,H,C,A,N,33.77506,-118.111726
20011024,2216,3,7,MARGO,N,A,0,0,0,4,D,-,0,N,C,C,A,H,C,D,N,33.77506,-118.111726
20011025,423,4,RT 405,REDONDO AV,N,A,0,0,0,3,A,C,7,M,B,C,A,H,C,D,N,33.78576,-118.152415
20011025,425,4,RT 405,REDONDO AV,N,A,0,0,0,3,A,C,3,N,C,C,A,H,C,D,N,33.78576,-118.152415
20011025,720,4,RT 710,WILLOW,N,A,0,0,0,6,A,C,3,N,C,C,A,D,A,D,N,33.77005,-118.193739
20011025,830,4,RT 405,TEMPLE AV,N,A,0,0,0,2,A,C,7,N,B,C,A,H,A,D,N,34.145957,-118.417898
20011025,830,4,RT 710 SBON/R,SUSANA RD,N,A,0,0,0,2,A,C,6,N,B,C,A,H,A,D,N,33.862996,-118.204122
20011025,835,4,RT 405,TEMPLE AV,N,A,0,0,0,3,A,C,3,N,C,C,A,H,A,D,N,34.145957,-118.417898
20011025,836,4,RT 405,TEMPLE AV OC,N,A,0,0,0,3,A,C,3,N,C,C,A,H,A,D,N,33.77005,-118.193739
20011025,850,4,MARKET,LEMON AV,N,A,0,0,0,2,A,C,9,N,D,C,A,H,A,D,N,33.87677,-118.153649
20011025,935,4,STUDEBAKER RD,STEARNS,N,A,4,0,1,2,A,C,3,N,C,C,A,H,A,D,N,33.795559,-118.099313
20011025,950,4,RT 405,STUDEBAKER,N,A,0,0,0,2,A,C,7,N,B,C,A,H,A,D,N,33.77005,-118.193739
20011025,1005,4,LONG BCH BL,49,Y,A,0,0,0,2,A,C,9,N,D,C,A,H,A,A,N,33.795559,-118.099313
20011025,1017,4,NIETO,APPIAN WY,Y,A,3,0,1,2,A,C,12,N,D,C,A,H,A,A,N,33.768461,-118.132867
20011025,1102,4,4,LOMA AV,N,A,0,0,0,2,A,C,8,M,C,C,A,H,A,D,N,33.768461,-118.150785
20011025,1200,4,RT 710,CARSON UC,N,A,0,0,0,3,A,C,7,M,C,C,A,H,A,D,N,33.77005,-118.193739
20011025,1251,4,LONG BCH BL,BURNETT,Y,A,4,0,2,2,A,C,4,N,C,C,A,H,A,A,N,33.800742,-118.189474
20011025,1307,4,BELLFLOWER BL,23,N,A,0,0,0,2,A,C,3,M,C,C,A,H,A,D,N,33.799024,-118.125198
20011025,1402,4,7,DAISY AV,Y,A,0,0,0,2,A,C,7,N,D,C,A,H,A,A,N,33.775333,-118.199381
20011025,1520,4,RT 710,LONG BCH BL,N,A,0,0,0,2,A,C,3,N,C,C,A,H,A,D,N,33.77005,-118.193739
20011025,1535,4,RT 405,BELLFLOWER BL,N,A,0,0,0,2,A,C,3,N,C,C,A,H,A,D,N,33.769086,-118.120973
20011025,1540,4,AIRPORT PLAZA DR,CLARK AV,N,A,0,0,0,2,A,C,8,N,D,C,A,H,A,D,N,33.775333,-118.199381
20011025,1550,4,WILLOW,STUDEBAKER,N,A,0,0,0,2,A,C,3,N,C,C,A,-,A,A,N,33.803249,-118.099274
20011025,1629,4,PACIFIC AV,23,Y,A,0,0,0,2,A,C,9,M,B,C,A,H,A,A,N,33.803249,-118.099274
20011025,1655,4,OCEAN,MAGNOLIA,Y,A,0,0,0,2,A,C,9,M,A,C,A,H,A,D,N,33.767374,-118.197984
20011025,1710,4,RT 91,RT 710,N,A,0,0,0,2,A,C,3,M,C,C,A,H,A,D,N,32.932282,-80.411644
20011025,1730,4,FASHION AV,COWLES,N,A,0,0,0,2,A,C,3,M,C,E,A,H,A,D,N,33.784668,-118.208808
20011025,2010,4,RT 91,SANTA FE AV,N,A,0,0,0,1,A,C,3,N,E,J,A,H,D,D,N,,
20011025,2205,4,GREENBRIER RD,ATHERTON,N,A,4,0,1,2,A,C,10,N,G,B,A,H,C,D,N,33.784668,-118.208808
20011025,2230,4,ORIZABA AV,15,Y,A,0,0,0,2,A,C,12,M,D,C,A,H,C,A,N,33.762545,-118.157818
20011026,30,5,RT 405 SBON/R,LAKEWOOD AV,N,A,0,0,0,1,A,C,3,N,E,I,A,H,C,D,N,33.782596,-118.19506
20011026,210,5,SANTA FE,S WARDLOW,N,A,0,0,0,2,A,C,8,M,C,C,A,H,C,D,N,33.824385,-118.215526
20011026,830,5,RT 710,DEL AMO BL,N,B,0,0,0,3,A,C,3,M,C,C,A,H,A,D,N,33.847073,-118.13081
20011026,840,5,RT 91 SBTRN,ARTESIA BL,N,A,4,0,1,1,A,C,3,N,E,I,A,H,A,D,N,33.873075,-118.068043
20011026,855,5,RT 405,CALIFORNIA AV,N,A,0,0,0,2,A,C,8,M,B,C,A,H,A,D,N,34.168501,-118.605754
20011026,930,5,LBB,35,N,A,0,0,0,1,A,C,1,M,E,I,A,H,A,D,Y,33.8733,-118.211331
20011026,950,5,ORANGE AV,N 60,N,A,0,0,0,3,-,-,0,N,C,C,A,H,A,D,N,33.824385,-118.215526
20011026,1220,5,CARSON,LAKEWOOD,N,A,0,0,0,2,A,C,7,M,B,C,A,H,A,D,N,33.832274,-118.142464
20011026,1225,5,ANAHEIM,LIME AV,Y,A,0,0,0,2,A,C,10,M,G,B,A,H,A,A,N,33.782606,-118.18395
20011026,1240,5,RT 405 NBTRN,PACIFIC AV,N,A,0,0,0,3,A,C,3,N,C,C,A,H,A,D,N,46.356782,-124.054189
20011026,1300,5,RT 405,ORANGE AV,N,A,0,0,0,2,A,C,7,N,C,C,A,H,A,D,Y,33.825422,-118.176316
20011026,1310,5,4,TERMINO AV,N,A,4,0,1,2,A,C,3,F,C,C,A,H,A,D,N,33.771706,-118.145896
20011026,1310,5,BELLFLOWER,ANAHEIM RD,N,A,0,0,0,2,A,C,7,N,B,C,A,H,A,D,N,33.779493,-118.122421
20011026,1405,5,PACIFC CST HWY,ALAMITOS AV,Y,A,4,0,1,2,A,C,9,N,D,C,A,H,A,A,N,33.789852,-118.189507
20011026,1435,5,CLARK,WARDLOW,Y,A,0,0,0,2,A,C,9,N,D,C,A,H,A,A,N,33.818865,-118.133951
20011026,1440,5,WARDLOW,ORANGE AV,Y,A,4,0,1,2,A,C,9,N,D,C,A,H,A,A,N,33.818916,-118.176327
20011026,1515,5,RT 405,CHERRY AV,N,A,0,0,0,3,A,C,8,N,B,C,A,H,A,D,N,33.82317,-118.167726