COLLISION_DATE,COLLISION_TIME,DAY_OF_WEEK,PRIMARY_RD,SECONDARY_RD,INTERSECTION,WEATHER_1,COLLISION_SEVERITY,NUMBER_KILLED,NUMBER_INJURED,PARTY_COUNT,PRIMARY_COLL_FACTOR,PCF_CODE_OF_VIOL,PCF_VIOL_CATEGORY,HIT_AND_RUN,TYPE_OF_COLLISION,MVIW,ROAD_SURFACE,ROAD_COND_1,LIGHTING,CONTROL_DEVICE,ALCOHOL_INVOLVED,LATITUDE,LONGITUDE
20011026,1530,5,OCEAN BL,PALOMA AV,Y,A,0,0,0,2,A,C,7,N,C,C,A,H,A,-,N,33.818916,-118.156162
20011026,1530,5,RT 710 EBTRN,RT 91,N,A,0,0,0,2,A,C,17,N,H,C,A,H,A,D,N,33.77005,-118.193739
20011026,1719,5,46,CALIFORNIA AV,N,A,0,0,0,2,A,C,9,N,C,C,A,H,A,D,N,33.761733,-118.156162
20011026,1730,5,PACIFC CST HWY,ROSE AV,Y,A,0,0,0,2,A,C,9,N,D,C,A,H,A,D,N,33.789858,-118.169818
20011026,1737,5,PACIFC CST HWY,GRAND AV,N,A,0,0,0,2,-,-,0,M,C,C,A,H,A,D,N,33.789852,-118.148062
20011026,1845,5,RT 405,PACIFIC AV,N,A,0,0,0,4,A,C,3,N,C,C,A,H,C,D,N,46.356782,-124.054189
20011026,2130,5,BELLFLOWER BL,ATHERTON,N,A,3,0,1,1,A,C,3,N,E,I,A,H,C,A,N,33.788526,-118.124399
20011026,2322,5,4,FRANKLIN PL,N,A,0,0,0,4,A,C,1,M,B,E,A,H,C,D,Y,33.77005,-118.193739
20011026,2356,5,ANAHEIM,CEDAR AV,N,A,0,0,0,1,A,C,8,M,E,I,A,H,C,D,N,33.782596,-118.19506
20011027,8,6,RT 405 SBOFF/R,STUDEBAKER,N,A,3,0,1,2,A,C,1,N,C,C,A,H,C,A,Y,33.77005,-118.193739
20011027,200,6,RT 405,RT 710,N,A,3,0,1,2,A,C,3,F,C,C,A,H,C,D,N,46.462508,-95.646979
20011027,202,6,SHORELINE DR,PINE,N,A,4,0,1,1,D,-,0,N,E,I,A,H,C,B,N,33.77005,-118.193739
20011027,408,6,6,ORANGE,N,A,0,0,0,1,-,-,0,M,E,I,A,H,C,D,N,33.763064,-118.192696
20011027,610,6,JUNIPERO,S ANAHEIM,N,A,3,0,2,3,-,-,0,N,A,E,A,H,C,D,N,33.78261,-118.163308
20011027,650,6,RT 710,DEL AMO BL,N,B,4,0,1,2,A,C,7,N,C,C,A,H,B,D,N,33.847073,-118.13081
20011027,849,6,2,NIETO AV,Y,A,4,0,1,2,A,C,12,N,D,C,A,H,A,A,N,33.760463,-118.135188
20011027,1010,6,ANAHEIM,WALNUT AV,Y,A,4,0,1,2,A,C,9,F,B,C,A,H,A,A,N,33.782597,-118.17199
20011027,1030,6,RT 710,WILLOW,N,A,4,0,1,1,A,C,8,N,E,I,A,H,A,D,N,33.77005,-118.193739
20011027,1325,6,COVINA AV,DIVISION,N,A,0,0,0,2,A,C,1,M,B,E,A,H,A,D,Y,33.771708,-118.156758
20011027,1325,6,ORIZABA,4,N,A,0,0,0,2,A,C,1,M,C,C,A,H,A,-,Y,33.771708,-118.156758
20011027,1428,6,PACIFC CST HWY,CHERRY AV,N,A,0,0,0,2,A,C,3,N,C,C,A,H,A,D,N,33.789861,-118.167643
20011027,1430,6,MAIN AV,36,N,B,0,0,0,3,A,C,7,M,B,C,A,H,A,D,N,33.789861,-118.167643
20011027,1600,6,RT 405,SPRING,N,A,0,0,0,3,A,C,8,N,B,C,A,H,A,D,N,33.77005,-118.193739
20011027,1930,6,W 20,CHESTNUT AV,Y,A,0,0,0,3,A,C,9,N,D,C,A,H,C,A,N,34.017091,-118.273624
20011027,2000,6,RT 405,SPRING,N,A,0,0,0,1,A,C,8,N,E,I,A,H,D,D,N,33.77005,-118.193739
20011027,2200,6,HILL,MAGNOLIA,N,A,0,0,0,2,A,C,21,M,D,C,A,H,D,D,N,33.797131,-118.198097
20011027,2224,6,RT 710,N HARBOR SCENIC DR,N,A,0,0,0,2,A,C,3,N,C,C,A,G,C,D,N,33.756015,-118.199937
20011027,2321,6,WILLOW,SEABRIGHT AV,N,A,0,0,0,2,A,C,1,N,D,E,A,H,C,D,Y,33.804421,-118.217617
20011028,5,7,SANTA FE,S HILL,N,A,0,0,0,2,A,C,8,M,C,C,A,H,C,D,N,33.782594,-118.216139
20011028,118,7,BROADWAY,GAVIOTA AV,N,A,2,0,1,2,A,C,11,N,G,B,A,H,C,D,Y,33.767757,-118.171484
20011028,140,7,WILLOW,E MAGNOLIA AV,N,A,0,0,0,5,A,C,3,N,B,E,A,H,C,A,N,33.83398,-118.198067
20011028,200,7,GOLDEN AV,19,N,A,0,0,0,2,D,-,0,M,B,C,A,H,C,D,N,33.876848,-118.203467
20011028,200,7,W 67 WY,W 67 WY 167,N,-,0,0,0,2,D,-,0,M,H,E,-,-,D,-,N,,
20011028,403,7,KEYNOTE,LADOGA,N,A,0,0,0,1,E,-,24,N,E,I,A,H,C,D,N,33.769819,-118.103533
20011028,509,7,ANAHEIM,ANAHEIM 1063,N,A,0,0,0,2,A,C,1,M,C,E,A,H,B,D,Y,33.767757,-118.171484
20011028,509,7,ORANGE AV,7,Y,A,0,0,0,1,A,C,9,N,E,I,A,H,C,A,N,33.76582,-118.177352
20011028,536,7,BELLFLOWER BL,7,N,B,3,0,1,3,A,C,3,N,A,E,A,H,C,A,N,33.775248,-118.121193
20011028,940,7,RAMONA,DOWNEY AV,N,B,0,0,0,1,-,-,0,M,E,J,A,H,A,A,N,33.775248,-118.121193
20011028,1052,7,CHERRY AV,SOUTH,N,B,0,0,0,2,A,C,3,N,C,C,A,H,-,A,N,33.860106,-118.168614
20011028,1200,7,LAKEWOOD,ARBOR,Y,B,4,0,1,2,A,C,3,N,C,C,A,H,A,A,N,33.843075,-118.142426
20011028,1207,7,7,E LONG BCH BL,N,A,0,0,0,2,A,C,7,N,C,C,A,H,A,A,N,33.843075,-118.142426
20011028,1230,7,RT 710,RT 91,N,A,0,0,0,2,C,-,18,N,H,C,A,H,A,D,N,33.77005,-118.193739
20011028,1250,7,CLARK AV,CONANT,Y,B,4,0,1,2,A,C,3,N,C,C,A,H,A,A,N,33.775335,-118.189476
20011028,1435,7,7,CHANNEL DR,Y,A,4,0,3,2,A,C,8,F,C,C,A,H,A,A,N,33.77522,-118.119009
20011028,1500,7,ATLANTIC AV,11,N,A,0,0,0,2,D,-,0,M,H,G,A,H,A,D,N,33.77522,-118.119009
20011028,1732,7,WARDLOW RD,GUNDRY,Y,A,3,0,1,2,A,C,9,N,D,C,A,H,C,D,N,33.818916,-118.174144
20011028,1845,7,7,WALNUT,Y,A,0,0,0,2,A,C,9,N,D,C,A,H,C,A,N,33.775358,-118.172008
20011028,1920,7,TEMPLE,SPRING,N,A,0,0,0,2,D,-,0,N,D,C,A,H,C,A,N,33.811571,-118.158856
20011028,1930,7,STUDEBAKER AV,WILLOW,Y,A,0,0,0,2,A,C,12,N,B,C,A,H,C,A,N,33.803249,-118.099274
20011028,2304,7,ATLANTIC AV,NEW YORK,N,A,0,0,0,2,A,C,3,M,C,C,A,H,C,A,N,33.784865,-118.185035
20011029,30,1,RT 710,ANAHEIM,N,A,0,0,0,1,A,C,8,N,E,I,A,H,C,D,N,33.762173,-118.205115
20011029,50,1,RT 710 SBTRN,RT 405,N,A,4,0,1,2,A,C,3,N,C,C,A,H,C,D,N,33.77005,-118.193739
20011029,730,1,DAISY AV,ANAHEIM,N,A,0,0,0,2,A,C,4,N,C,C,A,H,A,A,N,33.825422,-118.176316
20011029,745,1,RT 710 NBTRN,WARDLOW RD,N,A,0,0,0,2,A,C,3,N,C,C,A,H,A,D,N,33.818749,-118.130842
20011029,755,1,7,ORANGE,N,A,0,0,0,2,A,C,3,N,C,C,A,H,A,A,N,33.775366,-118.176353
20011029,755,1,RT 710 NBOFF/R,DEL AMO BL,N,A,0,0,0,1,A,C,3,N,E,I,A,H,A,D,N,33.847073,-118.13081
20011029,810,1,BELLFLOWER BL,SPRING,Y,A,0,0,0,2,A,C,12,N,D,C,A,H,A,A,N,33.810596,-118.12536
20011029,941,1,CARSON,ORANGE,N,A,4,0,1,2,A,C,9,N,D,C,A,H,A,A,N,33.832432,-118.176299
20011029,1100,1,RT 710,WARDLOW RD,N,A,0,0,0,2,A,C,7,N,C,C,A,D,A,D,N,33.818749,-118.130842
20011029,1125,1,RT 405,CHERRY AV,N,A,0,0,0,2,A,C,7,N,B,C,A,H,A,D,N,33.82317,-118.167726
20011029,1159,1,CLARK AV,CARSON,N,A,4,0,1,2,A,C,3,N,C,C,A,H,A,D,N,33.832368,-118.133854
20011029,1243,1,CLARK AV,WARDLOW,N,A,4,0,1,2,A,C,3,N,C,C,A,H,A,A,N,33.832368,-118.133951
20011029,1315,1,PACIFC CST HWY,LEMON AV,N,A,3,0,1,2,A,C,10,N,G,B,A,H,A,D,N,33.789858,-118.178418
20011029,1325,1,OLIVE AV,14,Y,A,0,0,0,2,A,C,21,M,H,C,A,H,A,A,N,33.783249,-118.182863
20011029,1350,1,SPRING,LAKEWOOD BL,Y,A,0,0,0,2,A,C,12,M,E,I,A,D,A,A,N,33.812739,-118.139096
20011029,1420,1,LONG BCH BL,HILL,N,B,4,0,1,3,A,C,4,N,C,C,A,H,A,A,Y,33.797119,-118.189269
20011029,1430,1,RT 91,PARAMOUNT BL,N,A,0,0,0,2,A,C,3,N,C,C,A,H,A,D,N,33.876245,-118.162684
20011029,1510,1,RT 405,BELLFLOWER BL,N,A,0,0,0,2,D,-,0,N,C,C,A,H,A,D,N,33.769086,-118.120973
20011029,1630,1,PACIFIC CST HWY,TERMINO AV,Y,A,0,0,0,2,A,C,8,M,C,C,A,H,A,A,N,33.812739,-118.139096
20011029,1705,1,MLK,6,Y,A,4,0,2,2,A,C,6,N,B,C,A,E,C,A,N,33.789843,-118.145883
20011029,1710,1,RT 405,TEMPLE AV,N,A,0,0,0,3,A,C,3,N,C,C,A,H,A,D,N,34.145957,-118.417898
20011029,1810,1,CALIFORNIA AV,SOUTH,Y,A,4,0,1,3,C,-,18,N,G,B,A,H,C,D,Y,33.797119,-118.189269
20011029,1812,1,SPRING,KILROY AIRPORT,N,A,0,0,0,2,D,-,0,N,B,C,A,D,C,D,N,33.81044,-118.147314
20011029,1820,1,RT 405,CALIFORNIA AV,N,A,0,0,0,4,A,C,3,M,C,C,A,H,D,D,N,34.168501,-118.605754
20011029,1924,1,RT 405,ORANGE AV,N,A,0,0,0,2,A,C,3,M,C,C,A,H,C,D,N,33.825422,-118.176316
20011029,1925,1,RT 405,ORANGE AV,N,A,0,0,0,2,A,C,3,N,C,C,A,H,C,D,N,33.825422,-118.176316
20011029,1926,1,RT 405,ORANGE AV,N,A,0,0,0,2,A,C,3,N,C,C,A,H,C,D,Y,33.825422,-118.176316
20011029,2039,1,7,HAVANA AV,N,A,0,0,0,7,A,C,17,N,C,C,A,H,C,D,N,33.775338,-118.126346
20011029,2230,1,CASPIAN,23,N,A,0,0,0,2,A,C,8,M,B,C,A,H,C,D,N,33.798929,-118.212186
20011029,2235,1,4,E JUNIPERO,N,A,0,0,0,2,A,C,1,M,B,C,A,H,C,D,Y,33.771718,-118.164391
20011029,2239,1,PACIFC CST HWY,ULTIMO AV,Y,A,0,0,0,2,A,C,1,N,D,C,A,H,C,A,Y,33.776405,-118.124174
20011030,50,2,ORANGE AV,37,N,A,0,0,0,3,A,C,7,M,C,E,A,H,C,D,N,33.77005,-118.193739
20011030,652,2,MAGNOLIA AV,WILLOW,Y,A,4,0,2,2,A,C,9,N,A,C,A,H,B,A,N,33.804433,-118.198067
20011030,1111,2,WARDLOW RD,PACIFIC AV,Y,A,3,0,3,2,A,C,9,N,D,C,A,H,A,D,N,33.804433,-118.198067
20011030,1117,2,STUDEBAKER RD,RT 22 ENT,Y,B,0,0,0,2,A,C,9,N,B,C,A,H,A,A,N,33.819017,-118.19375
20011030,1225,2,RT 710,PACIFC CST HWY,N,B,0,0,0,3,A,C,7,M,B,C,A,D,A,D,N,33.77005,-118.193739
20011030,1250,2,RT 710,PACIFC CST HWY,N,B,0,0,0,2,A,C,7,N,B,C,A,H,A,D,N,33.77005,-118.193739
20011030,1315,2,17,ATLANTIC AV,N,A,0,0,0,2,-,-,0,M,B,E,A,H,A,D,N,33.766777,-118.185063
20011030,1405,2,ATHERTON,XIMENO,N,B,0,0,0,2,A,C,3,N,C,C,A,H,A,A,N,33.789847,-118.138903
20011030,1410,2,15,ATLANTIC AV,N,C,2,0,1,1,A,C,8,N,E,I,B,H,A,D,N,33.766734,-118.185064
20011030,1420,2,RT 405,LONG BCH FWY,N,B,0,0,0,2,A,C,3,N,C,C,B,H,A,D,N,33.77005,-118.193739
20011030,1430,2,RT 710,LONG BCH BL,N,B,0,0,0,1,A,C,3,N,E,I,B,H,A,D,N,33.77005,-118.193739
20011030,1436,2,ANAHEIM,TEMPLE AV,N,A,0,0,0,2,A,C,9,N,D,C,A,H,A,A,N,33.782597,-118.158947
20011030,1440,2,WARDLOW RD,LONG BCH BL,Y,B,0,0,0,2,A,C,9,N,A,C,A,H,A,A,N,33.818979,-118.189257
20011030,1456,2,WILLOW,REDONDO AV,N,C,0,0,0,1,-,-,0,N,F,A,B,H,A,A,N,33.804499,-118.151349
20011030,1458,2,7,NEBRASKA AV,Y,C,4,0,2,2,A,C,12,N,D,C,B,H,A,A,N,33.775354,-118.17364
20011030,1505,2,NEW YORK,LEMON AV,N,C,0,0,0,2,A,C,7,N,A,C,B,H,A,D,N,33.775354,-118.17364
20011030,1510,2,STUDEBAKER,7 WBOFF/R,Y,C,0,0,0,3,A,C,3,N,A,C,B,H,A,A,N,33.77005,-118.193739
20011030,1600,2,PALO VERDE AV,STEARNS,Y,B,4,0,1,2,A,C,1,F,G,B,A,H,A,A,Y,33.795428,-118.107917
20011030,1601,2,ARTESIA BL,MYRTLE,Y,C,0,0,0,2,A,C,6,N,D,C,B,H,A,A,N,33.874658,-118.182103
20011030,1614,2,BRAYTON,S BIXBY,N,C,0,0,0,3,A,C,3,N,C,E,B,H,B,D,N,33.8267,-118.175631
20011030,1623,2,ORANGE AV,SAN ANTONIO DR,N,B,4,0,2,2,A,C,3,N,C,C,B,H,C,D,N,33.8267,-118.175631
20011030,1815,2,7,MOLINO,N,B,0,0,0,3,A,C,3,N,C,C,B,H,C,D,N,33.775345,-118.161142
20011030,1826,2,SPRING,WOODRUFF,Y,B,0,0,0,2,A,C,9,N,D,C,B,H,C,A,N,33.810576,-118.114478
20011030,1849,2,SPRING,RT 605,N,B,0,0,0,1,D,-,0,N,E,I,A,H,C,A,N,33.811654,-118.199252
20011030,1939,2,ATLANTIC,56,Y,B,4,0,1,2,C,-,18,N,B,C,B,H,C,A,N,33.858094,-118.184914
20011030,2038,2,7,BELLFLOWER BL,N,B,0,0,0,3,A,C,1,N,C,C,A,H,C,A,Y,33.775248,-118.121193
20011030,2347,2,RT 710  BON/R,SHOEMAKER BR,N,A,3,0,1,1,A,C,1,N,E,I,A,H,C,D,Y,33.775248,-118.121193
20011031,446,3,SPRING,FIDLER AV,N,A,0,0,0,1,A,C,3,N,E,I,A,D,D,A,N,33.81049,-118.132127
20011031,520,3,7,MAGNOLIA,N,A,0,0,0,2,A,C,9,N,D,C,A,-,C,D,Y,33.775332,-118.19804
20011031,545,3,RT 710,RT 91,N,A,4,0,3,4,C,-,18,N,C,C,A,H,A,D,N,33.77005,-118.193739
20011031,545,3,RT 710 SBTRN,RT 91,N,A,0,0,0,2,A,C,7,M,B,C,A,H,C,D,N,33.77005,-118.193739
20011031,640,3,RT 91,LONG BCH BL,N,A,0,0,0,2,A,C,7,N,B,C,A,H,A,D,N,33.873156,-118.200648
20011031,900,3,CLARK,WARDLOW,Y,A,4,0,1,2,A,C,9,N,D,C,A,H,A,A,N,33.818865,-118.133951
20011031,900,3,RT 405,LONG BCH BL,N,A,0,0,0,2,A,C,7,N,B,C,A,H,A,D,N,33.77005,-118.193739
20011031,928,3,ATLANTIC AV,29,Y,B,4,0,1,2,-,-,0,N,C,C,A,H,A,A,N,,
20011031,945,3,LAMA,LAMA 3476,N,B,0,0,0,2,-,-,0,M,D,C,A,H,A,D,N,3.708772,114.188819
20011031,945,3,RT 710,WARDLOW RD,N,A,0,0,0,2,A,C,7,N,B,C,A,H,A,D,N,33.818749,-118.130842
20011031,1010,3,RT 710,COMPTON CRK UC,N,A,0,0,0,3,A,C,3,M,C,C,A,H,A,D,N,33.77005,-118.193739
20011031,1014,3,COLORADO,NEWPORT AV,N,A,0,0,0,2,A,C,8,N,D,C,A,H,A,D,N,3.708772,114.188819
20011031,1033,3,BELLFLOWER BL,S LOS COYOTES BL,N,A,4,0,1,3,A,C,3,N,C,C,A,H,A,A,N,33.802141,-118.125195
20011031,1040,3,RT 710,BLUE LINE OC,N,A,0,0,0,2,A,C,3,N,C,C,A,H,A,D,N,33.77005,-118.193739
20011031,1055,3,RT 710,RT 91,N,A,2,0,1,2,A,C,3,N,C,C,A,H,A,D,N,33.77005,-118.193739
20011031,1115,3,RT 405,WALNUT AV,N,B,0,0,0,2,A,C,3,N,C,C,B,H,A,D,N,33.811666,-118.171975
20011031,1120,3,LONG BCH BL,MARKET,Y,A,4,0,1,2,A,C,9,N,D,C,A,H,A,A,N,33.854284,-118.196533
20011031,1140,3,RT 710,ARTESIA BL,N,A,0,0,0,2,A,C,3,N,C,C,A,H,A,D,N,33.873075,-118.068043
20011031,1310,3,RT 605,SPRING OC,N,A,3,0,1,3,A,C,7,F,B,C,A,H,A,D,N,33.77005,-118.193739
20011031,1318,3,CHESTNUT,BROADWAY,N,A,4,0,1,2,-,-,0,N,H,G,A,H,A,A,N,33.854284,-118.196533
20011031,1345,3,RT 605,SPRING,N,A,0,0,0,2,C,-,18,N,H,C,A,H,A,D,N,33.77005,-118.193739
20011031,1558,3,RT 91 EBOFF/R,CHERRY AV,N,A,0,0,0,2,A,C,3,M,B,C,A,H,A,A,N,33.82317,-118.167726
20011031,1605,3,ATLANTIC AV,HILL,N,A,0,0,0,2,-,-,0,N,B,C,A,H,A,D,N,33.797124,-118.185032
20011031,1730,3,RT 405,RT 710,N,A,0,0,0,2,A,C,7,M,C,C,A,H,C,D,N,46.462508,-95.646979
20011031,1748,3,4,OHIO,N,A,4,0,1,2,A,C,3,N,C,C,A,H,C,D,N,33.771713,-118.160065
20011031,1755,3,ATLANTIC AV,SOUTH,Y,A,4,0,1,2,A,C,12,N,D,C,A,H,C,A,Y,33.860074,-118.184923
20011031,1840,3,TEMPLE AV,RT 405 NBOFF/R,Y,A,0,0,0,2,A,C,9,N,D,C,A,H,C,A,N,33.771802,-118.158963
20011031,1855,3,RT 405,RT 710,N,A,0,0,0,1,A,C,7,N,E,I,A,H,C,D,N,46.462508,-95.646979
20011031,1855,3,RT 710,ARTESIA BL,N,A,0,0,0,1,A,C,3,N,E,J,A,H,C,D,N,33.873075,-118.068043
20011031,1900,3,RT 710,ARTESIA BL,N,A,0,0,0,1,A,C,3,N,E,J,A,H,C,D,N,33.873075,-118.068043
20011031,1915,3,RT 405,RT 710,N,A,2,0,1,3,A,C,3,N,C,C,A,H,C,D,N,46.462508,-95.646979
20011031,2000,3,RT 405,ORANGE AV,N,A,0,0,0,2,A,C,3,N,C,C,A,H,C,D,N,33.825422,-118.176316
20011031,2030,3,RT 405,LONG BCH BL,N,A,0,0,0,2,A,C,7,N,C,C,A,H,C,D,N,33.77005,-118.193739
20011031,2045,3,PACIFC CST HWY,LEWIS,N,A,4,0,2,2,A,C,8,N,D,C,A,H,C,D,N,33.789867,-118.179607
20011031,2050,3,RT 405,RT 710,N,A,0,0,0,2,A,C,7,N,C,C,A,H,C,D,N,46.462508,-95.646979
20011031,2120,3,RT 405,RT 710,N,A,3,0,9,3,A,C,3,N,C,C,A,H,C,D,N,46.462508,-95.646979
20011031,2124,3,RT 405,LONG BCH BL,N,A,0,0,0,2,A,C,3,N,C,C,A,H,D,D,N,33.77005,-118.193739
20011031,2145,3,20,CHESTNUT AV,Y,A,3,0,1,2,A,C,12,F,A,C,A,H,C,A,N,,
20011031,2155,3,BROADWAY,CHERRY AV,N,A,0,0,0,2,A,C,9,N,A,C,A,H,C,D,N,33.767286,-118.167896
20011101,220,4,PACIFC CST HWY,CHERRY AV,Y,A,0,0,0,2,A,C,3,M,C,E,A,H,C,D,N,33.789861,-118.167643
20011101,555,4,PACIFIC AV,RT 405 OC,N,A,3,0,1,2,A,C,8,N,B,C,A,H,A,D,N,33.789861,-118.167643
20011101,640,4,RT 91,CHERRY AV,N,B,0,0,0,2,A,C,7,N,B,C,A,H,A,D,N,33.876334,-118.167205
20011101,645,4,RT 710,ARTESIA BL,N,B,0,0,0,2,A,C,3,N,C,C,A,H,A,D,N,33.873075,-118.068043
20011101,715,4,14,REDONDO,N,B,0,0,0,2,A,C,1,M,B,C,A,H,A,D,Y,33.784364,-118.152401
20011101,1012,4,OCEAN BL,GATE 2,Y,A,0,0,0,1,-,-,0,N,E,J,A,H,A,A,N,33.76607,-118.180447
20011101,1027,4,ATHERTON,BELLFLOWER BL,N,A,3,0,1,2,A,C,10,N,G,B,A,H,A,A,N,33.788526,-118.124399
20011101,1135,4,RT 710,WILLOW,N,A,0,0,0,1,C,-,18,N,E,J,A,C,A,D,N,33.77005,-118.193739
20011101,1330,4,RT 91,CHERRY AV,N,A,0,0,0,2,A,C,7,N,B,C,A,H,A,D,N,33.876334,-118.167205
20011101,1451,4,ATLANTIC AV,MARKET,Y,A,0,0,0,2,A,C,9,N,D,C,A,H,A,A,N,33.854324,-118.185004
20011101,1453,4,BELEN,PALO VERDE,N,A,3,0,1,2,A,C,9,N,H,G,A,H,A,A,N,33.808841,-118.107892
20011101,1502,4,GAVIOTA AV,HARDING,N,A,0,0,0,2,A,C,8,M,B,C,A,H,A,D,N,33.808841,-118.171539
20011101,1555,4,RT 91,CHERRY AV,N,A,0,0,0,2,A,C,7,N,B,C,A,H,A,A,N,33.876334,-118.167205
20011101,1628,4,CLAIBORNE DR,CLAIBORNE DR IIII,N,A,0,0,0,2,A,C,6,M,D,C,A,H,A,D,N,33.77005,-118.193739
20011101,1650,4,ARTESIA BL,GARDENIA AV,N,A,4,0,2,4,A,C,3,N,C,C,A,H,B,D,N,33.874721,-118.169765
20011101,1830,4,RT 405,LAKEWOOD BL,N,A,0,0,0,2,A,C,3,N,C,C,A,H,C,D,N,33.843075,-118.142426
20011101,1900,4,PARAMOUNT,S 57,N,A,4,0,1,2,A,C,11,N,G,B,A,H,C,D,Y,33.784364,-118.152401
20011101,2030,4,RT 710,WILLOW,N,A,0,0,0,2,A,C,3,N,C,C,D,D,D,D,N,33.77005,-118.193739
20011102,125,5,RT 405 SBOFF/R,LAKEWOOD BL,N,A,0,0,0,1,A,C,1,N,E,I,A,H,C,D,Y,33.843075,-118.142426
20011102,700,5,RT 710 NBTRN,PACIFIC AV,N,B,0,0,0,2,A,C,3,N,C,C,A,H,A,D,N,33.874653,-118.180151
20011102,754,5,PACIFC CST HWY,OLIVE AV,Y,B,4,0,1,2,A,C,9,N,D,C,A,H,A,D,N,33.789854,-118.182857
20011102,826,5,CLAREMONT,TORIN,N,F,0,0,0,2,D,-,0,M,B,C,A,H,B,A,N,33.789854,-118.182857
20011102,855,5,RT 710,RT 405,N,B,0,0,0,2,A,C,7,N,B,C,A,H,A,D,N,33.77005,-118.193739
20011102,855,5,RT 710,DEL AMO BL,N,A,0,0,0,2,A,C,7,N,B,C,A,H,A,D,N,33.847073,-118.13081
20011102,940,5,RT 91,RT 710,N,A,0,0,0,2,A,C,7,M,B,C,A,H,A,D,N,32.932282,-80.411644
20011102,945,5,SPRING,ATLANTIC AV,Y,A,0,0,0,2,A,C,9,N,D,C,A,H,A,A,N,33.81159,-118.185067
20011102,1050,5,PACIFC CST HWY,GAVIOTA AV,Y,A,0,0,0,2,A,C,9,M,D,C,A,H,A,A,N,33.789856,-118.170908
20011102,1200,5,ATLANTIC AV,WARDLOW RD,N,A,0,0,0,2,A,C,17,N,B,C,A,H,A,D,N,33.81891,-118.185015
20011102,1213,5,POMONA AV,2,N,A,0,0,0,2,A,-,0,N,C,E,A,H,A,D,N,33.754974,-118.134478
20011102,1300,5,LIME,1,N,A,0,0,0,2,-,-,0,M,B,C,A,H,A,D,N,33.789859,-118.183982
20011102,1310,5,CHERRY,37,N,A,0,0,0,2,A,C,4,N,C,C,A,H,A,D,N,33.789859,-118.167535
20011102,1415,5,LONG BH TRAFFIC CR,PACIFC CST HWY,Y,A,0,0,0,2,A,C,8,M,B,C,A,H,A,D,N,33.824199,-118.193739
20011102,1445,5,RT 405,WOODRUFF AV,N,A,0,0,0,3,A,C,3,N,C,C,A,H,A,D,N,33.813146,-118.115196
20011102,1445,5,RT 710,RT 405,N,A,4,0,1,2,A,C,8,N,B,C,A,H,A,A,N,33.77005,-118.193739
20011102,1516,5,DAWSON AV,ANAHEIM,Y,A,0,0,0,2,A,C,9,N,D,C,A,H,A,D,N,33.782599,-118.16548
20011102,1517,5,GRANADA,2,N,A,0,0,0,2,A,C,9,N,D,C,A,H,A,D,N,33.782599,-118.16548
20011102,1550,5,MARKET,CHERRY AV,N,A,0,0,0,2,A,C,8,N,D,C,A,H,A,D,N,33.854386,-118.167805
20011102,1610,5,7,ATLANTIC AV,N,A,4,0,1,2,A,C,12,F,G,B,A,H,A,A,N,33.766564,-118.185066
20011102,1615,5,RT 405,WILLOW,N,A,0,0,0,3,A,C,3,N,C,C,A,A,A,D,N,33.77005,-118.193739
20011102,1645,5,RT 405,ATLANTIC AV,N,A,0,0,0,2,A,C,3,M,C,C,A,H,B,D,N,39.576654,-74.226897
20011102,1728,5,WILLOW,RT 710,N,A,4,0,1,2,A,C,3,F,C,C,A,H,A,D,N,33.804175,-118.200527
20011102,1733,5,PALO VERDE,STEARNS,Y,A,3,0,2,2,A,C,9,N,A,C,A,H,B,A,N,33.795428,-118.107917
20011102,1745,5,RT 605,SPRING,N,A,0,0,0,2,A,C,7,N,C,C,A,H,D,D,N,33.77005,-118.193739
20011102,1745,5,RT 710,LONG BCH BL,N,A,0,0,0,2,A,C,3,N,C,C,A,H,D,D,N,33.77005,-118.193739
20011102,1749,5,BRAYTON AV,65,N,A,0,0,0,2,A,C,1,M,A,E,A,H,C,D,Y,33.876334,-118.167205
20011102,1800,5,WARDLOW,NORWALK,Y,A,0,0,0,2,A,C,9,N,D,C,A,H,C,A,N,33.817565,-118.071822
20011102,1802,5,STUDEBAKER,7,Y,A,0,0,0,1,A,C,0,M,E,I,A,H,C,A,N,33.761751,-118.103505
20011102,1835,5,ANAHEIM,REDONDO AV,N,A,0,0,0,2,A,C,3,N,C,C,A,H,C,D,N,33.782602,-118.152411
20011102,1845,5,RT 710 SBTRN,ATLANTIC AV,N,A,4,0,2,3,A,C,3,N,C,C,A,H,C,D,N,39.576654,-74.226897
20011102,1915,5,RT 710,PACIFC CST HWY,N,A,4,0,2,4,A,C,8,N,E,I,A,D,D,D,N,33.77005,-118.193739