COLLISION_DATE,COLLISION_TIME,DAY_OF_WEEK,PRIMARY_RD,SECONDARY_RD,INTERSECTION,WEATHER_1,COLLISION_SEVERITY,NUMBER_KILLED,NUMBER_INJURED,PARTY_COUNT,PRIMARY_COLL_FACTOR,PCF_CODE_OF_VIOL,PCF_VIOL_CATEGORY,HIT_AND_RUN,TYPE_OF_COLLISION,MVIW,ROAD_SURFACE,ROAD_COND_1,LIGHTING,CONTROL_DEVICE,ALCOHOL_INVOLVED,LATITUDE,LONGITUDE
20011102,2014,5,ARTESIA AV,E LEWIS,N,A,0,0,0,2,A,C,3,N,D,C,A,H,C,D,N,33.874653,-118.180151
20011103,145,6,RT 405,ATLANTIC AV,N,A,3,0,1,1,A,C,8,N,E,I,A,H,C,D,N,39.576654,-74.226897
20011103,146,6,RT 405,ATLANTIC AV,N,A,3,0,2,3,A,C,3,N,D,C,A,H,C,D,N,39.576654,-74.226897
20011103,147,6,RT 405,ATLANTIC AV,N,A,4,0,3,4,A,C,3,N,C,C,A,H,C,D,N,39.576654,-74.226897
20011103,347,6,7,LOMA AV,N,A,0,0,0,2,A,C,8,N,B,E,A,H,C,D,N,33.761359,-118.150797
20011103,400,6,SOUTH,PARAMOUNT,N,A,0,0,0,5,A,C,8,M,C,E,A,H,C,D,N,33.860173,-118.159853
20011103,722,6,WARDLOW RD,CHERRY AV,Y,A,0,0,0,2,A,C,12,N,D,C,A,H,A,A,N,,
20011103,924,6,FRONTENAC CT,ANAHEIM,Y,A,3,0,1,2,A,I,0,F,H,G,A,H,A,A,Y,33.782607,-118.187351
20011103,938,6,LONG BCH BL,WARDLOW RD,N,A,3,0,4,2,A,C,9,N,D,C,A,H,A,A,N,33.818979,-118.189257
20011103,1001,6,7,NEWPORT,N,A,0,0,0,2,A,C,3,N,C,C,A,H,A,D,N,33.775341,-118.151324
20011103,1208,6,10,ST LOUIS AV,Y,A,4,0,2,2,A,C,9,N,D,C,A,H,A,A,N,33.778972,-118.166572
20011103,1208,6,COTA,25,N,B,0,0,0,2,A,C,0,M,B,E,A,H,A,D,N,33.775341,-118.151324
20011103,1315,6,RT 405,WOODRUFF AV,N,A,4,0,1,3,A,C,7,F,B,C,A,H,A,D,N,33.813146,-118.115196
20011103,1325,6,10,OBISPO AV,Y,A,0,0,0,3,A,C,12,N,D,C,A,H,A,A,N,33.778969,-118.154588
20011103,1435,6,W 20,ALY W 20 311,N,B,0,0,0,2,A,C,21,M,C,C,A,-,A,D,N,33.778969,-118.154588
20011103,1500,6,68,LEWIS AV,N,A,4,0,2,2,A,C,12,F,D,C,A,H,A,D,Y,33.782607,-118.187351
20011103,1605,6,RT 91,CHERRY AV,N,B,4,0,1,2,A,C,7,F,B,C,A,H,A,D,N,33.876334,-118.167205
20011103,1640,6,REDONDO,ANAHEIM,N,A,0,0,0,2,A,C,7,N,D,C,A,H,B,D,N,33.782602,-118.152411
20011103,1727,6,DAISY AV,ANAHEIM,Y,A,4,0,1,2,D,-,0,N,G,B,A,H,C,A,N,33.782608,-118.19938
20011103,1809,6,ORANGE AV,MARRON PL,N,A,0,0,0,2,A,C,21,N,B,C,A,H,B,D,N,33.830493,-118.176296
20011104,236,7,ATLANTIC AV,6,N,B,0,0,0,2,D,-,0,M,C,C,A,H,C,A,N,33.774145,-118.185047
20011104,310,7,RT 91,PARAMOUNT BL,N,A,2,0,1,1,A,C,1,N,E,I,A,H,D,D,Y,33.876245,-118.162684
20011104,445,7,RT 91 EBTRN,ATLANTIC BL,N,C,0,0,0,1,A,C,3,N,E,I,B,H,D,D,N,33.874519,-118.183901
20011104,505,7,RT 91 WBTRN,ATLANTIC AV,N,C,0,0,0,1,A,C,3,N,E,I,B,H,E,D,N,39.576654,-74.226897
20011104,600,7,RT 710,WARDLOW RD,N,C,0,0,0,2,A,C,3,N,C,C,B,D,B,D,N,33.818749,-118.130842
20011104,605,7,RT 405 NBOFF/R,CHERRY AV,N,B,0,0,0,1,A,C,3,N,E,I,B,H,B,D,N,33.82317,-118.167726
20011104,630,7,RT 405 NBOFF/R,BELLFLOWER BL,N,B,0,0,0,1,A,C,3,N,E,I,B,H,B,D,N,33.82317,-118.167726
20011104,645,7,RT 405 COLL,CHERRY AV,N,B,0,0,0,1,A,C,3,N,E,I,B,H,A,D,N,,
20011104,713,7,RT 405 COLL,CHERRY AV OC,N,B,0,0,0,3,A,C,3,N,B,C,B,H,A,D,N,33.82317,-118.167726
20011104,716,7,RT 405 NBON/R,CHERRY AV,N,C,0,0,0,1,A,C,3,N,E,I,B,H,A,D,N,33.82317,-118.167726
20011104,718,7,RT 710,RT 91,N,B,4,0,1,1,A,C,3,N,E,I,B,H,A,D,N,33.77005,-118.193739
20011104,745,7,RT 405 SBON/R,CHERRY AV,N,B,0,0,0,2,A,C,3,N,B,C,B,H,A,D,N,33.77005,-118.193739
20011104,815,7,RT 405,ORANGE AV,N,B,0,0,0,3,A,C,7,N,C,C,B,H,A,D,N,33.825422,-118.176316
20011104,1051,7,WILLOW,PACIFIC AV,Y,C,4,0,1,2,A,C,9,N,D,C,B,H,A,A,N,33.80444,-118.193717
20011104,1058,7,PACIFC CST HWY,HARBOR AV,Y,C,0,0,0,2,A,C,3,N,C,C,B,H,A,A,N,33.789825,-118.210498
20011104,1115,7,RT 710,RT 91,N,B,3,0,5,2,A,C,3,N,E,I,B,H,A,D,N,33.77005,-118.193739
20011104,1231,7,KILROY AIRPORT WY,CLARK AV,N,C,0,0,0,1,A,C,3,N,E,I,B,H,A,D,N,33.789825,-118.210498
20011104,1242,7,ANAHEIM,LEMON,Y,A,0,0,0,2,A,C,1,M,B,C,-,-,A,D,Y,33.876334,-118.17903
20011104,1400,7,PACIFC CST HWY,ORANGE AV,Y,B,0,0,0,2,A,C,3,M,C,C,B,H,A,A,N,33.789854,-118.176289
20011104,1410,7,ARTESIA,LIME,N,A,0,0,0,2,A,C,9,N,H,G,A,H,A,D,N,33.874519,-118.183901
20011104,2035,7,RT 405,WOODRUFF AV,N,A,0,0,0,2,C,-,18,N,B,C,A,H,D,D,N,33.813146,-118.115196
20011104,2036,7,RT 405,WOODRUFF AV,N,A,0,0,0,2,A,C,7,N,C,C,A,H,C,D,N,33.813146,-118.115196
20011104,2127,7,W PACIFC CST HWY,PACIFIC AV,N,A,2,0,1,2,A,C,23,F,G,B,A,H,C,A,Y,46.356782,-124.054189
20011104,2318,7,RT 710,WILLOW AV,N,A,3,0,2,2,A,C,8,F,A,C,A,H,C,D,Y,40.623157,-73.72315
20011105,505,1,RT 91,CHERRY AV,N,A,0,0,0,2,A,C,3,N,C,C,A,H,D,D,N,33.876334,-118.167205
20011105,547,1,REDONDO,WILLOW,N,B,4,0,1,3,A,C,3,N,C,C,B,H,D,A,N,33.804499,-118.151349
20011105,655,1,WILLOW,BALTIC,N,A,4,0,1,2,A,C,9,F,D,C,A,H,A,A,N,33.804499,-118.213275
20011105,725,1,PINE AV,10,Y,B,0,0,0,2,A,C,12,N,B,C,A,A,-,A,N,33.767234,-118.19239
20011105,955,1,OCEAN BL,HENRY FORD,N,B,0,0,0,2,A,C,7,N,B,C,A,H,A,D,N,33.77005,-118.193739
20011105,1005,1,RT 710 EBTRN,ARTESIA BL,N,A,0,0,0,2,A,C,7,N,B,C,A,H,A,D,N,33.873075,-118.068043
20011105,1106,1,LONG BCH BL,ANAHEIM,Y,A,0,0,0,2,A,C,11,N,H,G,A,H,A,A,N,33.782605,-118.189258
20011105,1120,1,BROADWAY,ALY E PINE,N,A,0,0,0,2,A,C,7,N,B,C,A,H,A,D,N,33.782605,-118.189258
20011105,1215,1,LONG BCH BL,32,Y,A,0,0,0,2,A,C,9,N,D,C,A,H,A,A,N,39.716906,-74.129486
20011105,1300,1,BRAYTON,SILVA,N,A,0,0,0,2,A,C,7,N,C,D,A,H,A,D,N,39.716906,-74.129486
20011105,1306,1,CLARK AV,ARBOR,N,A,0,0,0,2,A,C,3,N,C,C,A,H,A,A,N,33.843048,-118.1338
20011105,1310,1,BELLFLOWER BL,STEARNS,Y,A,4,0,1,2,A,C,12,N,D,C,A,H,A,A,N,33.796022,-118.125239
20011105,1337,1,ANAHEIM,DAISY AV,N,A,0,0,0,2,A,C,9,M,D,C,A,H,A,D,N,33.782608,-118.19938
20011105,1425,1,RT 710,WILLOW,N,A,0,0,0,2,A,C,7,N,B,C,A,D,A,D,N,33.77005,-118.193739
20011105,1504,1,LOCUST,16,Y,A,4,0,2,2,A,C,8,F,H,G,A,H,A,D,Y,33.787129,-118.19109
20011105,1505,1,PALO VERDE AV,STEARNS,N,A,0,0,0,2,A,C,7,M,B,C,A,H,A,A,N,33.795428,-118.107917
20011105,1636,1,LOS COYOTES DIAG,SPRING,Y,A,3,0,1,2,A,C,9,N,D,C,A,H,A,A,N,33.810454,-118.11754
20011105,1720,1,11,MAHANNA AV,N,A,0,0,0,1,A,I,0,M,E,I,A,H,C,D,N,33.810454,-118.11754
20011105,1805,1,CARSON,RT 605,Y,A,0,0,0,2,A,C,7,M,E,I,A,H,C,A,Y,33.831761,-118.184845
20011105,1900,1,ARTESIA,LONG BCH BL,Y,A,4,0,5,2,D,-,0,N,C,C,A,H,C,A,N,33.874332,-118.202702
20011105,1905,1,SANTA FE,25,Y,A,3,0,1,2,-,-,0,F,H,G,A,H,C,D,N,33.802344,-118.215378
20011105,1921,1,DEL AMO BL,LONG BCH BL,N,B,1,1,0,2,A,C,11,F,G,B,A,H,C,D,N,33.846735,-118.193744
20011105,1930,1,PASADENA,BURNETT,N,A,0,0,0,1,A,C,8,N,E,I,A,H,C,D,N,33.800748,-118.187195
20011105,2030,1,MYRTLE AV,11,Y,A,3,0,1,2,A,C,17,F,H,G,A,H,C,D,N,33.800748,-118.187195
20011105,2030,1,RT 710,LONG BCH BL,N,A,0,0,0,1,A,C,3,N,E,I,A,H,C,D,N,33.77005,-118.193739
20011105,2104,1,PACIFC CST HWY,PACIFIC AV,Y,A,3,0,3,2,A,C,9,N,A,C,A,H,C,A,N,46.356782,-124.054189
20011106,5,2,RT 710,PACIFC CST HWY,N,A,0,0,0,2,A,C,3,N,C,C,A,D,C,D,Y,33.77005,-118.193739
20011106,530,2,SANTA FE,WARDLOW,Y,A,0,0,0,2,A,C,8,M,D,C,A,H,A,A,N,33.824282,-118.215517
20011106,621,2,LONG BCH BL,ROOSEVELT RD,Y,B,3,0,1,2,A,C,12,N,D,C,A,H,A,A,N,33.828937,-118.189345
20011106,625,2,RT 605,ORANGE CO LINE,N,B,4,0,2,3,A,C,3,N,C,C,A,H,A,D,N,33.77005,-118.193739
20011106,720,2,RT 710,WILLOW AV,N,B,0,0,0,2,A,C,3,N,C,C,A,H,A,D,N,40.623157,-73.72315
20011106,735,2,RT 405,CHERRY AV,N,A,0,0,0,2,A,C,3,N,C,C,A,H,A,D,N,33.82317,-118.167726
20011106,800,2,3,MAGNOLIA AV,N,A,0,0,0,2,A,C,7,N,B,C,A,H,A,D,N,33.767557,-118.198074
20011106,800,2,PACIFC CST HWY,BELLFLOWER,Y,A,0,0,0,2,A,C,9,N,D,C,A,H,A,A,N,33.774031,-118.121077
20011106,830,2,MONOGRAM AV,KILLDEE,Y,A,4,0,1,2,A,C,8,N,B,C,A,H,A,D,N,33.816661,-118.10268
20011106,845,2,BROADWAY,CEDAR,Y,B,0,0,0,2,A,C,8,M,B,C,A,H,A,A,Y,40.621041,-73.719249
20011106,1310,2,LINCOLN,E CURB ST AV,N,A,2,0,1,2,D,-,0,N,G,B,A,H,A,D,N,33.767557,-118.193739
20011106,1350,2,REDONDO AV,14,N,A,0,0,0,4,A,C,3,N,C,C,A,D,A,D,N,33.76154,-118.15233
20011106,1420,2,RT 47,NEW DOCK,N,A,0,0,0,2,A,C,7,N,C,C,A,H,A,D,N,,
20011106,1511,2,W 4,E MAINE,N,A,0,0,0,1,A,C,3,N,E,I,A,H,A,D,N,33.76154,-118.20062
20011106,1529,2,OCEAN BL,REDONDO AV,Y,A,4,0,2,2,A,C,9,N,D,C,A,H,A,A,N,33.760988,-118.152656
20011106,1730,2,CARSON,SHOPPING CNTR,N,A,0,0,0,2,A,-,0,N,B,C,A,H,C,D,N,33.846378,-118.159262
20011106,1740,2,RT 405,ATLANTIC AV OC,N,B,0,0,0,2,A,C,3,N,C,C,A,H,A,D,N,33.846378,-118.159262
20011106,1805,2,RT 405,ATLANTIC AV OC,N,B,0,0,0,2,A,C,3,N,C,C,A,H,C,D,N,33.77005,-118.193739
20011106,1816,2,PACIFC CST HWY,ATLANTIC AV,Y,B,0,0,0,3,D,-,0,N,A,C,A,H,C,A,N,33.789867,-118.185018
20011106,2015,2,CHERRY AV,CARSON,N,A,4,0,2,2,A,C,3,N,C,C,A,H,C,D,N,33.83243,-118.167628
20011107,615,3,RT 405,REDONDO AV,N,A,0,0,0,3,A,C,3,N,B,C,A,H,A,D,N,33.78576,-118.152415
20011107,745,3,RT 710,GREENLEAF AV,N,B,0,0,0,3,A,C,3,M,C,C,A,H,A,D,N,33.78576,-118.152415
20011107,806,3,7,CAMPUS DR,N,B,0,0,0,2,A,C,7,M,B,C,A,H,A,A,N,33.775231,-118.11529
20011107,815,3,RT 710,GREENLEAF,N,A,0,0,0,2,A,C,3,N,C,C,A,H,A,D,N,33.77005,-118.193739
20011107,1109,3,SAN FRANCISCO AV,PACIFC CST HWYSERV,N,A,0,0,0,2,-,-,0,N,B,C,A,H,A,D,N,33.775231,-118.11529
20011107,1240,3,BURNETT,PINE AV,N,A,0,0,0,1,A,C,8,M,E,I,A,H,A,D,N,33.800748,-118.19256
20011107,1333,3,ANAHEIM,DAISY,N,A,4,0,1,2,A,C,21,F,G,B,A,H,A,D,N,33.782608,-118.19938
20011107,1430,3,LOS COYOTES DR,TERRAINE AV,Y,A,3,0,2,2,A,C,9,N,D,C,A,H,A,D,N,33.801396,-118.127635
20011107,1432,3,PACIFC CST HWY,HARBOR AV,N,A,0,0,0,1,D,-,0,N,F,A,A,H,A,D,N,33.789825,-118.210498
20011107,1450,3,RT 405,CHERRY AV,N,A,4,0,1,3,A,C,3,N,C,C,A,H,A,D,N,33.82317,-118.167726
20011107,1500,3,RT 710 SBTRN,ATLANTIC AV,N,A,0,0,0,2,A,C,7,M,B,C,A,H,A,D,N,39.576654,-74.226897
20011107,1540,3,RT 405,SANTA FE AV,N,A,0,0,0,2,A,C,3,N,C,C,A,H,A,D,N,33.807295,-118.215507
20011107,1610,3,ANAHEIM,LONG BCH BL,N,A,4,0,1,2,A,C,9,N,H,G,A,H,A,D,N,33.782605,-118.189258
20011107,1720,3,RT 91,CHERRY AV,N,A,0,0,0,2,A,C,3,N,C,C,A,H,B,D,N,33.876334,-118.167205
20011107,1743,3,BELLFLOWER BL,LOS COYOTES DIAG,Y,A,0,0,0,2,A,C,7,M,B,C,A,H,B,A,N,33.802141,-118.125195
20011107,1800,3,RT 710,ARTESIA BL,N,A,0,0,0,2,A,C,3,N,C,C,A,H,C,D,N,33.873075,-118.068043
20011107,2030,3,RT 405,REDONDO AV,N,A,0,0,0,1,A,C,1,N,E,I,A,H,C,D,Y,33.78576,-118.152415
20011107,2224,3,4,CERRITOS AV,N,A,2,0,1,2,A,C,11,N,G,B,A,H,C,D,N,33.765938,-118.179127
20011108,610,4,RT 710 NBTRN,WHG BCH BL,N,B,0,0,0,1,A,C,1,N,E,I,A,H,B,D,Y,33.876334,-118.167205
20011108,615,4,COLORADO,OBISPO,N,E,0,0,0,2,A,C,21,M,C,C,A,-,A,D,N,33.769889,-118.154604
20011108,730,4,70,ORIZABA,N,A,3,0,3,2,A,C,9,N,D,C,A,H,A,D,N,33.881971,-118.157364
20011108,740,4,RT 405,WOODRUFF,N,A,4,0,1,2,A,C,3,N,C,C,A,H,A,D,N,33.77005,-118.193739
20011108,819,4,RT 405,TEMPLE AV,N,A,0,0,0,2,A,C,3,N,C,C,A,H,A,D,N,34.145957,-118.417898
20011108,830,4,WALNUT AV,10,N,A,0,0,0,2,A,C,8,N,B,E,A,H,A,D,N,33.778973,-118.17199
20011108,840,4,RT 710,GREENLEAF AV,N,B,4,0,2,4,C,-,18,N,C,C,A,H,A,D,N,33.881375,-118.200583
20011108,845,4,RT 710,WARDLOW RD,N,A,0,0,0,2,A,C,3,N,C,C,A,H,A,D,N,33.818749,-118.130842
20011108,930,4,RT 710,DEL AMO BL,N,B,0,0,0,3,A,C,3,M,C,C,A,H,A,D,N,33.847073,-118.13081
20011108,935,4,ANAHEIM,HARBOR AV,Y,A,0,0,0,3,D,-,0,N,C,C,A,H,A,A,N,33.881971,-118.157364
20011108,940,4,RT 710 NBTRN,RT 405,N,A,0,0,0,2,A,C,3,N,C,C,A,H,A,D,N,33.77005,-118.193739
20011108,1000,4,RT 91,CHERRY AV,N,A,0,0,0,1,C,-,18,N,E,J,A,H,A,D,N,33.876334,-118.167205
20011108,1008,4,RT 710,ARTESIA BL,N,B,0,0,0,2,A,C,3,N,C,C,A,H,A,D,N,33.873075,-118.068043
20011108,1030,4,RT 710,LONG BCH BL,N,B,0,0,0,2,A,C,7,N,C,C,A,H,A,D,N,33.77005,-118.193739
20011108,1130,4,RT 405,SPRING,N,A,0,0,0,3,A,C,3,N,C,C,A,H,A,D,N,33.77005,-118.193739
20011108,1700,4,PACIFC CST HWY,CEDAR AV,Y,A,4,0,2,2,A,C,9,N,D,C,A,H,B,A,N,33.789861,-118.195099
20011108,1724,4,JUNIPERO,11,N,A,0,0,0,2,-,-,0,M,B,C,A,H,C,D,N,33.780747,-118.163302
20011108,1742,4,PACIFC CST HWY,OBISPO,Y,A,0,0,0,2,A,C,9,N,D,C,A,H,B,A,N,33.789856,-118.154575
20011108,1821,4,PACIFC CST HWY,STUDEBAKER RD,N,A,0,0,0,2,A,C,3,N,C,C,-,H,C,A,N,33.753819,-118.10723
20011109,5,5,2,ST JOSEPH,N,A,0,0,0,2,A,C,1,N,B,E,A,H,C,A,Y,33.761358,-118.137289
20011109,630,5,RT 405,ATLANTIC AV,N,E,3,0,1,2,A,C,7,N,E,I,B,H,A,D,N,39.576654,-74.226897
20011109,744,5,LONG BCH BL,HILL,Y,A,0,0,0,2,-,-,0,N,B,D,A,H,A,D,N,33.797119,-118.189269
20011109,758,5,PACIFC CST HWY,LIME,Y,A,0,0,0,2,A,C,9,N,D,C,A,H,A,D,N,33.797119,-118.189269
20011109,830,5,CHERRY AV,WARDLOW RD,N,A,0,0,0,2,A,C,3,N,C,C,A,H,A,A,N,33.81892,-118.167686
20011109,1013,5,PALO VERDE,SPRING,Y,A,0,0,0,2,A,C,9,N,H,G,A,H,A,A,N,33.810426,-118.107869
20011109,1019,5,LOS COYOTES DGNL,XIMENO,Y,A,0,0,0,2,-,-,0,N,B,C,A,H,A,A,N,33.810426,-118.107869
20011109,1120,5,BELLFLOWER BL,23,N,A,0,0,0,2,A,C,3,N,C,C,A,H,A,A,N,33.799024,-118.125198
20011109,1150,5,RT 605,WARDLOW RD,N,A,1,1,1,2,A,C,8,N,B,C,A,H,A,D,N,33.818749,-118.130842
20011109,1320,5,ATLANTIC AV,56,N,A,0,0,0,2,A,C,7,N,B,C,A,H,A,A,N,33.767421,-118.18503
20011109,1337,5,ANAHIEM,ROSWELL AV,Y,A,0,0,0,2,-,-,0,N,H,G,A,H,A,A,N,33.782599,-118.143737
20011109,1351,5,ARTESIA BL,ATLANTIC AV,Y,A,4,0,1,1,A,C,8,N,E,I,A,H,A,D,N,33.874312,-118.186089
20011109,1400,5,ANAHEIM,PACIFIC AV,Y,A,0,0,0,2,A,C,9,N,D,C,A,H,A,A,N,33.782594,-118.193733
20011109,1420,5,RT 405,PACIFIC AV,N,A,4,0,1,3,A,C,7,F,B,C,A,H,A,D,N,46.356782,-124.054189
20011109,1701,5,ATLANTIC AV,MEMORIAL MED CNTR,Y,A,4,0,2,2,A,C,9,N,D,C,A,H,B,A,N,33.782594,-118.193733
20011109,1704,5,OLIVE,11,Y,A,0,0,0,2,A,C,9,N,D,C,A,H,A,A,N,33.77005,-118.193739
20011109,1722,5,REDONDO,WILLOW,N,A,3,0,1,2,A,C,9,N,D,C,A,H,B,D,Y,33.804499,-118.151349
20011109,1843,5,SPRING,SNOWDEN,Y,A,4,0,1,2,A,C,9,N,D,C,A,H,C,A,N,33.810539,-118.111773
20011109,1900,5,ATLANTIC AV,6,Y,B,4,0,1,2,A,C,12,N,D,C,A,H,C,A,N,33.774145,-118.185047
20011109,1950,5,69,ORCUTT AV,N,A,0,0,0,2,A,C,21,M,H,E,A,H,C,D,N,33.774145,-118.185047
20011109,2030,5,RT 710,WILLOW,N,A,0,0,0,1,A,C,8,N,E,I,A,D,D,D,N,33.77005,-118.193739
20011109,2057,5,ATLANTIC,COOLIDGE,N,A,3,0,1,2,D,-,0,N,H,G,A,H,C,D,N,33.879316,-118.202704
20011109,2200,5,ELM AV,WILLOW,N,A,0,0,0,2,A,C,21,M,B,E,A,H,C,D,N,,
20011109,2500,5,PACIFIC PL NBTRN,RT 405,N,A,0,0,0,1,A,C,8,M,E,I,A,H,C,D,N,33.77005,-118.193739
20011110,125,6,14,ATLANTIC AV,N,A,0,0,0,2,A,C,1,N,A,E,A,H,C,D,Y,33.818749,-118.130842
20011110,130,6,ANAHEIM,LONG BCH BL,Y,A,4,0,1,2,A,-,0,F,G,B,A,H,C,A,N,33.782605,-118.189258
20011110,517,6,1,ORIZABA,N,B,0,0,0,2,A,C,8,M,A,E,A,H,C,D,N,33.782605,-118.189258
20011110,551,6,PINE AV,PACIFC CST HWY,N,A,0,0,0,2,A,C,1,N,C,E,A,H,B,D,Y,33.78985,-118.19239
20011110,850,6,CARSON,RT 605 NBOFF/R,Y,B,0,0,0,2,A,C,12,N,D,C,A,H,A,A,N,33.789847,-118.184845
20011110,900,6,10,STANLEY,Y,A,0,0,0,2,A,C,9,N,D,C,A,H,A,D,N,33.778973,-118.162226
20011110,1021,6,ANAHEIM,ST LOUIS AV,N,B,0,0,0,2,A,C,1,M,B,E,A,H,A,D,Y,33.782603,-118.166577
20011110,1054,6,PACIFC CST HWY,PACIFIC AV,N,B,3,0,2,3,A,C,4,F,C,C,A,H,A,D,N,46.356782,-124.054189
20011110,1056,6,CHERRY AV,PACIFC CST HWY,N,A,0,0,0,2,D,-,0,N,B,C,A,H,A,A,N,33.789861,-118.167643
20011110,1146,6,MLK JR AV,7,Y,A,0,0,0,2,A,C,9,N,B,D,A,H,A,A,N,33.789861,-118.180686
20011110,1222,6,CLARK AV,ARBOR,Y,A,4,0,2,3,A,C,3,N,C,C,A,H,A,D,N,33.843048,-118.1338
20011110,1454,6,CHERRY AV,WARDLOW RD,N,A,0,0,0,2,A,C,3,N,C,C,A,H,A,D,N,33.81892,-118.167686
20011110,1515,6,LONG BCH BL,ANAHEIM,N,A,0,0,0,2,A,C,7,M,B,C,A,H,A,A,N,33.782605,-118.189258
20011110,1846,6,LONG BCH BL,LOUISE,N,A,0,0,0,2,-,-,0,N,B,C,A,H,C,D,N,33.855084,-118.196971
20011110,1930,6,ATLANTIC,21,Y,A,0,0,0,2,A,C,1,M,B,C,A,H,C,A,Y,33.795305,-118.185025
20011110,2222,6,NEWPORT AV,E 4,N,A,0,0,0,2,A,C,8,M,B,E,A,H,C,D,N,33.855084,-118.196971
20011111,15,7,RT 405,ATLANTIC AV,N,A,4,0,1,1,A,C,8,N,E,I,A,H,C,D,N,39.576654,-74.226897
20011111,53,7,BROADWAY,6  BOFF/R,N,C,3,0,2,1,A,C,3,N,E,I,B,H,C,D,Y,33.771704,-118.151328
20011111,735,7,XIMENO AV,11,Y,B,0,0,0,2,A,C,9,N,D,C,B,H,A,A,N,33.758513,-118.143416
20011111,815,7,TERMINO AV,8,Y,B,0,0,0,2,A,C,12,N,D,C,B,H,A,A,N,33.777162,-118.145887
20011111,900,7,BELLFLOWER,WILLOW,Y,B,0,0,0,4,A,C,3,N,C,C,A,E,A,A,N,33.803355,-118.125361
20011111,900,7,RT 91 SBTRN,RT 710,N,C,0,0,0,1,A,C,3,N,E,I,B,H,A,D,N,33.77005,-118.193739
20011111,900,7,XIMENO AV,8,Y,B,4,0,2,4,A,C,9,N,D,C,B,H,A,A,N,33.777162,-118.145887
20011111,947,7,2,MARINA DR,Y,B,3,0,2,2,A,C,11,N,G,B,A,G,A,A,N,33.757647,-118.113255
20011111,1005,7,RT 710 SBTRN,RT 405,N,B,4,0,1,1,A,C,3,N,E,I,B,H,A,D,N,33.77005,-118.193739
20011111,1154,7,ATLANTIC AV,N OCEAN,N,B,0,0,0,2,A,C,7,N,B,C,B,H,A,A,N,,-118.185056
20011111,1200,7,BELLFLOWER BL,PARKCREST,Y,B,3,0,1,2,A,C,9,N,D,C,B,H,A,D,N,33.830305,-118.125102
20011111,1553,7,ALY N,29,Y,A,0,0,0,1,D,-,0,M,E,I,A,H,A,D,N,33.830305,-118.125102
20011111,1640,7,7,EUCLID,N,A,0,0,0,2,A,C,8,M,B,C,A,H,A,A,N,33.775336,-118.149164
20011111,1701,7,PACIFC CST HWY,STUDEBAKER,N,A,4,0,1,3,A,C,4,N,C,C,A,H,B,D,N,33.753819,-118.10723
20011111,1715,7,BELLFLOWER,DELAMO,N,A,0,0,0,2,A,C,4,M,C,C,A,H,C,D,Y,33.847052,-118.12516
20011111,1752,7,STEARN AV,MIRA MAR AV,N,A,0,0,0,3,A,C,8,N,B,C,A,H,C,D,N,33.796084,-118.146193
20011111,1757,7,10,LINDEN AV,N,A,4,0,1,2,A,C,23,N,G,B,A,H,C,D,Y,33.847052,-118.12516
20011111,1817,7,ANAHEIM,ATLANTIC AV,Y,A,4,0,1,2,A,C,12,F,D,C,A,H,C,A,N,33.782609,-118.185034
20011111,1819,7,ATLANTIC AV,DEL AMO BL,N,A,0,0,0,2,A,C,3,M,C,C,A,H,C,A,N,33.845292,-118.18488
20011111,2108,7,ALAMITOS,15,Y,A,0,0,0,2,A,C,9,N,D,C,A,H,C,D,N,33.845292,-118.176847
20011111,2331,7,10,ATLANTIC,N,A,0,0,0,1,A,C,13,M,E,I,A,H,C,D,N,33.778973,-118.185038
20011112,712,1,BELLFLOWER BL,SPRING,Y,A,4,0,1,2,-,-,0,N,D,C,A,H,A,A,N,33.810596,-118.12536
20011112,730,1,WILLOW,EASY AV,Y,A,4,0,1,2,A,C,1,N,D,C,A,H,A,A,N,33.804427,-118.210009
20011112,820,1,WILLOW,PALO VERDE,Y,A,4,0,2,3,A,C,12,N,D,C,A,H,A,A,N,33.803149,-118.107912
20011112,832,1,PACIFC CST HWY,OLIVE AV,N,B,0,0,0,2,A,C,8,M,B,E,A,H,A,D,N,33.789854,-118.182857
20011112,835,1,DAWSON AV,10,N,A,0,0,0,2,A,C,8,M,B,C,A,H,A,D,N,33.789854,-118.182857
20011112,1150,1,ALAMITOS AV,OCEAN BL,N,-,3,0,1,2,-,-,0,N,G,B,-,-,-,-,N,33.766221,-118.183133
20011112,1224,1,LONG BCH BL,MARKET,Y,A,3,0,1,2,A,C,10,N,G,B,A,H,A,A,N,33.854284,-118.196533
20011112,1333,1,19,ALY CEDAR,Y,B,4,0,1,2,A,C,11,N,G,B,A,H,A,D,N,33.854284,-118.196533
20011112,1425,1,SOUTH,CALIFORNIA,Y,B,4,0,1,2,A,C,4,N,C,C,A,H,A,D,N,33.791677,-118.195087