COLLISION_DATE,COLLISION_TIME,DAY_OF_WEEK,PRIMARY_RD,SECONDARY_RD,INTERSECTION,WEATHER_1,COLLISION_SEVERITY,NUMBER_KILLED,NUMBER_INJURED,PARTY_COUNT,PRIMARY_COLL_FACTOR,PCF_CODE_OF_VIOL,PCF_VIOL_CATEGORY,HIT_AND_RUN,TYPE_OF_COLLISION,MVIW,ROAD_SURFACE,ROAD_COND_1,LIGHTING,CONTROL_DEVICE,ALCOHOL_INVOLVED,LATITUDE,LONGITUDE
20011208,130,6,RT 710 NBTRN,RT 405,N,B,0,0,0,1,A,C,3,N,E,I,B,H,C,D,Y,33.77005,-118.193739
20011208,410,6,RT 91,RT 710,N,A,0,0,0,2,A,C,7,M,B,C,A,H,C,D,N,32.932282,-80.411644
20011208,530,6,RT 710,RT 405 OC,N,A,0,0,0,1,C,-,18,N,E,J,A,H,D,D,N,33.77005,-118.193739
20011208,654,6,PARAMOUNT BL,63,Y,A,0,0,0,2,A,C,5,N,H,G,A,H,B,D,N,33.869231,-118.159952
20011208,1117,6,4,ORIZABA,Y,A,0,0,0,2,D,-,0,N,D,C,A,H,A,D,N,33.771708,-118.156758
20011208,1120,6,RT 710,6,N,A,2,0,1,1,B,-,22,N,H,A,A,H,A,D,N,33.762173,-118.205115
20011208,1444,6,LONG BCH BL,SAN ANTONIO,N,A,0,0,0,2,A,C,4,M,C,C,A,H,A,D,N,33.834559,-118.189375
20011208,1500,6,FASHION AV,WILLOW,N,A,0,0,0,2,A,C,8,N,C,E,A,H,A,D,N,33.804427,-118.20892
20011208,1552,6,ANAHEIM,HARBOR AV,N,A,1,1,0,2,A,C,11,N,G,B,A,H,A,D,Y,33.78277,-118.210487
20011208,1636,6,ANAHEIM,FREEMAN AV,N,A,0,0,0,2,A,C,17,M,B,C,A,H,A,D,N,33.782596,-118.15565
20011208,1805,6,ATLANTIC AV,4,N,A,0,0,0,2,A,C,3,N,C,C,A,H,C,A,N,33.766508,-118.185029
20011208,1810,6,ANAHEIM,SANTA FE AV,Y,A,0,0,0,2,A,C,9,N,D,C,A,H,C,A,N,33.782806,-118.21549
20011208,1843,6,3,MOLINO AV,Y,A,0,0,0,2,A,C,9,N,D,C,A,H,C,D,N,33.763304,-118.161323
20011208,1910,6,SANTE FE AV,23,N,A,0,0,0,2,A,C,7,M,B,E,A,H,C,D,N,33.763304,-118.161323
20011208,1935,6,PINE,BROADWAY,N,A,0,0,0,2,A,C,17,N,B,C,A,H,C,A,N,40.62671,-73.714487
20011208,1955,6,PINE,BROADWAY,N,A,0,0,0,2,A,C,1,M,B,C,A,H,C,A,Y,40.62671,-73.714487
20011208,2230,6,OCEAN BL,ALAMITOS,Y,A,0,0,0,2,A,C,3,M,C,C,A,H,C,A,N,33.766221,-118.183133
20011209,19,7,CHERRY AV,ANAHEIM,N,A,0,0,0,2,A,C,3,M,C,C,A,H,C,D,N,33.782604,-118.167652
20011209,117,7,SANTA FE,WARNOCK,Y,A,4,0,1,2,A,C,12,F,D,C,A,H,C,A,N,33.782604,-118.215939
20011209,930,7,BROADWAY,NEWPORT AV,Y,A,4,0,2,2,A,C,9,N,D,C,A,H,A,D,N,33.764453,-118.151341
20011209,935,7,RT 91,RT 710,N,A,0,0,0,2,A,C,7,M,B,C,A,H,A,D,N,32.932282,-80.411644
20011209,1000,7,BROADWAY,MIRA MAR,N,A,0,0,0,2,A,C,9,N,D,C,A,H,A,-,N,33.76445,-118.146978
20011209,1100,7,SHORELINE VLG DR,S SHORELINE DR,N,A,0,0,0,2,A,C,8,N,D,C,A,H,A,D,N,33.76445,-118.146978
20011209,1332,7,CLARK AV,ARBOR,N,A,4,0,1,3,A,C,4,N,C,C,A,H,A,D,N,33.843048,-118.1338
20011209,1344,7,CEDAR AV,19,Y,A,0,0,0,2,A,C,12,N,D,C,A,H,A,D,N,39.7399,-74.120604
20011209,1408,7,SANTA FE AV,19,Y,A,3,0,1,2,A,C,21,F,H,G,A,H,A,D,N,,
20011209,1430,7,ORANGE AV,10,N,-,0,0,0,2,D,-,0,M,H,C,-,-,-,-,N,33.765882,-118.177301
20011209,1545,7,E 8,GAVIOTA AV,N,A,0,0,0,2,A,C,1,M,B,E,A,H,A,D,Y,,-118.170905
20011209,1602,7,SANTA FE AV,WILLOW,Y,B,0,0,0,3,A,C,3,N,C,C,A,H,A,A,N,33.804314,-118.215382
20011209,1621,7,CHERRY AV,DEL AMO BL,N,A,0,0,0,2,A,C,3,N,C,C,A,H,A,D,N,33.846859,-118.167613
20011209,1922,7,CARSON,LB TOWNE CNTR RD,Y,A,4,0,2,2,A,C,0,N,D,C,A,H,C,A,N,33.846859,-118.167613
20011209,2037,7,SOUTH,ATLANTIC,N,C,0,0,0,1,A,C,7,N,E,I,B,H,C,D,N,33.860074,-118.184923
20011209,2100,7,RT 710,LONG BCH BL OC,N,C,3,0,2,1,A,C,1,N,E,I,B,H,C,D,Y,33.77005,-118.193739
20011209,2125,7,RT 710,ATLANTIC AV,N,B,0,0,0,2,A,C,7,N,B,C,B,H,C,D,N,39.576654,-74.226897
20011209,2129,7,GAVIOTA,ARTESIA,N,A,4,0,1,3,A,C,1,N,A,C,B,H,C,D,Y,33.874706,-118.17195
20011209,2315,7,RT 91 EBOFF/R,LONG BCH BL,N,A,0,0,0,1,A,C,3,N,E,I,B,H,C,D,N,33.77005,-118.193739
20011209,2500,7,RT 710,RT 91,N,A,0,0,0,1,A,C,7,M,E,J,A,H,A,D,N,33.77005,-118.193739
20011210,30,1,DEL AMO,ATLANTIC,Y,A,4,0,1,2,A,C,1,F,D,C,B,H,C,A,Y,33.845292,-118.18488
20011210,148,1,SOUTH,PARAMOUNT,N,A,3,0,1,6,A,C,3,N,B,C,A,H,C,D,Y,33.860173,-118.159853
20011210,229,1,LONG BCH BL,37,N,B,3,0,1,1,A,C,1,M,E,I,A,H,C,D,Y,33.767677,-118.189797
20011210,600,1,RT 405,SANTA FE AV,N,A,0,0,0,2,A,C,7,N,B,C,A,H,B,D,N,33.807295,-118.215507
20011210,700,1,7,ALAMITOS AV,N,A,0,0,0,2,A,C,21,N,H,D,A,H,A,A,N,33.782608,-118.177967
20011210,720,1,RT 91,RT 710,N,B,0,0,0,2,A,C,3,N,C,C,A,H,A,D,N,32.932282,-80.411644
20011210,725,1,RT 405,WALNUT,N,A,0,0,0,3,A,C,3,N,C,C,A,H,A,D,N,33.77005,-118.193739
20011210,744,1,RT 91 WBTRN,ATLANTIC AV,N,A,0,0,0,2,A,C,7,N,B,C,A,H,A,D,N,39.576654,-74.226897
20011210,812,1,BUTLER AV,MARKER LN,Y,A,4,0,2,2,A,C,9,F,D,C,A,H,A,D,N,33.775362,-118.180171
20011210,825,1,MAGNOLIA AV,LOMA VISTA DR,Y,A,4,0,2,2,A,C,1,N,D,C,A,H,A,A,Y,33.767677,-118.189797
20011210,1030,1,3,DAISY AV,N,A,0,0,0,2,A,C,8,N,B,C,A,H,A,A,N,33.783581,-118.199634
20011210,1150,1,HAYES AV,COWLES,N,A,3,0,1,2,A,C,9,N,D,C,A,H,A,A,N,33.78465,-118.218727
20011210,1235,1,LONG BCH BL,N DEL AMO BL,N,B,4,0,1,3,A,C,7,N,C,C,A,H,A,A,N,33.78465,-118.218727
20011210,1245,1,WARDLOW RD,SANTA FE AV,N,B,0,0,0,2,-,-,0,N,D,C,A,H,A,A,N,33.824282,-118.215517
20011210,1523,1,PACIFC CST HWY,SANTA FE AV,Y,A,0,0,0,2,A,C,7,M,B,C,A,H,A,D,N,33.7898,-118.215409
20011210,1534,1,WILLOW,GRAND AV,N,A,4,0,1,2,A,C,4,N,C,C,A,H,A,A,N,33.804032,-118.147929
20011210,1545,1,RT 710,PACIFC CST HWY,N,A,0,0,0,2,A,C,3,N,C,C,A,D,A,D,N,33.77005,-118.193739
20011210,1550,1,CLARK AV,CARSON,Y,A,0,0,0,2,A,C,8,N,B,C,A,H,A,A,N,33.832368,-118.133854
20011210,1701,1,PACIFC CST HWY,PINE AV,Y,A,0,0,0,2,A,C,9,N,D,C,A,H,A,A,N,33.78985,-118.19239
20011210,1705,1,ANAHEIM,ALAMITOS,N,A,0,0,0,2,A,C,3,N,C,C,A,H,C,A,N,33.782608,-118.177967
20011210,1715,1,TRAFFIC CIR,LCD,Y,A,0,0,0,2,A,C,8,M,B,C,A,H,A,D,N,33.782608,-118.177967
20011210,1740,1,CARSON,RT 605,N,A,0,0,0,2,A,C,3,N,C,C,A,H,C,A,N,33.831761,-118.184845
20011210,1849,1,REDONDO AV,SPRING,N,B,3,0,1,2,A,C,3,N,C,C,A,H,C,D,N,33.810562,-118.151326
20011210,1921,1,PACIFC CST HWY,WALNUT AV,Y,A,0,0,0,1,-,-,0,N,E,I,A,H,C,A,N,33.789858,-118.171987
20011210,1922,1,BROADWAY,TEMPLE AV,N,A,0,0,0,3,A,C,1,N,B,E,A,H,C,D,Y,33.765505,-118.158946
20011210,2015,1,13 PL,OCEAN BL,Y,A,0,0,0,2,A,C,1,M,C,C,A,H,C,A,Y,33.764784,-118.170651
20011210,2228,1,OCEAN BL,W TERMINO AV,N,A,0,0,0,2,A,C,8,N,B,C,A,H,C,A,N,33.75983,-118.145919
20011210,2330,1,ANAHEIM,ALAMITOS,Y,A,3,0,2,2,A,C,1,N,C,C,A,H,C,A,Y,33.782608,-118.177967
20011211,30,2,PACIFC CST HWY,GRAND,N,A,0,0,0,2,A,C,3,N,C,C,A,H,C,D,N,33.789852,-118.148062
20011211,615,2,RT 710,RT 405 OC,N,A,0,0,0,2,C,-,18,N,H,C,A,H,B,D,N,33.77005,-118.193739
20011211,756,2,CLARK,WARDLOW,Y,A,4,0,2,2,A,C,12,N,D,C,A,H,A,A,N,33.818865,-118.133951
20011211,759,2,RT 47,UNION OC,N,A,0,0,0,1,A,C,3,N,E,I,-,-,A,D,N,33.818865,-118.133951
20011211,930,2,RT 710,UNION PACIFIC RR,N,A,0,0,0,3,A,C,3,N,C,C,A,H,A,D,N,33.77005,-118.193739
20011211,1015,2,RT 710,RT 91,N,A,0,0,0,2,A,C,7,M,B,C,A,H,A,D,N,33.77005,-118.193739
20011211,1225,2,LAKEWOOD BL,WILLOW,Y,A,4,0,7,2,D,-,0,N,D,C,A,D,A,A,N,33.803251,-118.142788
20011211,1230,2,ST JOSEPH AV,2,N,A,0,0,0,2,A,C,21,M,D,E,A,H,A,D,N,33.761358,-118.137289
20011211,1415,2,RT 710,WARDLOW AV,N,A,0,0,0,2,A,C,8,N,B,C,A,H,A,D,N,33.818749,-118.130842
20011211,1420,2,11,ORANGE AV,N,A,0,0,0,2,D,-,0,M,B,C,A,H,A,D,N,33.761358,-118.137289
20011211,1454,2,E 7,BELMONT,Y,A,0,0,0,3,A,C,3,N,C,C,A,H,A,D,N,33.765913,-118.177333
20011211,1455,2,7,BELMONT AV,Y,A,0,0,0,2,A,C,3,N,C,C,A,H,A,D,N,33.77533,-118.144843
20011211,1508,2,CHERRY AV,4,N,A,4,0,1,2,A,C,9,N,H,G,A,H,A,D,N,33.764511,-118.168402
20011211,1520,2,RT 710,PACIFC CST HWY,N,A,0,0,0,2,A,C,3,N,C,C,A,H,A,D,N,33.77005,-118.193739
20011211,1532,2,XIMENO,ANAHEIM,N,A,0,0,0,2,A,C,7,N,D,C,A,H,A,D,N,33.782595,-118.14153
20011211,1605,2,RT 91,ORANGE AV,N,A,0,0,0,3,A,C,3,N,C,C,A,H,B,D,N,33.850492,-117.875066
20011211,1607,2,PACIFC CST HWY,WESTMINSTER,N,A,0,0,0,1,D,-,0,N,E,I,A,H,A,D,N,33.758149,-118.111272
20011211,1630,2,LONG BCH BL,WILLOW,N,A,0,0,0,1,D,-,0,N,H,F,A,H,A,A,N,33.804424,-118.189443
20011211,1656,2,ORANGE AV,MARKET,Y,A,0,0,0,2,A,C,9,N,D,C,A,H,A,A,N,33.854348,-118.17725
20011211,1657,2,WARDLOW,LOS COYOTES DIAG,Y,A,3,0,1,2,A,C,9,N,D,C,A,H,B,A,N,33.818854,-118.109232
20011211,1745,2,RT 605,SPRING,N,A,0,0,0,2,A,C,8,N,E,I,A,H,D,D,N,33.77005,-118.193739
20011211,1800,2,WILTON,TERMINO,Y,A,0,0,0,2,A,C,12,N,D,C,A,H,C,A,N,33.787582,-118.145888
20011211,1921,2,ANAHEIM,DEFOREST,Y,A,0,0,0,1,A,C,1,M,E,I,A,H,C,D,Y,33.797523,-118.204228
20011211,2115,2,BROADWAY,GAVIOTA,N,A,0,0,0,2,A,C,7,N,B,C,A,H,C,D,N,33.767757,-118.171484
20011211,2216,2,7,MARGO AV,N,A,4,0,1,2,A,C,3,N,C,C,A,H,C,A,N,33.77506,-118.111726
20011211,2235,2,RT 605,CARSON,N,A,4,0,2,1,A,C,8,N,E,I,A,H,D,D,N,33.77005,-118.193739
20011212,531,3,LOS COYOTES DIAG,WARDLOW RD,Y,A,3,0,1,2,A,C,12,F,D,C,A,H,B,A,N,33.818854,-118.109232
20011212,900,3,RT 405 NBOFF/R,CHERRY AV,N,A,0,0,0,1,A,C,3,N,E,I,A,H,A,D,N,33.82317,-118.167726
20011212,945,3,RT 710,CARSON,N,A,0,0,0,2,A,C,7,N,B,C,A,H,A,D,N,33.77005,-118.193739
20011212,1206,3,BROADWAY,GAVIOTA AV,Y,A,3,0,2,2,A,C,9,N,A,C,A,H,A,D,N,33.767757,-118.171484
20011212,1512,3,ATLANTIC,21,N,A,0,0,0,2,A,C,8,M,B,C,A,H,A,D,N,33.795305,-118.185025
20011212,1600,3,FREEMAN AV,15,N,A,0,0,0,1,-,-,0,M,E,I,A,H,A,D,N,33.786224,-118.155666
20011212,1725,3,LOCUST AV,15,Y,A,4,0,1,2,A,C,12,F,G,B,A,H,C,A,N,33.786224,-118.191087
20011212,1740,3,WILLOW,PALO VERDE,Y,A,0,0,0,2,A,C,12,N,D,C,A,H,C,A,N,33.803149,-118.107912
20011212,1743,3,ALY N/E 20,WALNUT AV,N,A,3,0,1,2,A,C,21,N,H,E,A,H,D,D,N,,
20011212,1820,3,RT 91,CHERRY AV,N,A,0,0,0,2,A,C,3,N,C,C,A,H,C,D,N,33.876334,-118.167205
20011212,1830,3,RT 91,RT 710,N,A,0,0,0,2,A,C,4,N,C,C,A,H,D,D,N,32.932282,-80.411644
20011212,1900,3,ARBOR,PEARCE,Y,A,0,0,0,2,A,C,8,N,D,C,A,H,C,A,N,33.84304,-118.129883
20011212,1911,3,CARSON,CHERRY AV,N,A,0,0,0,2,A,C,9,N,D,C,A,H,C,A,N,33.83243,-118.167628
20011212,2010,3,RT 710,RT 405,N,A,3,0,2,1,A,C,3,N,E,I,A,H,C,D,N,33.77005,-118.193739
20011212,2345,3,7,XIMENO AV,N,A,0,0,0,1,D,-,0,M,E,J,A,H,C,D,N,33.77533,-118.141552
20011212,2500,3,W SPRING,SEABRIGHT AV,N,A,0,0,0,2,D,-,0,M,B,E,A,H,A,D,N,33.811684,-118.217671
20011213,233,4,3,W TERMINO,N,A,0,0,0,1,A,C,1,N,E,I,A,H,C,A,Y,,-118.145911
20011213,550,4,CHERRY AV,MARKET,Y,A,4,0,2,2,A,C,12,N,D,C,A,H,C,A,N,33.854386,-118.167805
20011213,700,4,RT 91,PARAMOUNT BL,N,A,0,0,0,2,A,C,3,N,C,C,A,H,A,D,N,33.876245,-118.162684
20011213,730,4,RT 710,WARDLOW RD,N,A,0,0,0,2,A,C,3,M,C,C,A,H,A,D,N,33.818749,-118.130842
20011213,736,4,2,ROSWELL,Y,A,0,0,0,2,A,C,12,M,D,C,A,H,A,D,N,33.762357,-118.143745
20011213,745,4,CARSON,CALIFORNIA,Y,A,3,0,3,3,A,C,9,N,D,C,A,H,A,A,N,33.832437,-118.180654
20011213,750,4,CLARK AV,AIRPORT PLZA DR,N,A,4,0,1,3,A,C,3,N,C,C,A,H,A,D,N,33.832437,-118.180654
20011213,752,4,3,DAISY,Y,A,0,0,0,2,A,C,8,M,D,C,A,H,A,A,N,33.770517,-118.199385
20011213,755,4,ANAHEIM,FREEMAN AV,Y,A,4,0,1,2,A,C,9,N,B,C,A,H,A,D,N,33.782596,-118.15565
20011213,801,4,ATLANTIC AV,4,N,A,0,0,0,2,A,C,9,N,D,C,A,H,A,A,N,33.766508,-118.185029
20011213,812,4,SPRING,RT 605,Y,A,4,0,1,2,A,C,12,N,D,C,A,H,A,A,N,33.811654,-118.199252
20011213,1015,4,RT 710,DEL AMO BL,N,A,0,0,0,3,A,C,8,M,D,C,A,H,A,D,N,33.847073,-118.13081
20011213,1025,4,RT 710,DEL AMO BL,N,A,0,0,0,2,A,C,7,N,B,C,A,H,A,D,N,33.847073,-118.13081
20011213,1122,4,6,ELM AV,Y,A,0,0,0,2,A,C,7,N,B,C,A,H,A,A,N,33.774145,-118.187666
20011213,1124,4,CLARK AV,WARDLOW RD,Y,A,4,0,2,2,A,C,12,N,D,C,A,H,A,A,N,33.818865,-118.133951
20011213,1325,4,OCEAN BL,HERMOSA,Y,A,3,0,1,2,A,C,6,N,G,B,A,H,A,D,N,33.764735,-118.170199
20011213,1350,4,ORANGE AV,CARTAGENA,N,A,0,0,0,2,A,C,1,M,C,C,A,H,A,A,Y,33.834094,-118.176301
20011213,1411,4,SPRING,SAN ANSELINE AV,Y,A,0,0,0,2,A,C,9,N,D,C,A,H,A,D,N,33.764735,-118.170199
20011213,1430,4,CLARK,LCD,Y,A,0,0,0,2,A,C,9,N,D,C,A,H,A,A,N,33.77005,-118.193739
20011213,1520,4,OCEAN BL,PINE AV,N,A,0,0,0,2,D,-,0,M,B,E,A,H,A,A,N,33.767096,-118.192407
20011213,1530,4,ATLANTIC AV,MARKET,Y,C,0,0,0,2,D,-,0,N,G,B,B,H,-,A,N,33.854324,-118.185004
20011213,1540,4,LIME AV,35,N,A,0,0,0,2,A,C,1,M,C,E,A,H,A,D,Y,33.768379,-118.183885
20011213,1545,4,RT 91,CHERRY AV,N,A,0,0,0,1,C,-,18,N,E,J,A,B,A,D,N,33.876334,-118.167205
20011213,1553,4,BELLFLOWER,ANAHEIM RD,Y,A,0,0,0,3,A,C,8,N,C,C,A,H,A,A,N,33.779493,-118.122421
20011213,1614,4,ALAMITOS AV,6,N,A,3,0,2,2,A,C,9,N,A,C,A,H,A,A,N,33.77405,-118.180614
20011213,1614,4,CLARK AV,ARBOR RD,N,A,0,0,0,3,A,C,3,N,C,C,A,H,A,D,N,33.843048,-118.1338
20011213,1630,4,7,NEBRASKA AV,Y,A,0,0,0,2,A,C,11,N,G,B,A,H,A,A,N,33.775354,-118.17364
20011213,1630,4,BROADWAY,BROADWAY 2035,N,A,0,0,0,2,A,C,7,M,B,E,A,H,B,A,N,34.009609,-118.278344
20011213,1707,4,BROADWAY,ATLANTIC BL,N,A,0,0,0,2,A,C,8,N,D,C,A,H,C,A,N,33.775354,-118.17364
20011213,1741,4,WARDLOW RD,MAGNOLIA AV,Y,A,4,0,1,2,A,C,9,N,D,C,A,H,C,A,N,33.818907,-118.198056
20011213,1745,4,RT 405,CHERRY AV,N,A,0,0,0,2,A,C,3,N,C,C,A,H,C,D,N,33.82317,-118.167726
20011213,1820,4,RT 405,SPRING,N,A,0,0,0,2,A,C,3,N,C,C,A,H,C,D,N,33.77005,-118.193739
20011213,1820,4,RT 405,CALIFORNIA AV,N,A,0,0,0,2,A,C,3,N,C,C,A,H,C,D,N,34.168501,-118.605754
20011213,1832,4,RT 710,DEL AMO BL,N,A,0,0,0,3,A,C,3,N,C,C,A,H,D,D,N,33.847073,-118.13081
20011213,1900,4,11,MIRA MAR AV,N,A,0,0,0,2,D,-,0,M,H,C,A,H,C,D,N,33.818907,-118.198056
20011213,1941,4,CEDAR AV,19,N,A,3,0,1,2,A,C,9,N,H,G,A,H,C,D,N,39.7399,-74.120604
20011213,2105,4,SANTE FE,23,N,A,4,0,1,2,A,C,11,N,G,B,A,H,C,A,N,33.798927,-118.21551
20011213,2344,4,MARKET,PACIFIC AV,N,A,0,0,0,1,A,C,1,N,E,I,A,H,C,D,Y,33.854273,-118.198484
20011214,14,5,4,LOMA AV,N,A,0,0,0,2,A,C,9,M,C,C,A,H,C,D,N,33.760981,-118.150785
20011214,130,5,BROADWAY,HERMOSA,N,A,4,0,1,2,D,-,0,F,G,B,A,H,C,D,N,33.76751,-118.169669
20011214,215,5,LONG BCH BL,ELLIS,N,A,3,0,1,3,A,C,1,N,C,C,A,H,D,D,Y,33.856735,-118.197467
20011214,638,5,CHERRY AV,CHERRY AV 6730,N,A,4,0,2,2,A,C,3,N,C,C,A,H,A,D,N,33.76751,-118.169669
20011214,735,5,DEL AMO,BRAYTON AV,Y,B,0,0,0,2,A,C,9,N,D,C,A,H,A,A,N,33.8469,-118.176024
20011214,740,5,RT 405,BELLFLOWER BL,N,B,0,0,0,2,A,C,7,M,B,C,A,H,A,D,N,33.769086,-118.120973
20011214,805,5,PALO VERDE AV,CONANT,N,B,0,0,0,3,A,C,3,N,C,C,A,H,A,D,N,33.8469,-118.176024
20011214,910,5,RT 710,ARTESIA BL,N,B,3,0,1,2,A,C,3,N,C,C,A,H,A,D,N,33.873075,-118.068043
20011214,1031,5,4,WALNUT AV,Y,B,3,0,1,2,A,C,9,N,D,C,B,H,A,A,N,33.771719,-118.172009
20011214,1103,5,STEARNS,CHARLEMAGNE AV,Y,B,0,0,0,3,A,C,4,N,C,C,B,H,A,D,N,33.796033,-118.131303
20011214,1215,5,ATHERTON,FANWOOD AV,Y,B,0,0,0,1,A,C,3,N,E,I,B,H,A,D,N,33.796033,-118.131303
20011214,1226,5,CHERRY,61,N,C,0,0,0,2,A,C,3,M,C,E,B,H,A,D,N,33.865585,-118.168651
20011214,1305,5,RT 710,LONG BCH BL,N,B,0,0,0,2,A,C,8,N,D,C,B,H,A,D,N,33.77005,-118.193739
20011214,1330,5,BROADWAY,MAGNOLIA AV,N,C,0,0,0,2,A,C,3,N,B,E,B,H,A,A,N,33.986332,-118.050298
20011214,1335,5,RT 710,GREENLEAF AV,N,C,4,0,1,1,A,C,3,N,F,A,B,H,A,D,N,33.881375,-118.200583
20011214,1349,5,E MOUNTAIN VIEW,CEDAR AV,N,A,0,0,0,2,-,-,0,M,B,E,A,H,A,D,N,33.986332,-118.050298
20011214,1415,5,RT 91,CHERRY AV,N,B,0,0,0,2,A,C,7,N,B,C,B,H,A,D,N,33.876334,-118.167205
20011214,1425,5,RT 405,LAKEWOOD BL,N,B,4,0,1,2,A,C,7,N,B,C,B,H,A,D,N,33.843075,-118.142426
20011214,1450,5,ATLANTIC AV,MARKET,N,B,4,0,1,3,A,C,3,M,C,C,B,H,A,D,N,33.854324,-118.185004
20011214,1452,5,HARDING,W JANICE,N,C,0,0,0,1,A,C,8,N,E,J,B,H,A,D,N,33.854324,-118.185004
20011214,1605,5,RT 91,ATLANTIC AV,N,A,0,0,0,2,A,C,3,N,C,C,A,H,A,D,N,33.874843,-118.193412
20011214,1638,5,ATLANTIC AV,67,Y,B,4,0,1,3,A,C,9,N,D,C,B,H,B,D,N,33.875734,-118.186191
20011214,1658,5,BROADWAY,TEMPLE,Y,B,0,0,0,2,D,-,0,N,A,C,B,H,B,A,N,33.765505,-118.158946
20011214,1730,5,HENDERSON AV,19,N,F,0,0,0,2,A,-,0,M,H,C,A,H,D,D,N,33.765505,-118.158946
20011214,1830,5,RT 91,SANTA FE AV,N,C,0,0,0,2,A,C,3,N,C,C,B,H,C,D,N,33.8733,-118.211331
20011214,1926,5,E 7,OLIVE AV,Y,B,0,0,0,2,A,C,8,M,D,C,A,H,C,D,N,33.79168,-118.197624
20011214,1955,5,GAVIOTA AV,7,N,A,4,0,1,2,-,-,0,N,G,B,A,H,C,A,N,33.765118,-118.171988
20011214,1955,5,MARKET,PINE,N,A,0,0,0,2,A,C,8,M,B,E,B,-,C,D,N,33.854294,-118.191741
20011214,2105,5,PARK AV,SHAW,Y,A,0,0,0,2,A,C,8,M,B,C,A,H,C,D,N,33.765118,-118.171988
20011214,2500,5,BELLFLOWER,STT UNIVERSITY DR,Y,B,4,0,1,2,A,C,4,N,C,C,B,H,A,B,N,33.763458,-118.137232
20011215,1,6,RT 405,WALNUT AV,N,A,4,0,2,3,A,C,3,N,C,C,A,H,C,D,N,33.811666,-118.171975
20011215,25,6,RT 405,PACIFIC AV,N,A,0,0,0,2,A,C,8,M,C,C,A,H,C,D,N,46.356782,-124.054189
20011215,137,6,ANAHEIM,MOLINO,N,A,0,0,0,2,A,C,8,M,B,E,A,H,C,D,N,33.78261,-118.161105
20011215,800,6,RT 405,WALNUT AV,N,A,0,0,0,1,A,C,7,N,E,I,A,H,A,D,N,33.811666,-118.171975
20011215,847,6,PALO VERDES,LOS COYOTES DIAG,N,A,0,0,0,2,D,-,0,N,B,C,A,H,A,D,N,33.820462,-118.107814
20011215,923,6,JUNIPERO AV,11,N,A,0,0,0,3,A,C,8,N,B,C,A,H,A,D,N,33.820462,-118.107814
20011215,931,6,7,ATLANTIC AV,Y,A,4,0,1,2,A,C,12,N,D,C,A,H,A,A,N,33.766564,-118.185066
20011215,1204,6,ANAHEIM,ALAMITOS,N,A,4,0,3,2,A,C,3,N,C,C,A,H,A,A,N,33.782608,-118.177967
20011215,1212,6,ANAHEIM RD,LOMA AV,Y,A,3,0,1,2,A,C,10,F,G,B,A,H,A,D,N,33.782608,-118.150236
20011215,1217,6,7,ULTIMO,Y,A,3,0,3,2,A,C,9,N,A,C,A,H,A,A,N,33.775368,-118.12417
20011215,1250,6,SHAW,E QUINCY,N,A,0,0,0,2,A,C,9,N,B,C,A,H,A,D,N,33.775368,-118.139398
20011215,1412,6,OBISPO AV,SPAULDING,Y,A,0,0,0,2,A,C,9,N,D,C,-,H,A,D,N,33.763456,-118.15458
20011215,1600,6,RT 710,PACIFC CST HWY,N,A,0,0,0,1,A,C,7,N,E,I,A,D,A,D,N,33.77005,-118.193739
20011215,1645,6,DOWNEY AV,ANDY,N,A,0,0,0,2,D,-,0,M,B,C,A,H,B,D,N,33.86201,-118.151213
20011215,1819,6,RT 405,STUDEBAKER RD,N,A,0,0,0,2,A,C,8,M,E,I,A,H,C,D,N,33.791446,-118.099621
20011215,1840,6,DOWNEY AV,SOUTH,N,A,4,0,1,3,A,-,0,N,B,C,A,H,C,D,N,33.860199,-118.151179
20011215,1845,6,ANAHEIM,MYRTLE,Y,A,0,0,0,2,A,C,1,N,A,C,A,H,C,D,Y,33.782598,-118.18176
20011215,1900,6,WARDLOW RD,E ELM AV,N,A,0,0,0,2,A,C,9,N,D,C,A,H,C,D,N,,
20011215,1910,6,RT 710,LONG BCH BL,N,A,3,0,1,1,A,C,8,N,E,I,A,H,D,D,N,33.77005,-118.193739
20011215,2145,6,RT 710,WILLOW,N,A,0,0,0,2,A,C,8,N,C,C,A,H,C,D,N,33.77005,-118.193739
20011215,2317,6,APPIAN WY,2,Y,A,0,0,0,1,A,C,7,N,E,I,A,H,C,A,N,33.818862,-118.187947
20011215,2328,6,PARAMOUNT,64,Y,A,0,0,0,2,A,C,9,N,C,C,A,H,C,D,N,33.755697,-118.117559
20011215,2359,6,RT 710 SBOFF/R,WILLOW,N,A,0,0,0,1,A,C,3,M,E,I,A,H,D,D,N,33.77005,-118.193739
20011216,140,7,PACIFC CST HWY,BELLFLOWER BL,Y,A,4,0,1,1,A,C,1,N,E,I,A,H,C,A,Y,33.774031,-118.121077