COLLISION_DATE,COLLISION_TIME,DAY_OF_WEEK,PRIMARY_RD,SECONDARY_RD,INTERSECTION,WEATHER_1,COLLISION_SEVERITY,NUMBER_KILLED,NUMBER_INJURED,PARTY_COUNT,PRIMARY_COLL_FACTOR,PCF_CODE_OF_VIOL,PCF_VIOL_CATEGORY,HIT_AND_RUN,TYPE_OF_COLLISION,MVIW,ROAD_SURFACE,ROAD_COND_1,LIGHTING,CONTROL_DEVICE,ALCOHOL_INVOLVED,LATITUDE,LONGITUDE
20011216,210,7,RT 405,WARDLOW AV,N,A,2,0,3,3,A,C,3,N,C,C,A,H,C,D,N,33.818749,-118.130842
20011216,211,7,RT 405,WARDLOW AV,N,A,0,0,0,2,A,C,3,N,D,C,A,H,C,D,N,33.818749,-118.130842
20011216,212,7,4,FREEMAN,N,A,0,0,0,3,A,C,8,M,C,E,A,H,C,D,N,33.878283,-118.155674
20011216,232,7,6  BOFF/R,RT 710,N,A,3,0,1,2,A,C,1,N,A,C,A,H,C,D,Y,33.77005,-118.193739
20011216,342,7,CHERRY,68,N,A,4,0,1,5,A,C,1,N,C,C,A,H,C,D,Y,33.878283,-118.168778
20011216,433,7,PACIFC CST HWY,CHESTNUT AV,Y,A,0,0,0,4,A,-,0,N,D,C,A,H,D,A,N,33.789861,-118.196387
20011216,453,7,1,ALAMITOS,N,A,0,0,0,4,A,C,8,M,C,E,A,H,C,D,N,33.789861,-118.196387
20011216,1148,7,REDONDO,TEMPLE,Y,A,4,0,1,3,A,C,12,N,D,C,A,H,A,A,N,33.77005,-118.193739
20011216,1252,7,CLARK,WARDLOW,Y,A,0,0,0,2,A,C,3,N,D,C,A,H,A,A,N,33.818865,-118.133951
20011216,1322,7,WARDLOW,NORWALK,N,A,0,0,0,2,-,-,0,N,D,C,A,H,A,D,N,33.817565,-118.071822
20011216,1420,7,CLARK AV,HARVEY WY,Y,A,0,0,0,2,A,C,8,N,D,C,A,H,A,A,N,33.836122,-118.133837
20011216,1500,7,RT 91,CHERRY AV UC,N,A,0,0,0,3,A,C,3,N,C,C,A,H,A,D,N,33.77005,-118.193739
20011216,1620,7,RT 91,CHERRY AV UC,N,A,4,0,1,2,A,C,7,N,B,C,A,H,A,D,N,33.77005,-118.193739
20011216,1639,7,ORANGE AV,55,Y,A,0,0,0,2,A,C,9,N,D,C,A,H,A,A,N,33.836122,-118.133837
20011216,1900,7,RT 405 SBOFF/R,BELLFLOWER BL,N,A,0,0,0,2,A,C,7,M,B,C,A,H,C,D,N,33.769086,-118.120973
20011216,1916,7,CHERRY AV,HARDING,Y,A,2,0,5,2,A,C,9,N,D,C,A,H,C,A,N,33.867402,-118.168659
20011216,2205,7,RT 710,DEL AMO BL,N,A,0,0,0,1,A,C,8,M,E,I,A,H,C,D,N,33.847073,-118.13081
20011217,830,1,PINE AV,3,N,A,3,0,1,2,A,C,11,N,G,B,A,H,A,A,N,33.77005,-118.193739
20011217,845,1,RT 405,WOODRUFF AV,N,A,3,0,2,2,A,C,7,N,B,C,A,H,A,D,N,33.813146,-118.115196
20011217,915,1,RT 103,SCHUYLER HEIM BR,N,A,4,0,1,1,A,C,3,N,E,I,A,D,A,D,N,33.77005,-118.193739
20011217,957,1,PICO AV,HARBOR PLZ,N,A,3,0,1,2,A,C,7,N,D,C,A,H,A,D,N,,
20011217,1015,1,3,ATLANTIC,Y,A,0,0,0,2,A,C,12,N,D,C,A,H,A,-,N,33.770501,-118.185045
20011217,1030,1,HARVEY WY,WHITEWOOD,Y,A,0,0,0,2,A,C,6,N,B,C,A,H,A,D,N,33.836126,-118.136073
20011217,1115,1,RT 710,RT 91,N,A,0,0,0,2,A,C,7,M,B,C,A,H,A,D,N,33.77005,-118.193739
20011217,1150,1,RT 710,CARSON,N,A,0,0,0,1,C,-,18,N,E,J,A,H,A,D,N,33.77005,-118.193739
20011217,1350,1,WILLOW,GRAND AV,Y,A,0,0,0,2,D,-,0,N,B,C,A,H,A,D,N,33.804032,-118.147929
20011217,1400,1,JUNIPERO,BERMUDA,N,A,0,0,0,2,A,C,9,M,B,C,A,H,A,D,N,33.769899,-118.164938
20011217,1500,1,RT 405,BELLFLOWER BL,N,A,0,0,0,2,A,C,3,N,C,C,A,H,A,D,N,33.769086,-118.120973
20011217,1520,1,RT 91,DOWNEY AV,N,A,0,0,0,2,A,C,3,N,C,C,A,H,A,D,N,33.87677,-118.153649
20011217,1525,1,RT 405,PACIFIC PL,N,A,4,0,1,5,A,C,3,N,C,C,A,H,A,D,N,33.769086,-118.120973
20011217,1615,1,ATLANTIC,64,N,A,0,0,0,3,A,C,3,N,C,C,A,H,A,D,N,33.767457,-118.18503
20011217,1623,1,LONG BCH BL,HILL,Y,A,0,0,0,2,A,C,12,N,A,C,A,H,A,A,N,33.797119,-118.189269
20011217,1646,1,BELLFLOWER BL,BRITTON DR,Y,A,0,0,0,2,A,C,4,N,C,C,A,H,B,A,N,33.793859,-118.125255
20011217,1720,1,BELLFLOWER BL,PACIFC CST HWY,Y,A,0,0,0,2,A,C,3,N,C,D,A,H,A,A,N,33.774031,-118.121077
20011217,1731,1,LONG BCH BL,68,Y,A,4,0,1,2,A,C,3,N,C,C,A,H,C,D,N,33.767686,-118.189283
20011217,1740,1,E 7,XIMENO AV,N,A,0,0,0,2,A,C,7,N,C,E,A,H,C,A,N,33.77533,-118.141552
20011217,1819,1,7,ULTIMO AV,N,A,0,0,0,2,A,C,4,N,C,C,A,H,C,A,N,33.775368,-118.12417
20011217,1906,1,MARSHAL PL,CHERRY AV,N,A,0,0,0,2,A,C,7,N,B,C,A,H,A,D,N,33.775368,-118.12417
20011218,34,2,GALE AV,25,N,A,3,0,1,4,A,C,7,N,C,C,A,H,C,D,N,33.778961,-118.200002
20011218,630,2,7,DAISY AV,N,A,4,0,1,3,A,C,3,N,C,C,A,H,A,D,N,33.775333,-118.199381
20011218,710,2,RT 605,SPRING OC,N,A,0,0,0,2,A,C,3,N,C,C,A,H,A,D,N,33.77005,-118.193739
20011218,734,2,BELLFLOWER,GATE 3,Y,B,0,0,0,2,A,C,8,N,A,C,B,H,A,D,N,33.886716,-118.12441
20011218,735,2,ATLANTIC AV,MARKET,Y,A,0,0,0,2,A,C,3,M,C,C,A,H,A,A,N,33.854324,-118.185004
20011218,830,2,REDONDO AV,STEARNS,Y,A,0,0,0,3,A,C,9,N,D,C,A,H,A,A,N,33.796109,-118.151429
20011218,900,2,RT 405,WOODRUFF AV,N,A,0,0,0,2,A,C,3,N,C,C,A,H,A,D,N,33.813146,-118.115196
20011218,1209,2,ANAHEIM BL,MLK AV,N,A,0,0,0,2,A,C,3,N,C,C,A,H,A,D,N,33.796109,-118.151429
20011218,1215,2,RT 710 SBON/R,PACIFC CST HWY,N,A,0,0,0,3,A,C,3,N,F,A,A,H,A,D,N,33.77005,-118.193739
20011218,1230,2,RT 405,CLARK AV,N,A,0,0,0,2,A,C,8,M,B,C,A,H,A,D,N,33.817379,-118.133749
20011218,1242,2,HARBOR PL,HARBOR PL 600 BLK,N,A,0,0,0,1,-,-,0,N,E,I,A,H,A,D,N,33.782609,-118.1807
20011218,1245,2,ATLANTIC AV,10,Y,A,0,0,0,2,A,C,12,N,D,C,A,H,A,A,N,33.766724,-118.184775
20011218,1300,2,DOWNEY AV,SOUTH,N,A,0,0,0,2,C,-,18,N,D,C,A,D,A,D,N,33.860199,-118.151179
20011218,1410,2,ARTESIA BL,OBISPO AV,Y,A,4,0,1,2,A,C,9,N,D,C,A,H,A,D,N,33.874658,-118.155641
20011218,1443,2,RT 710  BOFF/R,LONG BCH BL,Y,A,0,0,0,2,A,C,8,N,B,C,A,H,A,A,N,33.874658,-118.155641
20011218,1540,2,RT 710,WILLOW,N,A,4,0,1,3,A,C,3,N,C,C,A,H,A,D,N,33.77005,-118.193739
20011218,1555,2,CHERRY AV,BIXBY RD,N,A,0,0,0,2,A,C,7,N,B,C,A,H,A,A,N,33.77005,-118.193739
20011218,1600,2,BROADWAY,ELM AV,Y,A,0,0,0,2,A,C,8,N,B,C,A,H,A,A,N,40.625497,-73.716432
20011218,1604,2,BROADWAY,BENNETT,Y,A,0,0,0,2,A,C,9,N,D,C,A,H,A,A,N,40.625497,-73.716432
20011218,1649,2,ATLANTIC AV,9,N,A,0,0,0,2,A,C,3,N,C,C,A,H,A,D,N,33.766606,-118.185065
20011218,1730,2,RT 91,RT 710,N,A,0,0,0,2,A,C,7,M,C,C,A,H,D,D,N,32.932282,-80.411644
20011218,1745,2,RT 405 NBTRN,RT 405,N,A,0,0,0,3,A,C,3,N,C,C,A,H,C,D,N,33.77005,-118.193739
20011218,1757,2,CHERRY AV,WARDLOW,N,A,0,0,0,2,A,C,3,N,C,C,A,H,C,A,N,33.81892,-118.167686
20011218,2130,2,NYLIC CRT,10,N,A,0,0,0,2,A,C,1,M,D,E,A,A,D,D,Y,33.778961,-118.200002
20011218,2204,2,CARSON,CLARK AV,Y,A,0,0,0,2,A,C,12,N,A,C,A,H,C,A,N,33.832368,-118.133854
20011219,216,3,BROADWAY,HERMOSA,N,A,0,0,0,2,A,C,1,M,B,E,A,H,C,D,Y,33.76751,-118.169669
20011219,220,3,RT 405 SBOFF/R,LOS COYOTES DGNL,N,A,0,0,0,1,C,-,18,N,F,A,B,G,C,D,N,33.77005,-118.193739
20011219,640,3,STEARNS SERVICE RD,OCANA,N,A,4,0,1,2,A,C,5,N,H,G,A,H,B,D,N,33.77005,-118.193739
20011219,646,3,ORANGE AV,61,N,A,0,0,0,3,A,C,8,M,D,C,A,H,A,D,N,33.766695,-118.177179
20011219,700,3,DIVISION,POMONA,N,A,0,0,0,2,A,C,8,M,B,C,A,H,A,A,N,33.757192,-118.133263
20011219,710,3,SOUTH,PARAMOUNT BL,N,A,4,0,1,2,E,-,24,N,C,E,A,H,A,D,N,33.860173,-118.159853
20011219,730,3,RT 405,LA RV UC,N,A,0,0,0,2,A,C,3,N,C,C,A,H,A,D,N,33.77005,-118.193739
20011219,800,3,LOS COYOTES DIA,HEATHER AV,Y,A,4,0,1,2,A,C,9,N,D,C,A,H,A,D,N,33.860173,-118.159853
20011219,828,3,MARKET,WALNUT,N,A,0,0,0,3,A,C,9,N,D,C,A,H,A,D,N,33.854365,-118.17346
20011219,829,3,E BROADWAY,W PALOMA,N,A,3,0,1,2,A,C,8,N,B,C,A,H,A,D,N,33.764727,-118.155277
20011219,913,3,OCEAN BL,PICO AV,N,A,0,0,0,2,A,C,7,M,D,C,A,H,A,D,N,33.766499,-118.213296
20011219,930,3,CEDAR AV,HILL,N,A,0,0,0,2,A,C,8,M,D,C,A,H,A,D,N,33.766499,-118.213296
20011219,945,3,CHERRY AV,ROGERS,N,A,0,0,0,2,-,-,0,N,C,C,A,H,A,D,N,33.856975,-118.168615
20011219,1130,3,CHERRY,RT 91,Y,A,0,0,0,2,A,C,21,M,C,C,A,H,A,D,N,33.856975,-118.168615
20011219,1155,3,ANAHEIM,OBISPO AV,Y,A,4,0,1,2,A,C,9,N,D,C,A,H,A,A,N,33.782605,-118.15458
20011219,1309,3,6,DAISY AV,N,A,3,0,1,1,C,-,18,F,E,I,A,H,A,A,N,33.774131,-118.199383
20011219,1350,3,ATLANTIC AV,WILLOW,N,A,0,0,0,2,A,C,3,N,C,C,A,H,A,A,N,33.804328,-118.185023
20011219,1430,3,CHESTNUT,PACIFC CST HWY,N,A,0,0,0,2,-,-,0,N,H,C,A,H,A,D,N,33.804328,-118.185023
20011219,1540,3,CHERRY AV,ARTESIA BL,N,A,0,0,0,2,A,C,7,N,B,C,A,H,A,D,Y,33.8746,-118.16871
20011219,1545,3,RT 91,CHERRY AV,N,A,0,0,0,2,A,C,8,N,B,C,A,H,A,D,N,33.876334,-118.167205
20011219,1556,3,MARKET,LONG BCH BL,N,A,0,0,0,2,-,-,0,M,B,C,A,H,A,A,N,33.854284,-118.196533
20011219,1605,3,EASY AV,LIGHT POLE KD10828,N,A,0,0,0,2,A,C,17,M,B,C,A,H,B,D,N,33.854284,-118.196533
20011219,1615,3,10,WALNUT AV,N,A,0,0,0,2,A,C,17,N,B,C,A,H,A,D,N,33.778973,-118.17199
20011219,1703,3,SOUTH,GAVIOTA AV,Y,A,0,0,0,2,A,C,9,N,D,C,A,H,B,D,N,33.77005,-118.193739
20011219,1710,3,RT 405,CHERRY,N,A,0,0,0,3,A,C,3,M,C,C,A,H,C,D,N,33.77005,-118.193739
20011219,1828,3,2,LOS ALTOS PLZ,Y,A,0,0,0,2,A,C,3,N,C,C,A,H,C,A,N,33.860157,-117.665315
20011219,2008,3,OCEAN BL,HERMOSA,N,A,0,0,0,4,A,C,8,N,B,E,A,H,C,D,N,33.764735,-118.170199
20011219,2041,3,PACIFIC AV,3,Y,A,0,0,0,2,A,C,12,N,D,C,A,H,C,A,N,33.764735,-118.170199
20011219,2230,3,WALNUT AV,14,Y,A,0,0,0,2,A,C,21,N,C,C,A,H,C,D,N,33.784417,-118.171991
20011220,225,4,CHERRY AV,68,N,A,0,0,0,3,A,C,7,N,B,E,A,H,C,D,N,33.765032,-118.168294
20011220,825,4,RT 710,RT 405 OC,N,B,0,0,0,2,A,C,3,N,C,C,A,H,A,D,N,33.77005,-118.193739
20011220,828,4,7,WALNUT AV,N,A,4,0,1,2,A,C,10,N,G,B,A,H,A,A,N,33.775358,-118.172008
20011220,830,4,LONG BCH BL,ARTESIA BL,N,B,4,0,1,3,A,C,1,F,D,C,A,H,A,A,Y,33.874332,-118.202702
20011220,840,4,RT 710,WARDLOW RD OC,N,B,3,0,2,2,A,C,1,F,C,C,A,H,A,D,N,33.77005,-118.193739
20011220,845,4,RT 710 SBOFF/R,WILLOW,N,B,0,0,0,1,A,C,1,N,E,I,A,H,A,D,N,33.77005,-118.193739
20011220,908,4,RT 710,RT 405,N,A,4,0,4,4,A,C,3,N,C,C,A,H,A,D,N,33.77005,-118.193739
20011220,1004,4,FLORIDA,TILE AV,N,B,0,0,0,2,A,C,21,M,D,C,A,H,A,D,N,33.775358,-118.172008
20011220,1004,4,OCEAN BL,GATE 2,N,A,0,0,0,1,A,C,17,N,E,I,A,H,A,D,N,33.76607,-118.180447
20011220,1137,4,PACIFIC AV,5,N,A,0,0,0,2,A,C,21,N,H,C,A,H,A,A,N,33.76607,-118.180447
20011220,1227,4,PACIFC CST HWY,JUNIPERO AV,N,B,0,0,0,2,A,C,3,N,C,C,A,H,A,A,N,33.789856,-118.163304
20011220,1349,4,LINDEN AV,16,Y,B,0,0,0,2,A,C,1,N,D,C,A,H,A,A,Y,33.874332,-118.202702
20011220,1410,4,WARDLOW,PALO VERDE,N,A,3,0,1,2,A,C,9,N,B,C,A,H,A,A,N,33.818859,-118.107822
20011220,1447,4,8,NEWPORT AV,Y,A,0,0,0,2,A,C,9,N,D,C,A,H,A,D,N,33.818859,-118.107822
20011220,1648,4,WILLOW,REDONDO AV,N,A,0,0,0,3,A,C,3,N,B,E,A,H,B,D,N,33.804499,-118.151349
20011220,1716,4,59,LIME AV,Y,A,0,0,0,2,D,-,0,M,D,C,A,H,B,A,N,33.804499,-118.151349
20011220,1720,4,ATHERTON,STUDEBAKER,Y,A,4,0,1,2,A,C,9,N,A,C,A,H,C,A,N,33.788723,-118.099362
20011220,2041,4,CEDAR,14,Y,B,2,0,1,2,A,C,10,F,G,B,B,H,C,D,Y,33.783695,-118.195057
20011220,2045,4,RT 405,RT 710,N,C,0,0,0,2,A,C,3,N,C,C,B,H,C,D,N,46.462508,-95.646979
20011221,132,5,OLIVE,HILL,N,B,0,0,0,1,A,C,8,M,E,I,B,H,C,D,Y,46.462508,-95.646979
20011221,146,5,2,APPIAN WY,N,B,4,0,2,2,A,C,1,N,A,C,B,H,C,A,Y,33.755697,-118.117559
20011221,310,5,RT 91 NBTRN,RT 710,N,C,4,0,1,1,A,C,3,N,E,I,B,H,C,D,N,33.77005,-118.193739
20011221,510,5,RT 405,BELLFLOWER BL,N,B,0,0,0,1,A,C,8,N,E,I,B,H,C,D,N,33.769086,-118.120973
20011221,542,5,7  BON/R,RT 710,Y,C,0,0,0,1,A,C,3,N,E,I,B,H,B,D,N,32.318052,-90.212014
20011221,544,5,7,XIMENO AV,Y,B,0,0,0,2,A,C,12,N,D,C,B,H,C,A,N,33.77533,-118.141552
20011221,654,5,60,LEMON AV,Y,C,0,0,0,2,A,C,3,N,D,C,B,H,A,A,N,33.863723,-118.179173
20011221,730,5,WILLOW AV,PACIFIC AV,Y,C,4,0,1,2,A,C,12,N,A,C,B,G,A,A,N,33.863723,-118.179173
20011221,745,5,RT 405 SBTRN,BIXBY,N,B,0,0,0,1,A,C,3,N,E,I,B,H,A,D,N,33.769086,-118.120973
20011221,748,5,ATLANTIC,PLEASANT,N,B,4,0,2,2,A,C,4,N,C,D,B,H,A,D,N,33.847141,-118.184867
20011221,751,5,7,PARK AV,Y,B,4,0,2,3,A,C,9,N,D,C,B,H,A,D,N,33.775354,-118.137369
20011221,759,5,7,JUNIPERO AV,Y,B,4,0,1,2,A,C,10,N,G,B,B,H,A,A,N,33.775345,-118.163313
20011221,840,5,RT 405,WOODRUFF AV,N,B,0,0,0,2,A,C,3,N,C,C,B,H,A,D,N,33.813146,-118.115196
20011221,851,5,7,ROSWELL,N,B,0,0,0,2,A,C,4,N,C,C,B,H,A,D,N,33.775334,-118.143708
20011221,936,5,QUEENS WY,HARBOR PZ,N,C,0,0,0,1,A,C,3,N,F,A,B,H,A,D,N,33.775334,-118.193739
20011221,1030,5,RT 405,LAKEWOOD BL,N,B,0,0,0,1,A,C,3,N,E,I,B,H,A,D,N,33.843075,-118.142426
20011221,1040,5,ATLANTIC AV,SPRING,Y,C,4,0,4,3,A,C,9,N,D,C,B,H,A,A,N,33.81159,-118.185067
20011221,1042,5,PACIFIC AV,1,N,C,3,0,1,1,A,C,3,N,E,I,B,H,A,A,N,33.81159,-118.185067
20011221,1100,5,7,LOS ALTOS AV,Y,B,4,0,1,3,D,-,0,N,C,C,B,H,A,D,N,33.789847,-118.125261
20011221,1131,5,RT 710,6  BOFF/R,N,C,0,0,0,2,A,C,8,N,D,C,B,H,A,D,N,33.77005,-118.193739
20011221,1200,5,DEL AMO BL,DAISY AV,Y,B,4,0,1,2,A,C,9,N,D,C,B,H,A,A,N,33.846577,-118.198653
20011221,1210,5,RT 405,WOODRUFF AV,N,A,4,0,1,3,A,C,3,F,C,C,A,H,A,D,N,33.813146,-118.115196
20011221,1240,5,DEL AMO,CHERRY,N,C,0,0,0,2,A,C,7,N,B,C,B,H,A,A,N,33.846859,-118.167613
20011221,1310,5,NORWALK,TORIN,Y,C,1,1,1,3,A,C,9,N,D,C,B,H,A,D,N,33.820726,-118.071799
20011221,1326,5,VISTA,PARK AV,N,B,4,0,2,2,A,C,9,N,D,C,B,H,A,D,N,33.820726,-118.071799
20011221,1420,5,7,CHANNEL DR,N,B,0,0,0,2,A,C,3,N,C,C,B,H,A,D,N,33.77522,-118.119009
20011221,1543,5,ORANGE AV,56,N,B,0,0,0,2,A,C,7,M,B,E,A,H,A,D,N,33.766636,-118.177152
20011221,1550,5,SANTA FE AV,14,N,A,4,0,3,2,A,C,9,N,D,C,A,H,A,D,N,33.766636,-118.177152
20011221,1600,5,MARINA DR,2,N,C,0,0,0,2,A,C,3,M,C,C,B,H,A,A,N,33.757647,-118.113255
20011221,1604,5,PACIFC CST HWY,TERMINO,Y,B,0,0,0,3,A,C,5,N,B,C,B,H,A,A,N,33.789843,-118.145883
20011221,1622,5,WARDLOW,STEVELY,N,A,0,0,0,2,A,-,0,N,D,C,A,-,A,B,N,33.818875,-118.092725
20011221,1639,5,LAKEWOOD BL,23,Y,A,0,0,0,2,A,C,12,N,D,C,A,D,B,A,N,33.799705,-118.142775
20011221,1705,5,RT 405,PACIFIC AV,N,A,4,0,2,3,A,C,3,N,C,C,A,H,C,D,N,46.356782,-124.054189
20011221,1715,5,RT 405,RT 710,N,A,0,0,0,2,A,C,3,N,C,C,A,H,C,D,N,46.462508,-95.646979
20011221,1725,5,WILLOW,EARL AV,N,A,4,0,1,2,A,C,3,N,C,C,A,H,C,A,N,40.622881,-76.181566
20011221,1750,5,XIMENO,LOS COYOTES DIAG,Y,A,0,0,0,2,A,C,7,N,B,C,A,H,C,A,N,,-118.139567
20011221,1845,5,4,ALAMITOS AV,Y,A,4,0,1,2,A,C,9,N,A,C,A,H,C,A,N,33.766956,-118.182753
20011221,2150,5,BROADWAY  BOFF/R,RT 710 S,Y,B,3,0,1,1,D,-,0,N,E,I,B,H,C,D,N,33.77005,-118.193739
20011221,2303,5,W 3,DAISY AV,Y,A,4,0,2,4,A,C,1,N,D,C,A,H,C,A,Y,33.755697,-118.199385
20011222,15,6,ELLIOT,BOATHOUSE LN,N,A,0,0,0,1,A,C,21,N,E,I,A,H,C,D,N,33.764857,-118.124063
20011222,209,6,ATLANTIC AV,20,N,A,0,0,0,3,A,C,8,N,B,C,A,H,C,D,N,33.766923,-118.185024
20011222,209,6,E PACIFC CST HWY,PINE,N,A,0,0,0,1,A,C,1,M,E,I,B,H,C,A,Y,46.462508,-95.646979
20011222,424,6,LA VERNE,DIVISION,N,A,0,0,0,3,A,C,17,M,B,C,A,H,C,-,N,33.757729,-118.134501
20011222,705,6,RT 91,CHERRY AV,N,A,0,0,0,1,C,-,18,N,H,A,A,H,A,D,N,33.876334,-118.167205
20011222,755,6,RT 91,PARAMOUNT BL,N,A,0,0,0,5,A,C,3,N,C,C,A,H,A,D,N,33.876245,-118.162684
20011222,950,6,RT 91,CHERRY AV,N,A,0,0,0,2,A,C,3,N,C,C,A,H,A,D,N,33.876334,-118.167205
20011222,1136,6,PARAMOUNT BL,RT 91,Y,A,3,0,2,6,A,C,3,N,C,C,A,H,A,A,N,33.757729,-118.134501
20011222,1245,6,PALO VERDE AV,STEARNS,Y,A,4,0,1,2,D,-,0,F,G,B,A,H,A,-,N,33.795428,-118.107917
20011222,1300,6,15,REDONDO,N,A,0,0,0,2,D,-,0,M,A,E,A,H,A,D,N,33.78576,-118.152415
20011222,1300,6,STEARNS,BELLFLOWER,N,A,0,0,0,2,A,C,7,M,B,C,A,H,A,A,N,33.796022,-118.125239
20011222,1520,6,PACIFIC,19,N,A,0,0,0,2,A,C,8,N,D,C,A,H,A,A,N,33.78576,-118.152415
20011222,1617,6,BURNETT,LONG BCH BL,N,A,0,0,0,1,A,C,3,M,E,I,A,H,A,D,N,46.339873,-124.054592
20011222,1630,6,CHERRY AV,COVER,N,A,0,0,0,2,A,C,7,N,B,C,A,H,B,D,N,33.827687,-118.167526
20011222,1703,6,STEARNS,LOMINA,Y,A,0,0,0,2,A,C,9,N,D,C,A,H,A,D,N,33.827687,-118.167526
20011222,1814,6,ALY W,COLUMBIA,N,A,0,0,0,2,A,C,3,M,C,E,A,H,C,D,N,33.809124,-118.217672
20011222,1859,6,SANTA FE,WILLOW,Y,A,4,0,1,2,A,C,3,N,C,C,A,H,C,A,N,33.804314,-118.215382
20011222,1930,6,LONG BCH BL,ELLIS,Y,A,0,0,0,2,A,C,3,M,C,C,A,H,C,A,N,33.856735,-118.197467
20011222,1940,6,PACIFC CST HWYWY,MAGNOLIA,Y,A,3,0,1,2,A,C,9,F,A,C,A,H,B,A,N,33.789866,-118.198093
20011222,2039,6,LAKEWOOD BL,WARDLOW RD,N,A,0,0,0,2,D,-,0,M,D,C,A,H,C,D,N,33.818804,-118.139045
20011222,2300,6,E OCEAN,EAST OCEAN 300,N,A,0,0,0,2,A,C,1,M,H,C,A,H,C,D,Y,33.78985,-118.192407
20011222,2343,6,SHORELINE VLG DR,SHORELINE DR,N,A,0,0,0,2,A,C,1,N,C,C,A,H,C,A,Y,33.761949,-118.189346
20011223,134,7,SHORELINE DR,SHORELINE VLG DR,Y,A,0,0,0,2,A,C,21,N,G,B,A,H,C,D,Y,33.761949,-118.189346
20011223,154,7,CHERRY,MARKET,N,A,2,0,2,1,A,C,1,F,E,I,A,H,C,A,Y,33.761949,-118.167805
20011223,220,7,RT 710,WARDLOW RD OC,N,A,0,0,0,1,C,-,18,N,E,J,A,H,D,D,N,33.77005,-118.193739
20011223,235,7,RT 710,WILLOW,N,A,4,0,1,2,A,C,1,N,B,C,A,H,C,D,Y,33.77005,-118.193739
20011223,851,7,15,DAWSON AV,Y,B,0,0,0,2,A,C,7,N,B,C,A,H,A,D,N,33.77005,-118.165834
20011223,956,7,HARBOR SCENIC DR,WINDSOR WY,Y,A,4,0,1,1,A,C,3,N,H,A,A,H,A,A,N,33.750273,-118.18997
20011223,1110,7,E MARSHALL PL,CERRITOS AV,N,A,0,0,0,2,A,C,3,M,D,C,A,H,A,D,N,,
20011223,1131,7,LONG BCH BL,CREST DR,Y,A,0,0,0,2,A,C,8,N,D,C,A,H,A,A,N,33.816904,-118.18923
20011223,1139,7,67,E MURIEL,N,A,2,0,1,1,A,C,3,N,H,A,A,H,A,D,N,33.876843,-118.200554
20011223,1307,7,ARTESIA,BUTLER,Y,A,0,0,0,3,A,C,12,M,D,C,A,H,A,A,N,33.87435,-118.196925
20011223,1324,7,7,GARDINIA AV,N,A,0,0,0,2,A,C,3,N,C,C,A,H,A,D,N,33.87435,-118.196925
20011223,1445,7,NORMAN CT,11,N,A,3,0,1,2,A,C,11,N,G,B,A,H,A,D,N,33.775343,-118.175692
20011223,1704,7,6,PINE AV,Y,A,0,0,0,2,A,C,8,M,B,C,A,H,B,A,N,33.774121,-118.192392
20011223,1705,7,PACIFIC AV,OCEAN BL,Y,A,0,0,0,4,A,C,8,M,B,C,A,H,B,A,N,33.767163,-118.193727
20011223,2048,7,70,MYRTLE,Y,A,4,0,3,2,A,C,1,N,D,C,A,H,C,A,Y,33.854386,-118.181828
20011223,2200,7,CARSON,LOS COYOTES DIAG,Y,A,0,0,0,2,A,C,21,M,C,C,A,H,C,A,N,33.832134,-118.098846
20011223,2230,7,4,ST LOUIS,N,A,0,0,0,2,A,C,7,M,B,E,A,H,C,D,N,33.771718,-118.166662
20011223,2234,7,WILLOW,PALO VERDE AV,Y,A,4,0,2,2,A,C,9,N,A,C,A,H,C,A,N,33.803149,-118.107912
20011223,2310,7,REDONDO AV,BROADWAY,Y,A,0,0,0,2,D,-,0,N,D,C,A,H,C,A,N,33.764438,-118.152414
20011223,2359,7,RT 710,RT 405/RT 710 SBTR,N,A,3,0,1,1,A,C,8,N,E,I,A,H,C,D,N,33.77005,-118.193739
20011224,150,1,RT 710,RT 405,N,A,0,0,0,2,A,C,7,M,B,C,A,H,C,D,N,33.77005,-118.193739
20011224,505,1,56,LONG BCH BL,N,A,0,0,0,1,A,C,21,M,E,I,A,H,C,D,N,33.789867,-118.185018
20011224,745,1,WILLOW,GOLDEN AV,Y,A,0,0,0,2,-,-,0,M,D,C,A,H,A,A,N,33.804332,-118.202405
20011224,940,1,JUNIPERO AV,14,Y,A,0,0,0,2,D,-,0,N,B,C,A,H,A,D,N,33.764516,-118.166511
20011224,1027,1,7,PEPPER TREE LN,Y,A,0,0,0,2,A,C,17,N,D,C,A,H,A,A,N,33.77414,-118.108707
20011224,1033,1,BROADWAY,CERRITOS AV,N,A,0,0,0,2,A,C,17,N,B,E,A,H,A,D,N,33.76869,-118.178639