COLLISION_DATE,COLLISION_TIME,DAY_OF_WEEK,PRIMARY_RD,SECONDARY_RD,INTERSECTION,WEATHER_1,COLLISION_SEVERITY,NUMBER_KILLED,NUMBER_INJURED,PARTY_COUNT,PRIMARY_COLL_FACTOR,PCF_CODE_OF_VIOL,PCF_VIOL_CATEGORY,HIT_AND_RUN,TYPE_OF_COLLISION,MVIW,ROAD_SURFACE,ROAD_COND_1,LIGHTING,CONTROL_DEVICE,ALCOHOL_INVOLVED,LATITUDE,LONGITUDE
20020209,1514,6,DAIRY AV,55TH ST,N,A,4,0,1,2,-,-,- ,N,G,B,A,H,A,D,N,33.855929,-118.193872
20020209,1517,6,MIRAMAR AV,MIRAMAR AV 1118,-,A,0,0,0,2,-,-,- ,N,B,E,A,H,C,D,N,34.05074,-118.557142
20020209,1605,6,CERRITOS AV,59TH ST,Y,A,0,0,0,2,A,-,9,N,D,C,A,H,A,A,N,33.77005,-118.193739
20020209,1813,6,PACIFIC COAST HWY,MYRTLE AV,Y,A,0,0,0,2,A,-,3,N,C,C,A,H,C,D,N,33.789855,-118.181778
20020209,1935,6,RT 91,PARAMOUNT BL,N,A,0,0,0,2,A,-,3,M,C,C,A,H,D,A,N,33.876245,-118.162684
20020209,1935,6,SANTA FE AV,LIGT POLE KD1494,N,A,4,0,4,3,A,-,7,N,D,C,A,H,C,D,N,33.77005,-118.193739
20020209,2320,6,RT 405,RT 710,N,A,3,0,5,4,A,-,8,N,D,C,A,H,D,D,Y,46.462508,-95.646979
20020209,2330,6,PACIFIC COAST HWY,TRAFFIC CIR,Y,A,0,0,0,2,A,-,1,N,C,C,A,H,C,D,Y,46.462508,-95.646979
20020209,2345,6,RT 405,RT 710,N,A,4,0,1,3,A,-,3,N,C,C,A,H,C,D,N,46.462508,-95.646979
20020210,40,7,CHERRY AV,DEL AMO BL,N,A,0,0,0,2,A,-,3,F,C,C,A,H,C,A,N,33.846859,-118.167613
20020210,626,7,CHESTNUT AV,9TH ST,N,A,0,0,0,2,-,-,- ,M,B,C,A,H,D,D,Y,33.777756,-118.196349
20020210,1047,7,PACIFIC COAST HWY,ROSE AV,N,G,4,0,1,4,A,-,8,N,C,E,A,H,A,D,N,33.789858,-118.169818
20020210,1130,7,RT 710,PACIFIC COAST HWY,N,A,0,0,0,1,A,-,3,N,E,I,A,D,A,D,N,33.789863,-118.166885
20020210,1300,7,OBISPO,8TH,-,A,0,0,0,2,-,-,- ,N,H,E,A,H,A,D,N,33.777166,-118.154588
20020210,1330,7,RT 91,SUSANA RD,N,A,3,0,1,1,A,-,8,N,E,I,A,H,A,D,N,33.862996,-118.204122
20020210,1350,7,WILLOW AV,WOODRUFF AV,Y,A,3,0,1,2,A,-,8,N,A,C,A,H,A,A,N,33.862996,-118.204122
20020210,1630,7,RT 405,SANTA FE AV,N,A,4,0,1,2,A,-,3,N,C,C,A,H,A,D,N,33.807295,-118.215507
20020210,1718,7,LAKEWOOD BL,OUTER TRAFFIC CIR,-,A,0,0,0,2,A,-,0,M,D,C,A,-,A,D,N,33.791542,-118.142661
20020210,1733,7,COVINA AV,THE TOLEDO,N,A,3,0,1,3,A,-,3,N,B,E,A,H,B,D,N,33.762577,-118.132413
20020210,2242,7,CLARK AV,GARFORD,Y,A,0,0,0,2,A,-,9,N,D,C,A,H,C,D,N,33.792062,-118.134026
20020210,2323,7,CARSON ST,RT 605,Y,A,3,0,1,2,A,-,12,N,D,C,A,H,C,A,N,33.831761,-118.184845
20020211,217,1,RT 710,6TH ST,N,A,0,0,0,1,A,-,1,N,E,I,A,H,C,D,Y,33.789863,-118.166885
20020211,500,1,RT 710,LONG BEACH BL,N,A,0,0,0,1,A,-,8,N,E,I,A,H,D,D,N,33.823693,-118.189369
20020211,604,1,W PACIFIC COAST HWY,W PACIFIC COAST HWY LOT 2130,-,A,0,0,0,1,A,-,7,M,E,I,A,H,A,D,N,33.804499,-118.151349
20020211,800,1,RT 405,WOODRUFF AV,N,A,0,0,0,2,A,-,3,N,C,C,A,H,A,D,N,33.813146,-118.115196
20020211,809,1,BROADWAY,MAGNOLIA AV,N,A,0,0,0,2,A,-,7,N,B,C,A,H,A,D,N,33.986332,-118.050298
20020211,900,1,WILLOW,REDONDO,Y,A,0,0,0,2,-,-,- ,N,C,C,A,H,A,A,N,33.804499,-118.151349
20020211,915,1,PALO VERDE,MARITA,Y,A,4,0,1,2,A,-,8,N,D,C,A,H,A,D,N,33.803249,-118.099274
20020211,1024,1,ULTIMO AV,7TH ST,N,A,0,0,0,2,A,-,8,N,B,E,A,H,A,A,N,33.775368,-118.12417
20020211,1031,1,21ST ST,LEMON AV,N,A,4,0,1,1,A,-,3,N,E,I,A,H,A,D,N,33.796003,-118.121453
20020211,1217,1,LONG BEACH BL,ANAHEIM ST,Y,A,0,0,0,2,-,-,- ,N,C,C,A,H,A,D,N,33.782605,-118.189258
20020211,1242,1,WARDLOW RD,MYRTLE AV,Y,A,4,0,3,2,A,-,9,N,D,C,A,H,A,D,N,33.854301,-118.181581
20020211,1310,1,STUDEBAKER RD,WILLOW,Y,A,3,0,1,2,A,-,- ,N,G,G,A,H,A,A,N,33.803249,-118.099274
20020211,1315,1,RT 710,ANAHEIM RD,N,A,3,0,1,1,A,-,3,N,F,A,A,H,A,D,N,33.780638,-118.12548
20020211,1345,1,ATLANTIC AV,DEL AMO BL,N,A,0,0,0,2,A,-,3,M,C,C,A,H,A,A,N,33.845292,-118.18488
20020211,1413,1,MAGNOLIA AV,15TH ST,Y,A,3,0,1,2,A,-,10,F,G,B,A,H,A,D,N,33.775368,-118.12417
20020211,1415,1,SAN ANSELINE,STEARNS,Y,A,0,0,0,2,A,-,3,M,C,C,A,H,A,D,N,33.796003,-118.121453
20020211,1509,1,REDONDO AV,PACIFIC COAST HWY,N,A,0,0,0,2,A,-,3,N,C,C,A,H,A,A,N,33.789853,-118.152439
20020211,1605,1,RT 405,BELLFLOWER BL,N,A,4,0,1,2,A,-,3,N,C,C,A,H,A,D,N,33.769086,-118.120973
20020211,1708,1,PARK ST,GRANT ST,N,A,0,0,0,2,A,-,8,N,D,C,A,H,A,D,N,33.78985,-118.19239
20020211,1728,1,PACIFIC COAST HWY,LEMON,Y,A,4,0,1,2,A,-,1,N,C,C,A,H,A,D,N,33.789858,-118.178418
20020211,1730,1,WARDLOW RD,ATLANTIC AV,Y,A,4,0,1,2,D,-,0,N,G,B,A,H,A,-,N,33.780638,-118.12548
20020211,1806,1,WARDLOW RD,ATLANTIC AV,Y,A,4,0,1,2,A,-,10,N,B,B,A,H,C,A,N,33.81891,-118.185015
20020211,1808,1,RT 405,WALNUT AV,N,A,0,0,0,2,A,-,3,N,C,C,A,H,D,D,N,33.811666,-118.171975
20020211,1817,1,PARK AV,APPIAN WY,N,A,0,0,0,1,D,-,0,M,E,I,A,H,C,A,N,33.789854,-118.137202
20020211,1830,1,MARKET ST,LOCUST AV,Y,A,4,0,1,2,A,-,11,N,G,B,A,H,C,A,N,33.789858,-118.178418
20020211,2150,1,CLARK ST,WILLOW AV,Y,A,4,0,1,2,A,-,12,N,D,A,A,H,C,A,N,33.785835,-118.198077
20020211,2230,1,LONG BEACH BL,BROADWAY,Y,A,0,0,0,2,A,-,12,N,B,C,A,H,C,A,N,33.769277,-118.189493
20020211,2308,1,PACIFIC COAST HWY,OLIVE AV,N,A,0,0,0,2,A,-,4,M,C,C,A,H,C,D,N,33.803229,-118.133871
20020211,2335,1,LINDEN AV,35TH ST,N,A,0,0,0,2,A,-,7,M,B,C,A,H,C,D,N,,
20020212,525,2,PALOS VERDES AV,DELEON ST,Y,A,3,0,1,2,A,-,9,N,D,C,A,H,C,A,N,33.783842,-118.108009
20020212,630,2,RT 405,PALO VERDE AV,N,A,0,0,0,2,A,-,3,N,C,C,A,H,A,D,N,33.80501,-118.107912
20020212,730,2,RT 710,WILLOW ST,N,A,0,0,0,6,A,-,3,M,C,C,A,D,A,D,N,33.77005,-118.193739
20020212,755,2,RT 405,CHERRY AV,N,A,0,0,0,3,A,-,3,N,C,C,A,H,A,D,N,33.82317,-118.167726
20020212,810,2,RT 710,LONG BEACH BL,N,A,0,0,0,2,A,-,7,N,B,C,A,H,A,D,N,33.823693,-118.189369
20020212,840,2,RT 405,STUDEBAKER RD,N,A,0,0,0,3,A,-,3,N,C,C,A,H,A,D,N,33.791446,-118.099621
20020212,1030,2,ORANGE AV,37TH ST,Y,A,0,0,0,2,-,-,- ,N,D,C,A,H,A,A,N,33.784862,-118.14914
20020212,1230,2,RT 91,LONG BEACH BL,N,A,3,0,2,2,A,-,5,N,D,G,A,H,A,A,N,33.873156,-118.200648
20020212,1354,2,7TH ST,CHANNEL DR,Y,A,0,0,0,2,A,-,12,N,D,C,A,H,A,A,N,33.818859,-118.107822
20020212,1527,2,WARDLOW,PALO VERDE,Y,A,4,0,1,2,A,-,12,N,-,C,A,H,A,A,N,33.818859,-118.107822
20020212,1626,2,14TH ST,EUCLID,N,A,0,0,0,2,D,-,0,F,-,E,A,H,A,D,N,33.80501,-118.14914
20020212,1715,2,CHERRY,32ND ST,N,A,4,0,1,3,A,-,6,N,D,C,A,H,A,D,N,46.373508,-118.167686
20020212,1747,2,ANAHEIM ST,ELM AV,Y,A,4,0,1,2,A,-,3,N,C,C,A,H,C,D,N,33.783842,-118.108009
20020212,2049,2,6TH ST,REDONDO AV,N,A,0,0,0,2,A,-,1,N,B,C,A,H,C,D,Y,40.74988,-118.152421
20020212,2228,2,PACIFIC AV,28TH ST,Y,A,4,0,1,2,A,-,9,N,D,C,A,H,D,D,N,33.873156,-118.200648
20020213,459,3,NORWALK BL,WARDLOW,Y,A,1,1,1,2,D,-,0,N,D,C,A,H,C,A,N,33.787129,-118.191731
20020213,543,3,RT 710,WILLOW ST,N,A,0,0,0,5,A,-,3,M,C,C,A,D,D,A,N,33.77005,-118.193739
20020213,545,3,RT 710,WILLOW ST,N,B,0,0,0,2,A,-,3,N,C,C,A,D,A,D,N,33.77005,-118.193739
20020213,700,3,W 68TH ST,LONG BEACH BL,N,A,0,0,0,2,A,-,8,M,E,I,A,H,A,D,Y,33.877685,-118.203821
20020213,810,3,PARAMOUNT BL,SOUTH ST,N,A,0,0,0,2,A,-,15,N,C,E,A,H,A,D,N,33.789906,-118.159853
20020213,825,3,RT 405,WOODRUFF AV,N,B,4,0,1,3,A,-,3,F,C,C,B,H,A,D,N,33.813146,-118.115196
20020213,830,3,RT 405,WOODRUFF AV,N,A,3,0,1,1,C,-,18,N,E,J,A,H,A,D,N,33.813146,-118.115196
20020213,913,3,RT 91,CHERRY AV,N,A,0,0,0,3,A,-,3,N,C,C,A,H,A,D,N,33.876334,-118.167205
20020213,929,3,ALAMITAS AV,15TH,-,A,0,0,0,2,A,-,8,N,D,C,A,H,A,D,N,33.786234,-118.176847
20020213,948,3,LINDEN,SEASIDE,N,A,0,0,0,3,-,-,- ,N,H,C,A,H,A,A,N,33.765469,-118.184141
20020213,1000,3,BROADWAY AV,CHESTNUT,Y,A,0,0,0,2,A,-,8,M,B,C,A,H,A,D,N,33.864882,-118.200006
20020213,1018,3,16TH ST,TRIBUNE CT,Y,A,4,0,1,2,A,-,0,N,D,C,A,H,A,D,N,33.787129,-118.191731
20020213,1115,3,RT 605,ORANGE CO LINE,N,A,3,0,1,1,A,-,8,N,E,I,A,H,A,D,N,33.77005,-118.193739
20020213,1115,3,RT 710,RT 405,N,A,0,0,0,3,A,-,3,M,C,C,A,H,A,D,N,33.77005,-118.193739
20020213,1115,3,RT 710,WILLOW ST,N,A,0,0,0,2,D,-,0,N,B,C,A,H,A,D,N,33.77005,-118.193739
20020213,1118,3,PACIFIC COAST HWY,CASPIAN AV,N,A,0,0,0,2,A,-,8,N,D,C,A,H,A,D,N,33.786234,-118.176847
20020213,1210,3,ATLANTIC AV,46TH ST,Y,B,0,0,0,2,D,-,0,N,D,C,A,H,A,A,N,33.842656,-118.185027
20020213,1430,3,RT 710,CARSON ST,N,A,0,0,0,2,A,-,3,N,D,C,A,H,A,D,N,33.832262,-118.135654
20020213,1450,3,RT 405,PALO VERDE AV,N,A,0,0,0,3,A,-,3,N,C,C,A,H,A,D,N,33.80501,-118.107912
20020213,1528,3,TEMPLE,15TH ST,N,A,0,0,0,2,A,-,8,N,C,C,A,H,A,D,N,33.78623,-118.158946
20020213,1530,3,ATLANTIC AV,CARSON,Y,A,0,0,0,2,A,-,12,M,A,C,A,H,A,A,Y,33.831747,-118.185071
20020213,1750,3,RT 91,LONG BEACH BL,N,A,4,0,2,3,A,-,3,N,C,C,A,H,C,D,N,33.873156,-118.200648
20020213,1811,3,PACIFIC COAST HWY,HAYES,N,B,3,0,1,3,A,-,3,N,C,C,A,H,C,D,N,33.874696,-118.17302
20020213,1813,3,WALNUT AV,ARTESIA BL,N,A,0,0,0,2,A,-,12,M,B,C,A,H,C,A,N,33.817565,-118.17302
20020213,1839,3,CLARK AV,ATHERTON ST,Y,A,0,0,0,2,A,-,9,N,D,C,A,H,C,A,N,33.831302,-118.087846
20020213,1900,3,BELLFLOWER BL,STEARNS ST,N,A,0,0,0,2,A,-,9,N,D,C,A,H,C,D,N,33.796022,-118.125239
20020213,1957,3,CARSON ST,NECTAR,-,-,0,0,0,2,A,-,3,N,C,C,-,-,-,A,N,,-118.087846
20020213,2023,3,SOUTH ST,BRAYTON AV,Y,A,4,0,2,2,A,-,3,F,C,C,A,H,C,D,N,33.769267,-118.19638
20020213,2119,3,ANAHEIM ST,CHERRY AV,N,A,0,0,0,2,A,-,7,M,B,C,A,H,C,D,N,33.782604,-118.167652
20020213,2220,3,RT 405,CHERRY AV,N,A,0,0,0,2,A,-,3,N,C,C,A,H,C,D,N,33.82317,-118.167726
20020213,2307,3,LONG BEACH BL,VICTORIA ST,Y,A,4,0,1,2,D,-,0,N,D,C,A,H,C,A,N,33.860173,-118.200006
20020214,315,4,CHERRY AV,RT 91,N,A,0,0,0,2,A,-,8,N,B,C,A,H,C,A,N,33.876334,-118.167205
20020214,323,4,PARK,PACIFIC COAST HWY,N,A,4,0,2,1,A,-,1,N,E,I,A,H,C,A,Y,33.813146,-118.115196
20020214,350,4,RT 605,CARSON ST,N,A,0,0,0,2,A,-,7,M,B,C,C,H,C,D,N,33.832262,-118.135654
20020214,505,4,RT 405,BELLFLOWER BL,N,A,0,0,0,2,A,-,3,M,C,C,A,H,D,D,N,33.769086,-118.120973
20020214,618,4,ANAHEIM RD,OBISPO AV,Y,A,0,0,0,2,A,-,12,N,D,C,A,H,C,A,N,33.818916,-118.15458
20020214,640,4,MAINE AV,19TH ST,Y,A,0,0,0,2,A,-,12,N,D,C,A,H,A,D,N,33.79167,-118.200593
20020214,745,4,RT 710,RT 1,N,A,0,0,0,2,A,-,3,N,C,C,A,H,A,D,N,33.77005,-118.193739
20020214,800,4,CARSON ST,CALIFORNIA AV,N,A,0,0,0,3,A,-,8,N,B,E,A,H,A,D,N,33.797119,-118.189269
20020214,825,4,7TH ST,MARTIN LUTHER KING JR AV,Y,A,0,0,0,2,D,-,0,N,D,C,A,H,A,A,N,33.79167,-118.200593
20020214,850,4,WARDLOW RD,ORANGE,Y,A,4,0,2,2,D,-,0,N,D,C,A,H,A,A,N,33.818916,-118.176327
20020214,905,4,RT 91,ATLANTIC AV,N,A,0,0,0,2,A,-,7,N,B,C,A,H,A,D,N,33.874843,-118.193412
20020214,920,4,PINE AV,12TH ST,N,A,4,0,1,2,A,-,21,N,G,B,A,H,A,D,N,33.818979,-118.189257
20020214,930,4,LONG BEACH BL,WARDLOW RD,N,D,0,0,0,2,D,-,0,N,B,C,A,H,A,D,N,33.818979,-118.189257
20020214,1011,4,LONG BEACH BL,HILL ST,Y,A,0,0,0,2,-,-,- ,N,A,C,A,H,A,A,N,33.797119,-118.189269
20020214,1046,4,ATLANTIC AV,MARKET ST,Y,A,0,0,0,2,A,-,12,N,D,C,A,H,A,A,N,33.831761,-118.184845
20020214,1134,4,PALO VERDE,STEARNS,Y,A,0,0,0,2,A,-,9,N,D,C,A,H,A,A,N,33.795428,-118.107917
20020214,1201,4,2ND ST,ORIZABA AV,Y,A,0,0,0,2,A,-,9,N,D,C,A,H,A,A,N,33.77535,-118.180686
20020214,1452,4,BELLFLOWER BL,ARBOR,-,A,0,0,0,4,A,-,3,N,C,C,A,H,A,A,N,33.843024,-118.12518
20020214,1510,4,CHERRY AV,33RD ST,Y,A,0,0,0,2,-,-,- ,N,D,C,A,H,A,D,N,33.817106,-118.167575
20020214,1655,4,CARSON ST,RT 605,Y,A,4,0,1,2,A,-,12,N,D,C,A,H,C,A,N,33.831761,-118.184845
20020214,1658,4,SPRING ST,SAN ANSELINE AV,Y,A,3,0,1,2,A,-,9,N,A,C,A,H,A,D,N,33.810474,-118.121482
20020214,1700,4,GAVIOTA AV,4TH ST,N,A,0,0,0,2,-,-,- ,N,B,E,A,H,A,D,N,42.558428,-70.880049
20020214,1725,4,RT 605,ORANGE COUNTY LINE,N,A,0,0,0,5,A,-,3,N,C,C,A,H,B,D,N,33.77533,-118.141552
20020214,1727,4,APPIAN WY,ATTICA DR,N,A,0,0,0,1,A,-,3,N,A,-,A,H,B,D,N,33.758035,-118.120847
20020214,1750,4,70TH ST,OBISPO AV,Y,A,0,0,0,2,A,-,12,N,B,I,A,H,C,D,N,,
20020214,1926,4,XIMENO AV,7TH ST,N,A,3,0,1,3,A,-,3,N,C,C,A,H,C,A,N,33.77533,-118.141552
20020214,1942,4,ORANGE AV,SAN ANTONIO DR,-,A,0,0,0,2,A,-,8,M,A,C,A,H,C,A,N,33.841566,-118.176305
20020214,2058,4,LOS COYOTES DIAGONAL,BEVERLY PLZ WY,Y,A,0,0,0,2,A,-,21,N,H,E,A,H,A,D,N,33.810474,-118.121482
20020214,2225,4,CHERRY AV,RT 405,N,A,4,0,1,1,A,-,8,N,F,A,A,H,D,D,N,33.769086,-118.120973
20020215,530,5,RT 47,FERRY ST,N,A,0,0,0,1,A,-,8,M,E,I,A,H,C,D,N,33.789856,-118.163304
20020215,530,5,RT 91,DOWNEY AV,N,A,4,0,1,2,A,-,3,N,C,C,A,H,C,D,N,33.87677,-118.153649
20020215,545,5,7TH ST,DAISY,Y,A,0,0,0,2,A,-,10,N,G,B,A,H,C,A,N,33.786224,-118.155666
20020215,600,5,RT 91,PARAMOUNT BL,N,B,0,0,0,2,A,-,7,N,B,C,A,G,C,D,N,33.876245,-118.162684
20020215,630,5,25TH ST,MAGNOLIA AV,Y,A,4,0,1,2,D,-,0,N,G,B,A,H,B,D,N,33.876334,-118.167205
20020215,710,5,CARSON ST,RT 605,N,A,0,0,0,2,A,-,11,N,G,B,A,D,A,A,N,33.831761,-118.184845
20020215,955,5,PACIFIC COAST HWY,LOYNES DR,Y,A,4,0,2,2,A,-,9,N,D,C,A,H,A,A,N,33.767271,-118.116958
20020215,1000,5,ORANGE AV,36TH ST,Y,A,3,0,2,2,A,-,9,N,D,C,A,H,A,A,N,33.822143,-118.176318
20020215,1100,5,FREEMAN AV,15TH ST,N,A,4,0,1,3,A,-,7,N,B,C,A,H,A,D,N,33.822143,-118.176318
20020215,1121,5,PINE AV,4TH ST,Y,A,4,0,1,2,A,-,5,N,-,G,A,H,A,D,N,,
20020215,1209,5,7TH ST,ORIZABA AV,N,A,4,0,1,2,A,-,4,N,C,C,A,H,A,D,N,33.775333,-118.199381
20020215,1445,5,RT 710,LONG BEACH BL,N,A,0,0,0,2,A,-,7,M,B,C,A,H,A,D,N,33.823693,-118.189369
20020215,1448,5,MOLINO AV,2ND ST,Y,A,0,0,0,2,A,-,12,N,D,C,A,H,A,A,N,33.77506,-118.111726
20020215,1505,5,RT 710,AVENUE PICO,N,A,0,0,0,2,A,-,7,M,C,C,A,H,A,D,N,33.761772,-118.205906
20020215,1517,5,PACIFIC COAST HWY,LONG BEACH BL,N,A,4,0,1,2,A,-,3,N,C,C,A,H,A,A,N,33.789852,-118.189507
20020215,1610,5,RT 91,CHERRY AV,N,A,0,0,0,1,C,-,18,N,E,J,A,B,A,D,N,33.876334,-118.167205
20020215,1708,5,ALAMITOS AV,ORANGE AV,Y,A,0,0,0,2,A,-,9,N,D,C,A,H,A,D,N,33.791251,-118.176312
20020215,1812,5,PACIFIC COAST HWY,JUNIPERO AV,Y,A,0,0,0,2,D,-,0,N,D,C,A,H,B,A,N,33.789856,-118.163304
20020215,1823,5,7TH ST,MARGO AV,N,A,0,0,0,2,A,-,3,N,C,C,A,H,C,D,N,33.77171,-118.1924
20020215,1843,5,ORANGE AV,SAN ANTONIO DR,N,A,0,0,0,2,A,-,4,N,C,C,A,H,C,D,N,33.841566,-118.176305
20020215,1907,5,RT 405,RT 710,N,A,0,0,0,2,A,-,3,M,C,C,A,H,C,D,N,46.462508,-95.646979
20020215,2130,5,HILL ST,LONG BEACH BL,Y,B,4,0,2,2,D,-,0,N,D,C,A,H,C,A,N,33.765227,-118.160725
20020215,2155,5,RT 91,ATLANTIC AV,N,A,0,0,0,2,A,-,3,M,C,C,A,H,C,D,N,33.874843,-118.193412
20020215,2158,5,RT 91,ATLANTIC AV,N,A,0,0,0,2,A,-,3,M,C,C,A,H,C,D,N,33.874843,-118.193412
20020215,2304,5,PALO VERDE AV,S ATHERTON,N,A,4,0,3,2,A,-,8,N,D,C,A,H,C,A,Y,33.77005,-118.193739
20020215,2322,5,PACIFIC COAST HWY,2ND ST,-,A,0,0,0,2,A,-,3,N,C,C,A,H,C,A,Y,33.788755,-118.107954
20020216,50,6,PACIFIC COAST HWY,ANAHEIM ST,Y,B,4,0,2,2,A,-,12,N,D,C,A,H,C,A,Y,33.775346,-118.193781
20020216,140,6,PACIFIC AV,7TH ST,-,A,0,0,0,1,A,-,8,M,E,I,A,H,C,A,Y,33.775355,-118.185042
20020216,311,6,7TH ST,ATLANTIC AV,N,A,0,0,0,2,D,-,0,M,C,C,A,H,C,D,Y,39.577948,-74.225968
20020216,427,6,XIMENO AV,RANSOM ST,N,A,3,0,1,1,E,-,24,N,A,I,A,H,C,D,N,33.786308,-118.141261
20020216,917,6,TRAFFIC CIR,PACIFIC COAST HWY,Y,A,0,0,0,1,A,-,3,N,F,J,A,H,A,A,N,46.356782,-124.054189
20020216,1133,6,WILLOW ST,STUDEBAKER RD,N,B,4,0,1,2,A,-,9,N,D,C,A,H,A,A,N,33.803249,-118.099274
20020216,1329,6,21ST ST,PASADENA AV,Y,A,0,0,0,1,A,-,8,N,E,I,A,H,A,D,N,33.803277,-118.144357
20020216,1330,6,RT 405,PACIFIC AV,N,A,0,0,0,2,A,-,7,N,B,C,A,H,A,D,N,46.356782,-124.054189
20020216,1640,6,WILLOW ST,BELMONT AV,N,A,0,0,0,2,-,-,- ,N,H,C,A,H,A,D,N,33.803249,-118.144357
20020216,1755,6,36TH ST,INDUSTRY AV,N,A,0,0,0,1,A,-,3,N,E,I,A,H,C,D,N,33.822083,-118.165628
20020216,1923,6,ATLANTIC,25TH ST,N,B,0,0,0,2,A,-,7,M,B,E,A,H,D,D,Y,33.782595,-118.191495
20020216,1927,6,7TH ST,BELLFLOWER,N,B,0,0,0,2,A,-,3,N,C,C,A,H,D,D,Y,33.775248,-118.121193
20020216,1943,6,ANAHEIM ST,LOCUST AV,Y,A,0,0,0,2,A,-,9,N,D,C,A,H,C,A,Y,33.775334,-118.191495
20020216,2006,6,CHERRY AV,3RD ST,Y,B,0,0,0,2,D,-,0,N,D,C,A,H,C,A,N,33.789863,-118.167666
20020216,2021,6,DOWNEY,ARTESIA,Y,B,3,0,1,2,A,-,10,N,G,B,A,H,C,A,N,33.874726,-118.15129
20020216,2221,6,LOS ALAMITOS TRAFFIC CIR,PACIFIC COAST HWY,Y,B,4,0,1,2,A,-,8,M,B,C,A,H,C,D,N,33.789863,-118.166885
20020217,43,7,RT 710,DEL AMO BL,N,C,4,0,2,2,A,-,3,M,C,C,B,H,C,D,N,33.847073,-118.13081
20020217,518,7,OSGOOD ST,PINE,N,C,0,0,0,2,A,-,7,M,C,E,B,H,C,D,N,33.848688,-118.193739
20020217,845,7,RT 405,TEMPLE AV,N,B,0,0,0,1,A,-,3,N,E,I,B,H,A,D,N,34.145957,-118.417898
20020217,900,7,7TH ST,FEDERATION AV,Y,B,0,0,0,2,A,-,4,M,C,C,B,H,A,A,N,33.775326,-118.134723
20020217,1018,7,ATLANTIC AV,BURNETT ST,Y,B,0,0,0,2,A,-,- ,N,B,C,A,H,A,A,N,33.800746,-118.185019
20020217,1025,7,RT 405,ATLANTIC AV,N,B,0,0,0,2,A,-,21,N,C,C,A,H,A,A,N,39.576654,-74.226897
20020217,1027,7,E OCEAN,7TH PL,N,B,0,0,0,4,A,-,7,N,B,E,B,H,A,D,N,33.765494,-118.176045
20020217,1242,7,PACIFIC COAST HWY,ATLANTA AV,Y,C,4,0,1,2,A,-,9,N,D,C,B,H,A,A,N,33.753819,-118.10723
20020217,1255,7,RT 605,CARSON ST,N,C,3,0,2,2,A,-,7,N,B,C,B,H,-,D,N,33.832262,-118.135654
20020217,1314,7,RT 710,OCEAN BL,N,B,4,0,1,1,A,-,3,N,E,I,B,H,A,D,Y,33.766881,-118.206761
20020217,1430,7,CERRITOS AV,59TH ST,N,B,0,0,0,2,A,-,21,N,H,C,A,H,A,D,N,33.861907,-118.178232
20020217,1444,7,ATLANTIC AV,HILL ST,Y,A,0,0,0,2,A,-,12,M,D,C,A,H,A,A,N,33.7623,-118.152256
20020217,1615,7,RT 710,PACIFIC COAST HWY,N,B,0,0,0,1,A,-,7,N,E,I,A,D,A,D,N,33.789863,-118.166885
20020217,1705,7,1ST ST,ALAMITOS,N,A,0,0,0,2,A,-,7,N,B,C,A,H,A,D,N,33.768083,-118.182399
20020217,1800,7,ARTESIA,ORANGE,Y,A,0,0,0,2,A,-,3,N,C,C,A,H,C,A,Y,33.874675,-118.177374
20020217,1838,7,PACIFIC COAST HWY,PACIFIC AV,Y,A,2,0,1,2,A,-,12,N,G,B,A,H,C,A,N,33.847073,-118.13081
20020217,1840,7,MAGNOLIA AV,LOMA VISTA,N,A,3,0,1,2,A,-,5,F,A,C,A,H,C,A,Y,33.766881,-118.198049
20020217,1840,7,RT 405,CHERRY AV,N,A,0,0,0,2,A,-,3,N,C,C,A,H,C,D,N,33.82317,-118.167726
20020217,1843,7,PACIFIC COAST HWY,STUDEBAKER RD,N,B,0,0,0,2,A,-,3,N,C,C,A,H,C,A,N,33.753819,-118.10723
20020217,2010,7,REDONDO AV,1ST AV,N,A,4,0,1,2,A,-,3,F,C,C,A,H,C,A,N,,
20020217,2055,7,VIA VERANADA,VIA BAROLA,N,A,0,0,0,3,D,-,0,N,D,E,B,H,C,D,N,33.797124,-118.185032
20020217,2153,7,ANAHEIM,COTA,-,C,0,0,0,1,D,-,0,N,E,I,B,H,C,D,N,33.782688,-118.216558
20020217,2155,7,RT 710,RT 405,N,A,3,0,1,1,A,-,1,N,E,J,A,H,C,A,Y,33.77005,-118.193739
20020217,2158,7,WILLOW ST,GOLDEN AV,N,A,4,0,1,2,A,-,3,N,C,C,A,H,C,D,N,33.804332,-118.202405